[
  {
    "frequency": 1,
    "overriddenMethods": []
  },
  {
    "frequency": 5,
    "overriddenMethods": [
      "Ljavax/swing/text/AbstractDocument.remove(II)V",
      "Ljavax/swing/text/PlainDocument.insertString(ILjava/lang/String;Ljavax/swing/text/AttributeSet;)V"
    ]
  },
  {
    "frequency": 35,
    "overriddenMethods": [
      "Ljavax/swing/text/PlainDocument.insertString(ILjava/lang/String;Ljavax/swing/text/AttributeSet;)V"
    ]
  },
  {
    "frequency": 1,
    "overriddenMethods": [
      "Ljava/lang/Object.toString()Ljava/lang/String;"
    ]
  }
]