[
  {
    "frequency": 1,
    "overriddenMethods": []
  },
  {
    "frequency": 2,
    "overriddenMethods": [
      "Ljavax/swing/text/PlainView.drawUnselectedText(Ljava/awt/Graphics;IIII)I",
      "Ljavax/swing/text/PlainView.getTabSize()I"
    ]
  },
  {
    "frequency": 1,
    "overriddenMethods": [
      "Ljavax/swing/text/PlainView.drawLine(ILjava/awt/Graphics;II)V",
      "Ljavax/swing/text/PlainView.lineToRect(Ljava/awt/Shape;I)Ljava/awt/Rectangle;",
      "Ljavax/swing/text/PlainView.modelToView(ILjava/awt/Shape;Ljavax/swing/text/Position$Bias;)Ljava/awt/Shape;",
      "Ljavax/swing/text/PlainView.nextTabStop(FI)F",
      "Ljavax/swing/text/PlainView.viewToModel(FFLjava/awt/Shape;[Ljavax/swing/text/Position$Bias;)I"
    ]
  }
]