[
  {
    "frequency": 22,
    "overriddenMethods": [
      "Ljavax/net/SocketFactory.createSocket(Ljava/lang/String;I)Ljava/net/Socket;",
      "Ljavax/net/SocketFactory.createSocket(Ljava/lang/String;ILjava/net/InetAddress;I)Ljava/net/Socket;",
      "Ljavax/net/SocketFactory.createSocket(Ljava/net/InetAddress;I)Ljava/net/Socket;",
      "Ljavax/net/SocketFactory.createSocket(Ljava/net/InetAddress;ILjava/net/InetAddress;I)Ljava/net/Socket;",
      "Ljavax/net/ssl/SSLSocketFactory.createSocket(Ljava/net/Socket;Ljava/lang/String;IZ)Ljava/net/Socket;",
      "Ljavax/net/ssl/SSLSocketFactory.getDefaultCipherSuites()[Ljava/lang/String;",
      "Ljavax/net/ssl/SSLSocketFactory.getSupportedCipherSuites()[Ljava/lang/String;"
    ]
  },
  {
    "frequency": 10,
    "overriddenMethods": [
      "Ljavax/net/SocketFactory.createSocket()Ljava/net/Socket;",
      "Ljavax/net/SocketFactory.createSocket(Ljava/lang/String;I)Ljava/net/Socket;",
      "Ljavax/net/SocketFactory.createSocket(Ljava/lang/String;ILjava/net/InetAddress;I)Ljava/net/Socket;",
      "Ljavax/net/SocketFactory.createSocket(Ljava/net/InetAddress;I)Ljava/net/Socket;",
      "Ljavax/net/SocketFactory.createSocket(Ljava/net/InetAddress;ILjava/net/InetAddress;I)Ljava/net/Socket;",
      "Ljavax/net/ssl/SSLSocketFactory.createSocket(Ljava/net/Socket;Ljava/lang/String;IZ)Ljava/net/Socket;",
      "Ljavax/net/ssl/SSLSocketFactory.getDefaultCipherSuites()[Ljava/lang/String;",
      "Ljavax/net/ssl/SSLSocketFactory.getSupportedCipherSuites()[Ljava/lang/String;"
    ]
  },
  {
    "frequency": 5,
    "overriddenMethods": [
      "Ljava/lang/Object.equals(Ljava/lang/Object;)Z",
      "Ljava/lang/Object.hashCode()I",
      "Ljava/lang/Object.toString()Ljava/lang/String;",
      "Ljavax/net/SocketFactory.createSocket()Ljava/net/Socket;",
      "Ljavax/net/SocketFactory.createSocket(Ljava/lang/String;I)Ljava/net/Socket;",
      "Ljavax/net/SocketFactory.createSocket(Ljava/lang/String;ILjava/net/InetAddress;I)Ljava/net/Socket;",
      "Ljavax/net/SocketFactory.createSocket(Ljava/net/InetAddress;I)Ljava/net/Socket;",
      "Ljavax/net/SocketFactory.createSocket(Ljava/net/InetAddress;ILjava/net/InetAddress;I)Ljava/net/Socket;",
      "Ljavax/net/ssl/SSLSocketFactory.createSocket(Ljava/net/Socket;Ljava/lang/String;IZ)Ljava/net/Socket;",
      "Ljavax/net/ssl/SSLSocketFactory.getDefaultCipherSuites()[Ljava/lang/String;",
      "Ljavax/net/ssl/SSLSocketFactory.getSupportedCipherSuites()[Ljava/lang/String;"
    ]
  }
]