[
  {
    "frequency": 7,
    "overriddenMethods": []
  },
  {
    "frequency": 20,
    "overriddenMethods": [
      "Ljavax/naming/Reference.getFactoryClassName()Ljava/lang/String;"
    ]
  },
  {
    "frequency": 13,
    "overriddenMethods": [
      "Ljavax/naming/Reference.getFactoryClassName()Ljava/lang/String;",
      "Ljavax/naming/Reference.toString()Ljava/lang/String;"
    ]
  },
  {
    "frequency": 1,
    "overriddenMethods": [
      "Ljavax/naming/Reference.add(ILjavax/naming/RefAddr;)V",
      "Ljavax/naming/Reference.add(Ljavax/naming/RefAddr;)V",
      "Ljavax/naming/Reference.get(I)Ljavax/naming/RefAddr;",
      "Ljavax/naming/Reference.get(Ljava/lang/String;)Ljavax/naming/RefAddr;",
      "Ljavax/naming/Reference.getAll()Ljava/util/Enumeration;",
      "Ljavax/naming/Reference.getClassName()Ljava/lang/String;",
      "Ljavax/naming/Reference.getFactoryClassLocation()Ljava/lang/String;",
      "Ljavax/naming/Reference.getFactoryClassName()Ljava/lang/String;",
      "Ljavax/naming/Reference.size()I"
    ]
  }
]