[
  {
    "frequency": 4,
    "overriddenMethods": []
  },
  {
    "frequency": 8,
    "overriddenMethods": [
      "Ljava/text/SimpleDateFormat.format(Ljava/util/Date;Ljava/lang/StringBuffer;Ljava/text/FieldPosition;)Ljava/lang/StringBuffer;"
    ]
  },
  {
    "frequency": 1,
    "overriddenMethods": [
      "Ljava/text/SimpleDateFormat.parse(Ljava/lang/String;Ljava/text/ParsePosition;)Ljava/util/Date;"
    ]
  },
  {
    "frequency": 12,
    "overriddenMethods": [
      "Ljava/text/DateFormat.parse(Ljava/lang/String;)Ljava/util/Date;",
      "Ljava/text/SimpleDateFormat.format(Ljava/util/Date;Ljava/lang/StringBuffer;Ljava/text/FieldPosition;)Ljava/lang/StringBuffer;"
    ]
  },
  {
    "frequency": 2,
    "overriddenMethods": [
      "Ljava/text/SimpleDateFormat.applyPattern(Ljava/lang/String;)V",
      "Ljava/text/SimpleDateFormat.toPattern()Ljava/lang/String;"
    ]
  },
  {
    "frequency": 8,
    "overriddenMethods": [
      "Ljava/text/DateFormat.parse(Ljava/lang/String;)Ljava/util/Date;"
    ]
  },
  {
    "frequency": 2,
    "overriddenMethods": [
      "Ljava/text/SimpleDateFormat.clone()Ljava/lang/Object;",
      "Ljava/text/SimpleDateFormat.format(Ljava/util/Date;Ljava/lang/StringBuffer;Ljava/text/FieldPosition;)Ljava/lang/StringBuffer;",
      "Ljava/text/SimpleDateFormat.parse(Ljava/lang/String;Ljava/text/ParsePosition;)Ljava/util/Date;"
    ]
  },
  {
    "frequency": 18,
    "overriddenMethods": [
      "Ljava/text/DateFormat.setCalendar(Ljava/util/Calendar;)V",
      "Ljava/text/DateFormat.setNumberFormat(Ljava/text/NumberFormat;)V",
      "Ljava/text/SimpleDateFormat.format(Ljava/util/Date;Ljava/lang/StringBuffer;Ljava/text/FieldPosition;)Ljava/lang/StringBuffer;",
      "Ljava/text/SimpleDateFormat.parse(Ljava/lang/String;Ljava/text/ParsePosition;)Ljava/util/Date;"
    ]
  }
]