[
  {
    "frequency": 1,
    "overriddenMethods": [
      "Ljavax/swing/plaf/metal/DefaultMetalTheme.getPrimary1()Ljavax/swing/plaf/ColorUIResource;",
      "Ljavax/swing/plaf/metal/DefaultMetalTheme.getPrimary2()Ljavax/swing/plaf/ColorUIResource;",
      "Ljavax/swing/plaf/metal/DefaultMetalTheme.getPrimary3()Ljavax/swing/plaf/ColorUIResource;",
      "Ljavax/swing/plaf/metal/DefaultMetalTheme.getSecondary1()Ljavax/swing/plaf/ColorUIResource;",
      "Ljavax/swing/plaf/metal/DefaultMetalTheme.getSecondary2()Ljavax/swing/plaf/ColorUIResource;",
      "Ljavax/swing/plaf/metal/DefaultMetalTheme.getSecondary3()Ljavax/swing/plaf/ColorUIResource;"
    ]
  },
  {
    "frequency": 1,
    "overriddenMethods": [
      "Ljavax/swing/plaf/metal/DefaultMetalTheme.getControlTextFont()Ljavax/swing/plaf/FontUIResource;",
      "Ljavax/swing/plaf/metal/DefaultMetalTheme.getMenuTextFont()Ljavax/swing/plaf/FontUIResource;",
      "Ljavax/swing/plaf/metal/DefaultMetalTheme.getSubTextFont()Ljavax/swing/plaf/FontUIResource;",
      "Ljavax/swing/plaf/metal/DefaultMetalTheme.getSystemTextFont()Ljavax/swing/plaf/FontUIResource;",
      "Ljavax/swing/plaf/metal/DefaultMetalTheme.getUserTextFont()Ljavax/swing/plaf/FontUIResource;",
      "Ljavax/swing/plaf/metal/DefaultMetalTheme.getWindowTitleFont()Ljavax/swing/plaf/FontUIResource;",
      "Ljavax/swing/plaf/metal/MetalTheme.getBlack()Ljavax/swing/plaf/ColorUIResource;",
      "Ljavax/swing/plaf/metal/MetalTheme.getMenuForeground()Ljavax/swing/plaf/ColorUIResource;",
      "Ljavax/swing/plaf/metal/MetalTheme.getSystemTextColor()Ljavax/swing/plaf/ColorUIResource;",
      "Ljavax/swing/plaf/metal/MetalTheme.getWhite()Ljavax/swing/plaf/ColorUIResource;"
    ]
  },
  {
    "frequency": 1,
    "overriddenMethods": [
      "Ljavax/swing/plaf/metal/DefaultMetalTheme.getPrimary1()Ljavax/swing/plaf/ColorUIResource;",
      "Ljavax/swing/plaf/metal/DefaultMetalTheme.getPrimary2()Ljavax/swing/plaf/ColorUIResource;",
      "Ljavax/swing/plaf/metal/DefaultMetalTheme.getPrimary3()Ljavax/swing/plaf/ColorUIResource;",
      "Ljavax/swing/plaf/metal/DefaultMetalTheme.getSecondary1()Ljavax/swing/plaf/ColorUIResource;",
      "Ljavax/swing/plaf/metal/DefaultMetalTheme.getSecondary2()Ljavax/swing/plaf/ColorUIResource;",
      "Ljavax/swing/plaf/metal/DefaultMetalTheme.getSecondary3()Ljavax/swing/plaf/ColorUIResource;",
      "Ljavax/swing/plaf/metal/MetalTheme.getControlDarkShadow()Ljavax/swing/plaf/ColorUIResource;",
      "Ljavax/swing/plaf/metal/MetalTheme.getControlHighlight()Ljavax/swing/plaf/ColorUIResource;",
      "Ljavax/swing/plaf/metal/MetalTheme.getControlShadow()Ljavax/swing/plaf/ColorUIResource;",
      "Ljavax/swing/plaf/metal/MetalTheme.getMenuSelectedForeground()Ljavax/swing/plaf/ColorUIResource;",
      "Ljavax/swing/plaf/metal/MetalTheme.getPrimaryControlDarkShadow()Ljavax/swing/plaf/ColorUIResource;",
      "Ljavax/swing/plaf/metal/MetalTheme.getPrimaryControlHighlight()Ljavax/swing/plaf/ColorUIResource;",
      "Ljavax/swing/plaf/metal/MetalTheme.getSeparatorBackground()Ljavax/swing/plaf/ColorUIResource;"
    ]
  }
]