[
  {
    "frequency": 45,
    "overriddenMethods": [
      "Ljava/util/logging/Handler.close()V",
      "Ljava/util/logging/Handler.flush()V",
      "Ljava/util/logging/Handler.publish(Ljava/util/logging/LogRecord;)V"
    ]
  },
  {
    "frequency": 2,
    "overriddenMethods": [
      "Ljava/lang/Object.toString()Ljava/lang/String;",
      "Ljava/util/logging/Handler.close()V",
      "Ljava/util/logging/Handler.flush()V",
      "Ljava/util/logging/Handler.publish(Ljava/util/logging/LogRecord;)V"
    ]
  },
  {
    "frequency": 2,
    "overriddenMethods": [
      "Ljava/util/logging/Handler.close()V",
      "Ljava/util/logging/Handler.flush()V",
      "Ljava/util/logging/Handler.isLoggable(Ljava/util/logging/LogRecord;)Z"
    ]
  },
  {
    "frequency": 1,
    "overriddenMethods": [
      "Ljava/util/logging/Handler.publish(Ljava/util/logging/LogRecord;)V"
    ]
  }
]