[
  {
    "frequency": 3,
    "overriddenMethods": []
  },
  {
    "frequency": 6,
    "overriddenMethods": [
      "Ljava/util/logging/LogRecord.getSourceClassName()Ljava/lang/String;",
      "Ljava/util/logging/LogRecord.getSourceMethodName()Ljava/lang/String;",
      "Ljava/util/logging/LogRecord.setSourceClassName(Ljava/lang/String;)V",
      "Ljava/util/logging/LogRecord.setSourceMethodName(Ljava/lang/String;)V"
    ]
  },
  {
    "frequency": 1,
    "overriddenMethods": [
      "Ljava/util/logging/LogRecord.getSourceClassName()Ljava/lang/String;",
      "Ljava/util/logging/LogRecord.getSourceMethodName()Ljava/lang/String;",
      "Ljava/util/logging/LogRecord.setMessage(Ljava/lang/String;)V",
      "Ljava/util/logging/LogRecord.setParameters([Ljava/lang/Object;)V",
      "Ljava/util/logging/LogRecord.setResourceBundle(Ljava/util/ResourceBundle;)V",
      "Ljava/util/logging/LogRecord.setResourceBundleName(Ljava/lang/String;)V",
      "Ljava/util/logging/LogRecord.setSourceClassName(Ljava/lang/String;)V",
      "Ljava/util/logging/LogRecord.setSourceMethodName(Ljava/lang/String;)V"
    ]
  }
]