[
  {
    "frequency": 1,
    "overriddenMethods": []
  },
  {
    "frequency": 3,
    "overriddenMethods": [
      "Ljavax/tools/ForwardingJavaFileManager.close()V",
      "Ljavax/tools/ForwardingJavaFileManager.getFileForOutput(Ljavax/tools/JavaFileManager$Location;Ljava/lang/String;Ljava/lang/String;Ljavax/tools/FileObject;)Ljavax/tools/FileObject;",
      "Ljavax/tools/ForwardingJavaFileManager.getJavaFileForOutput(Ljavax/tools/JavaFileManager$Location;Ljava/lang/String;Ljavax/tools/JavaFileObject$Kind;Ljavax/tools/FileObject;)Ljavax/tools/JavaFileObject;",
      "Ljavax/tools/ForwardingJavaFileManager.isSameFile(Ljavax/tools/FileObject;Ljavax/tools/FileObject;)Z"
    ]
  },
  {
    "frequency": 1,
    "overriddenMethods": [
      "Ljavax/tools/ForwardingJavaFileManager.getJavaFileForOutput(Ljavax/tools/JavaFileManager$Location;Ljava/lang/String;Ljavax/tools/JavaFileObject$Kind;Ljavax/tools/FileObject;)Ljavax/tools/JavaFileObject;",
      "Ljavax/tools/ForwardingJavaFileManager.inferBinaryName(Ljavax/tools/JavaFileManager$Location;Ljavax/tools/JavaFileObject;)Ljava/lang/String;",
      "Ljavax/tools/ForwardingJavaFileManager.list(Ljavax/tools/JavaFileManager$Location;Ljava/lang/String;Ljava/util/Set;Z)Ljava/lang/Iterable;"
    ]
  },
  {
    "frequency": 4,
    "overriddenMethods": [
      "Ljavax/tools/ForwardingJavaFileManager.getJavaFileForOutput(Ljavax/tools/JavaFileManager$Location;Ljava/lang/String;Ljavax/tools/JavaFileObject$Kind;Ljavax/tools/FileObject;)Ljavax/tools/JavaFileObject;"
    ]
  },
  {
    "frequency": 2,
    "overriddenMethods": [
      "Ljavax/tools/ForwardingJavaFileManager.getFileForInput(Ljavax/tools/JavaFileManager$Location;Ljava/lang/String;Ljava/lang/String;)Ljavax/tools/FileObject;",
      "Ljavax/tools/ForwardingJavaFileManager.getJavaFileForInput(Ljavax/tools/JavaFileManager$Location;Ljava/lang/String;Ljavax/tools/JavaFileObject$Kind;)Ljavax/tools/JavaFileObject;",
      "Ljavax/tools/ForwardingJavaFileManager.getJavaFileForOutput(Ljavax/tools/JavaFileManager$Location;Ljava/lang/String;Ljavax/tools/JavaFileObject$Kind;Ljavax/tools/FileObject;)Ljavax/tools/JavaFileObject;"
    ]
  }
]