[
  {
    "frequency": 2,
    "overriddenMethods": []
  },
  {
    "frequency": 1,
    "overriddenMethods": [
      "Ljava/util/AbstractMap.containsKey(Ljava/lang/Object;)Z",
      "Ljava/util/AbstractMap.containsValue(Ljava/lang/Object;)Z",
      "Ljava/util/AbstractMap.entrySet()Ljava/util/Set;",
      "Ljava/util/AbstractMap.equals(Ljava/lang/Object;)Z",
      "Ljava/util/AbstractMap.get(Ljava/lang/Object;)Ljava/lang/Object;",
      "Ljava/util/AbstractMap.hashCode()I",
      "Ljava/util/AbstractMap.isEmpty()Z",
      "Ljava/util/AbstractMap.keySet()Ljava/util/Set;",
      "Ljava/util/AbstractMap.size()I",
      "Ljava/util/AbstractMap.values()Ljava/util/Collection;"
    ]
  },
  {
    "frequency": 2,
    "overriddenMethods": [
      "Ljava/util/AbstractMap.containsKey(Ljava/lang/Object;)Z",
      "Ljava/util/AbstractMap.entrySet()Ljava/util/Set;",
      "Ljava/util/AbstractMap.get(Ljava/lang/Object;)Ljava/lang/Object;",
      "Ljava/util/AbstractMap.keySet()Ljava/util/Set;",
      "Ljava/util/AbstractMap.put(Ljava/lang/Object;Ljava/lang/Object;)Ljava/lang/Object;",
      "Ljava/util/AbstractMap.size()I",
      "Ljava/util/AbstractMap.values()Ljava/util/Collection;"
    ]
  },
  {
    "frequency": 2,
    "overriddenMethods": [
      "Ljava/util/AbstractMap.clear()V",
      "Ljava/util/AbstractMap.containsKey(Ljava/lang/Object;)Z",
      "Ljava/util/AbstractMap.containsValue(Ljava/lang/Object;)Z",
      "Ljava/util/AbstractMap.entrySet()Ljava/util/Set;",
      "Ljava/util/AbstractMap.equals(Ljava/lang/Object;)Z",
      "Ljava/util/AbstractMap.get(Ljava/lang/Object;)Ljava/lang/Object;",
      "Ljava/util/AbstractMap.hashCode()I",
      "Ljava/util/AbstractMap.keySet()Ljava/util/Set;",
      "Ljava/util/AbstractMap.put(Ljava/lang/Object;Ljava/lang/Object;)Ljava/lang/Object;",
      "Ljava/util/AbstractMap.remove(Ljava/lang/Object;)Ljava/lang/Object;",
      "Ljava/util/AbstractMap.size()I",
      "Ljava/util/AbstractMap.toString()Ljava/lang/String;",
      "Ljava/util/AbstractMap.values()Ljava/util/Collection;"
    ]
  },
  {
    "frequency": 15,
    "overriddenMethods": [
      "Ljava/util/AbstractMap.entrySet()Ljava/util/Set;",
      "Ljava/util/AbstractMap.get(Ljava/lang/Object;)Ljava/lang/Object;",
      "Ljava/util/AbstractMap.keySet()Ljava/util/Set;",
      "Ljava/util/AbstractMap.size()I"
    ]
  },
  {
    "frequency": 4,
    "overriddenMethods": [
      "Ljava/util/AbstractMap.clear()V",
      "Ljava/util/AbstractMap.clone()Ljava/lang/Object;",
      "Ljava/util/AbstractMap.containsKey(Ljava/lang/Object;)Z",
      "Ljava/util/AbstractMap.containsValue(Ljava/lang/Object;)Z",
      "Ljava/util/AbstractMap.entrySet()Ljava/util/Set;",
      "Ljava/util/AbstractMap.get(Ljava/lang/Object;)Ljava/lang/Object;",
      "Ljava/util/AbstractMap.put(Ljava/lang/Object;Ljava/lang/Object;)Ljava/lang/Object;",
      "Ljava/util/AbstractMap.remove(Ljava/lang/Object;)Ljava/lang/Object;",
      "Ljava/util/AbstractMap.size()I"
    ]
  },
  {
    "frequency": 4,
    "overriddenMethods": [
      "Ljava/util/AbstractMap.entrySet()Ljava/util/Set;",
      "Ljava/util/AbstractMap.get(Ljava/lang/Object;)Ljava/lang/Object;",
      "Ljava/util/AbstractMap.put(Ljava/lang/Object;Ljava/lang/Object;)Ljava/lang/Object;"
    ]
  },
  {
    "frequency": 1,
    "overriddenMethods": [
      "Ljava/util/AbstractMap.clear()V",
      "Ljava/util/AbstractMap.containsKey(Ljava/lang/Object;)Z",
      "Ljava/util/AbstractMap.entrySet()Ljava/util/Set;",
      "Ljava/util/AbstractMap.get(Ljava/lang/Object;)Ljava/lang/Object;",
      "Ljava/util/AbstractMap.put(Ljava/lang/Object;Ljava/lang/Object;)Ljava/lang/Object;",
      "Ljava/util/AbstractMap.putAll(Ljava/util/Map;)V",
      "Ljava/util/AbstractMap.remove(Ljava/lang/Object;)Ljava/lang/Object;"
    ]
  },
  {
    "frequency": 2,
    "overriddenMethods": [
      "Ljava/util/AbstractMap.clear()V",
      "Ljava/util/AbstractMap.containsKey(Ljava/lang/Object;)Z",
      "Ljava/util/AbstractMap.containsValue(Ljava/lang/Object;)Z",
      "Ljava/util/AbstractMap.entrySet()Ljava/util/Set;",
      "Ljava/util/AbstractMap.get(Ljava/lang/Object;)Ljava/lang/Object;",
      "Ljava/util/AbstractMap.isEmpty()Z",
      "Ljava/util/AbstractMap.remove(Ljava/lang/Object;)Ljava/lang/Object;",
      "Ljava/util/AbstractMap.size()I"
    ]
  },
  {
    "frequency": 9,
    "overriddenMethods": [
      "Ljava/util/AbstractMap.clear()V",
      "Ljava/util/AbstractMap.entrySet()Ljava/util/Set;",
      "Ljava/util/AbstractMap.get(Ljava/lang/Object;)Ljava/lang/Object;",
      "Ljava/util/AbstractMap.put(Ljava/lang/Object;Ljava/lang/Object;)Ljava/lang/Object;",
      "Ljava/util/AbstractMap.remove(Ljava/lang/Object;)Ljava/lang/Object;"
    ]
  },
  {
    "frequency": 1,
    "overriddenMethods": [
      "Ljava/util/AbstractMap.containsKey(Ljava/lang/Object;)Z",
      "Ljava/util/AbstractMap.entrySet()Ljava/util/Set;",
      "Ljava/util/AbstractMap.get(Ljava/lang/Object;)Ljava/lang/Object;",
      "Ljava/util/AbstractMap.put(Ljava/lang/Object;Ljava/lang/Object;)Ljava/lang/Object;",
      "Ljava/util/AbstractMap.putAll(Ljava/util/Map;)V",
      "Ljava/util/AbstractMap.remove(Ljava/lang/Object;)Ljava/lang/Object;"
    ]
  },
  {
    "frequency": 23,
    "overriddenMethods": [
      "Ljava/util/AbstractMap.clear()V",
      "Ljava/util/AbstractMap.containsKey(Ljava/lang/Object;)Z",
      "Ljava/util/AbstractMap.entrySet()Ljava/util/Set;",
      "Ljava/util/AbstractMap.equals(Ljava/lang/Object;)Z",
      "Ljava/util/AbstractMap.get(Ljava/lang/Object;)Ljava/lang/Object;",
      "Ljava/util/AbstractMap.hashCode()I",
      "Ljava/util/AbstractMap.keySet()Ljava/util/Set;",
      "Ljava/util/AbstractMap.remove(Ljava/lang/Object;)Ljava/lang/Object;",
      "Ljava/util/AbstractMap.size()I",
      "Ljava/util/AbstractMap.toString()Ljava/lang/String;"
    ]
  },
  {
    "frequency": 22,
    "overriddenMethods": [
      "Ljava/util/AbstractMap.entrySet()Ljava/util/Set;",
      "Ljava/util/AbstractMap.isEmpty()Z",
      "Ljava/util/AbstractMap.keySet()Ljava/util/Set;",
      "Ljava/util/AbstractMap.values()Ljava/util/Collection;"
    ]
  },
  {
    "frequency": 42,
    "overriddenMethods": [
      "Ljava/util/AbstractMap.clear()V",
      "Ljava/util/AbstractMap.clone()Ljava/lang/Object;",
      "Ljava/util/AbstractMap.containsKey(Ljava/lang/Object;)Z",
      "Ljava/util/AbstractMap.containsValue(Ljava/lang/Object;)Z",
      "Ljava/util/AbstractMap.entrySet()Ljava/util/Set;",
      "Ljava/util/AbstractMap.get(Ljava/lang/Object;)Ljava/lang/Object;",
      "Ljava/util/AbstractMap.isEmpty()Z",
      "Ljava/util/AbstractMap.keySet()Ljava/util/Set;",
      "Ljava/util/AbstractMap.put(Ljava/lang/Object;Ljava/lang/Object;)Ljava/lang/Object;",
      "Ljava/util/AbstractMap.putAll(Ljava/util/Map;)V",
      "Ljava/util/AbstractMap.remove(Ljava/lang/Object;)Ljava/lang/Object;",
      "Ljava/util/AbstractMap.size()I",
      "Ljava/util/AbstractMap.values()Ljava/util/Collection;"
    ]
  },
  {
    "frequency": 1,
    "overriddenMethods": [
      "Ljava/util/AbstractMap.clone()Ljava/lang/Object;",
      "Ljava/util/AbstractMap.entrySet()Ljava/util/Set;",
      "Ljava/util/AbstractMap.toString()Ljava/lang/String;"
    ]
  },
  {
    "frequency": 1,
    "overriddenMethods": [
      "Ljava/util/AbstractMap.clear()V",
      "Ljava/util/AbstractMap.clone()Ljava/lang/Object;",
      "Ljava/util/AbstractMap.containsKey(Ljava/lang/Object;)Z",
      "Ljava/util/AbstractMap.containsValue(Ljava/lang/Object;)Z",
      "Ljava/util/AbstractMap.entrySet()Ljava/util/Set;",
      "Ljava/util/AbstractMap.get(Ljava/lang/Object;)Ljava/lang/Object;",
      "Ljava/util/AbstractMap.isEmpty()Z",
      "Ljava/util/AbstractMap.put(Ljava/lang/Object;Ljava/lang/Object;)Ljava/lang/Object;",
      "Ljava/util/AbstractMap.size()I"
    ]
  },
  {
    "frequency": 35,
    "overriddenMethods": [
      "Ljava/util/AbstractMap.containsKey(Ljava/lang/Object;)Z",
      "Ljava/util/AbstractMap.containsValue(Ljava/lang/Object;)Z",
      "Ljava/util/AbstractMap.entrySet()Ljava/util/Set;",
      "Ljava/util/AbstractMap.get(Ljava/lang/Object;)Ljava/lang/Object;",
      "Ljava/util/AbstractMap.put(Ljava/lang/Object;Ljava/lang/Object;)Ljava/lang/Object;",
      "Ljava/util/AbstractMap.remove(Ljava/lang/Object;)Ljava/lang/Object;"
    ]
  },
  {
    "frequency": 1,
    "overriddenMethods": [
      "Ljava/util/AbstractMap.clear()V",
      "Ljava/util/AbstractMap.containsKey(Ljava/lang/Object;)Z",
      "Ljava/util/AbstractMap.entrySet()Ljava/util/Set;",
      "Ljava/util/AbstractMap.equals(Ljava/lang/Object;)Z",
      "Ljava/util/AbstractMap.get(Ljava/lang/Object;)Ljava/lang/Object;",
      "Ljava/util/AbstractMap.hashCode()I",
      "Ljava/util/AbstractMap.keySet()Ljava/util/Set;",
      "Ljava/util/AbstractMap.remove(Ljava/lang/Object;)Ljava/lang/Object;",
      "Ljava/util/AbstractMap.toString()Ljava/lang/String;"
    ]
  },
  {
    "frequency": 36,
    "overriddenMethods": [
      "Ljava/util/AbstractMap.containsKey(Ljava/lang/Object;)Z",
      "Ljava/util/AbstractMap.get(Ljava/lang/Object;)Ljava/lang/Object;",
      "Ljava/util/AbstractMap.isEmpty()Z",
      "Ljava/util/AbstractMap.put(Ljava/lang/Object;Ljava/lang/Object;)Ljava/lang/Object;",
      "Ljava/util/AbstractMap.putAll(Ljava/util/Map;)V",
      "Ljava/util/AbstractMap.remove(Ljava/lang/Object;)Ljava/lang/Object;",
      "Ljava/util/AbstractMap.values()Ljava/util/Collection;"
    ]
  },
  {
    "frequency": 4,
    "overriddenMethods": [
      "Ljava/util/AbstractMap.clear()V",
      "Ljava/util/AbstractMap.containsKey(Ljava/lang/Object;)Z",
      "Ljava/util/AbstractMap.entrySet()Ljava/util/Set;",
      "Ljava/util/AbstractMap.get(Ljava/lang/Object;)Ljava/lang/Object;",
      "Ljava/util/AbstractMap.keySet()Ljava/util/Set;",
      "Ljava/util/AbstractMap.put(Ljava/lang/Object;Ljava/lang/Object;)Ljava/lang/Object;",
      "Ljava/util/AbstractMap.remove(Ljava/lang/Object;)Ljava/lang/Object;",
      "Ljava/util/AbstractMap.size()I"
    ]
  },
  {
    "frequency": 23,
    "overriddenMethods": [
      "Ljava/util/AbstractMap.containsKey(Ljava/lang/Object;)Z",
      "Ljava/util/AbstractMap.entrySet()Ljava/util/Set;",
      "Ljava/util/AbstractMap.get(Ljava/lang/Object;)Ljava/lang/Object;"
    ]
  },
  {
    "frequency": 1,
    "overriddenMethods": [
      "Ljava/util/AbstractMap.containsKey(Ljava/lang/Object;)Z",
      "Ljava/util/AbstractMap.entrySet()Ljava/util/Set;",
      "Ljava/util/AbstractMap.get(Ljava/lang/Object;)Ljava/lang/Object;",
      "Ljava/util/AbstractMap.isEmpty()Z",
      "Ljava/util/AbstractMap.put(Ljava/lang/Object;Ljava/lang/Object;)Ljava/lang/Object;",
      "Ljava/util/AbstractMap.remove(Ljava/lang/Object;)Ljava/lang/Object;",
      "Ljava/util/AbstractMap.size()I"
    ]
  },
  {
    "frequency": 16,
    "overriddenMethods": [
      "Ljava/util/AbstractMap.clear()V",
      "Ljava/util/AbstractMap.containsKey(Ljava/lang/Object;)Z",
      "Ljava/util/AbstractMap.entrySet()Ljava/util/Set;",
      "Ljava/util/AbstractMap.get(Ljava/lang/Object;)Ljava/lang/Object;",
      "Ljava/util/AbstractMap.keySet()Ljava/util/Set;",
      "Ljava/util/AbstractMap.put(Ljava/lang/Object;Ljava/lang/Object;)Ljava/lang/Object;",
      "Ljava/util/AbstractMap.remove(Ljava/lang/Object;)Ljava/lang/Object;",
      "Ljava/util/AbstractMap.size()I",
      "Ljava/util/AbstractMap.values()Ljava/util/Collection;"
    ]
  },
  {
    "frequency": 21,
    "overriddenMethods": [
      "Ljava/util/AbstractMap.entrySet()Ljava/util/Set;",
      "Ljava/util/AbstractMap.keySet()Ljava/util/Set;",
      "Ljava/util/AbstractMap.values()Ljava/util/Collection;"
    ]
  },
  {
    "frequency": 3,
    "overriddenMethods": [
      "Ljava/util/AbstractMap.clear()V",
      "Ljava/util/AbstractMap.containsKey(Ljava/lang/Object;)Z",
      "Ljava/util/AbstractMap.entrySet()Ljava/util/Set;",
      "Ljava/util/AbstractMap.get(Ljava/lang/Object;)Ljava/lang/Object;",
      "Ljava/util/AbstractMap.keySet()Ljava/util/Set;",
      "Ljava/util/AbstractMap.put(Ljava/lang/Object;Ljava/lang/Object;)Ljava/lang/Object;",
      "Ljava/util/AbstractMap.remove(Ljava/lang/Object;)Ljava/lang/Object;",
      "Ljava/util/AbstractMap.size()I",
      "Ljava/util/AbstractMap.toString()Ljava/lang/String;"
    ]
  },
  {
    "frequency": 15,
    "overriddenMethods": [
      "Ljava/util/AbstractMap.entrySet()Ljava/util/Set;",
      "Ljava/util/AbstractMap.get(Ljava/lang/Object;)Ljava/lang/Object;",
      "Ljava/util/AbstractMap.put(Ljava/lang/Object;Ljava/lang/Object;)Ljava/lang/Object;",
      "Ljava/util/AbstractMap.remove(Ljava/lang/Object;)Ljava/lang/Object;",
      "Ljava/util/AbstractMap.size()I"
    ]
  },
  {
    "frequency": 2,
    "overriddenMethods": [
      "Ljava/util/AbstractMap.clear()V",
      "Ljava/util/AbstractMap.clone()Ljava/lang/Object;",
      "Ljava/util/AbstractMap.containsKey(Ljava/lang/Object;)Z",
      "Ljava/util/AbstractMap.containsValue(Ljava/lang/Object;)Z",
      "Ljava/util/AbstractMap.entrySet()Ljava/util/Set;",
      "Ljava/util/AbstractMap.get(Ljava/lang/Object;)Ljava/lang/Object;",
      "Ljava/util/AbstractMap.keySet()Ljava/util/Set;",
      "Ljava/util/AbstractMap.put(Ljava/lang/Object;Ljava/lang/Object;)Ljava/lang/Object;",
      "Ljava/util/AbstractMap.size()I",
      "Ljava/util/AbstractMap.values()Ljava/util/Collection;"
    ]
  },
  {
    "frequency": 4,
    "overriddenMethods": [
      "Ljava/util/AbstractMap.clone()Ljava/lang/Object;",
      "Ljava/util/AbstractMap.entrySet()Ljava/util/Set;",
      "Ljava/util/AbstractMap.get(Ljava/lang/Object;)Ljava/lang/Object;",
      "Ljava/util/AbstractMap.put(Ljava/lang/Object;Ljava/lang/Object;)Ljava/lang/Object;",
      "Ljava/util/AbstractMap.putAll(Ljava/util/Map;)V",
      "Ljava/util/AbstractMap.remove(Ljava/lang/Object;)Ljava/lang/Object;"
    ]
  },
  {
    "frequency": 2,
    "overriddenMethods": [
      "Ljava/util/AbstractMap.entrySet()Ljava/util/Set;",
      "Ljava/util/AbstractMap.put(Ljava/lang/Object;Ljava/lang/Object;)Ljava/lang/Object;",
      "Ljava/util/AbstractMap.putAll(Ljava/util/Map;)V",
      "Ljava/util/AbstractMap.remove(Ljava/lang/Object;)Ljava/lang/Object;"
    ]
  },
  {
    "frequency": 5,
    "overriddenMethods": [
      "Ljava/util/AbstractMap.entrySet()Ljava/util/Set;",
      "Ljava/util/AbstractMap.get(Ljava/lang/Object;)Ljava/lang/Object;",
      "Ljava/util/AbstractMap.size()I"
    ]
  },
  {
    "frequency": 13,
    "overriddenMethods": [
      "Ljava/util/AbstractMap.clear()V",
      "Ljava/util/AbstractMap.containsKey(Ljava/lang/Object;)Z",
      "Ljava/util/AbstractMap.entrySet()Ljava/util/Set;",
      "Ljava/util/AbstractMap.get(Ljava/lang/Object;)Ljava/lang/Object;",
      "Ljava/util/AbstractMap.isEmpty()Z",
      "Ljava/util/AbstractMap.keySet()Ljava/util/Set;",
      "Ljava/util/AbstractMap.put(Ljava/lang/Object;Ljava/lang/Object;)Ljava/lang/Object;",
      "Ljava/util/AbstractMap.remove(Ljava/lang/Object;)Ljava/lang/Object;",
      "Ljava/util/AbstractMap.size()I",
      "Ljava/util/AbstractMap.values()Ljava/util/Collection;"
    ]
  },
  {
    "frequency": 1,
    "overriddenMethods": [
      "Ljava/util/AbstractMap.containsKey(Ljava/lang/Object;)Z",
      "Ljava/util/AbstractMap.entrySet()Ljava/util/Set;",
      "Ljava/util/AbstractMap.get(Ljava/lang/Object;)Ljava/lang/Object;",
      "Ljava/util/AbstractMap.isEmpty()Z",
      "Ljava/util/AbstractMap.put(Ljava/lang/Object;Ljava/lang/Object;)Ljava/lang/Object;"
    ]
  },
  {
    "frequency": 1,
    "overriddenMethods": [
      "Ljava/util/AbstractMap.clear()V",
      "Ljava/util/AbstractMap.containsKey(Ljava/lang/Object;)Z",
      "Ljava/util/AbstractMap.containsValue(Ljava/lang/Object;)Z",
      "Ljava/util/AbstractMap.entrySet()Ljava/util/Set;",
      "Ljava/util/AbstractMap.get(Ljava/lang/Object;)Ljava/lang/Object;",
      "Ljava/util/AbstractMap.isEmpty()Z",
      "Ljava/util/AbstractMap.put(Ljava/lang/Object;Ljava/lang/Object;)Ljava/lang/Object;",
      "Ljava/util/AbstractMap.putAll(Ljava/util/Map;)V",
      "Ljava/util/AbstractMap.remove(Ljava/lang/Object;)Ljava/lang/Object;",
      "Ljava/util/AbstractMap.size()I"
    ]
  },
  {
    "frequency": 1,
    "overriddenMethods": [
      "Ljava/util/AbstractMap.entrySet()Ljava/util/Set;",
      "Ljava/util/AbstractMap.get(Ljava/lang/Object;)Ljava/lang/Object;",
      "Ljava/util/AbstractMap.put(Ljava/lang/Object;Ljava/lang/Object;)Ljava/lang/Object;",
      "Ljava/util/AbstractMap.values()Ljava/util/Collection;"
    ]
  },
  {
    "frequency": 3,
    "overriddenMethods": [
      "Ljava/util/AbstractMap.clear()V",
      "Ljava/util/AbstractMap.containsKey(Ljava/lang/Object;)Z",
      "Ljava/util/AbstractMap.containsValue(Ljava/lang/Object;)Z",
      "Ljava/util/AbstractMap.entrySet()Ljava/util/Set;",
      "Ljava/util/AbstractMap.equals(Ljava/lang/Object;)Z",
      "Ljava/util/AbstractMap.get(Ljava/lang/Object;)Ljava/lang/Object;",
      "Ljava/util/AbstractMap.hashCode()I",
      "Ljava/util/AbstractMap.isEmpty()Z",
      "Ljava/util/AbstractMap.keySet()Ljava/util/Set;",
      "Ljava/util/AbstractMap.put(Ljava/lang/Object;Ljava/lang/Object;)Ljava/lang/Object;",
      "Ljava/util/AbstractMap.putAll(Ljava/util/Map;)V",
      "Ljava/util/AbstractMap.remove(Ljava/lang/Object;)Ljava/lang/Object;",
      "Ljava/util/AbstractMap.size()I",
      "Ljava/util/AbstractMap.toString()Ljava/lang/String;",
      "Ljava/util/AbstractMap.values()Ljava/util/Collection;"
    ]
  },
  {
    "frequency": 14,
    "overriddenMethods": [
      "Ljava/util/AbstractMap.clear()V",
      "Ljava/util/AbstractMap.clone()Ljava/lang/Object;",
      "Ljava/util/AbstractMap.containsKey(Ljava/lang/Object;)Z",
      "Ljava/util/AbstractMap.containsValue(Ljava/lang/Object;)Z",
      "Ljava/util/AbstractMap.entrySet()Ljava/util/Set;",
      "Ljava/util/AbstractMap.equals(Ljava/lang/Object;)Z",
      "Ljava/util/AbstractMap.get(Ljava/lang/Object;)Ljava/lang/Object;",
      "Ljava/util/AbstractMap.hashCode()I",
      "Ljava/util/AbstractMap.isEmpty()Z",
      "Ljava/util/AbstractMap.keySet()Ljava/util/Set;",
      "Ljava/util/AbstractMap.put(Ljava/lang/Object;Ljava/lang/Object;)Ljava/lang/Object;",
      "Ljava/util/AbstractMap.putAll(Ljava/util/Map;)V",
      "Ljava/util/AbstractMap.remove(Ljava/lang/Object;)Ljava/lang/Object;",
      "Ljava/util/AbstractMap.size()I",
      "Ljava/util/AbstractMap.values()Ljava/util/Collection;"
    ]
  },
  {
    "frequency": 2,
    "overriddenMethods": [
      "Ljava/util/AbstractMap.clear()V",
      "Ljava/util/AbstractMap.clone()Ljava/lang/Object;",
      "Ljava/util/AbstractMap.containsKey(Ljava/lang/Object;)Z",
      "Ljava/util/AbstractMap.entrySet()Ljava/util/Set;",
      "Ljava/util/AbstractMap.get(Ljava/lang/Object;)Ljava/lang/Object;",
      "Ljava/util/AbstractMap.keySet()Ljava/util/Set;",
      "Ljava/util/AbstractMap.put(Ljava/lang/Object;Ljava/lang/Object;)Ljava/lang/Object;",
      "Ljava/util/AbstractMap.remove(Ljava/lang/Object;)Ljava/lang/Object;",
      "Ljava/util/AbstractMap.size()I",
      "Ljava/util/AbstractMap.values()Ljava/util/Collection;"
    ]
  },
  {
    "frequency": 8,
    "overriddenMethods": [
      "Ljava/util/AbstractMap.keySet()Ljava/util/Set;"
    ]
  },
  {
    "frequency": 4,
    "overriddenMethods": [
      "Ljava/util/AbstractMap.containsKey(Ljava/lang/Object;)Z",
      "Ljava/util/AbstractMap.entrySet()Ljava/util/Set;",
      "Ljava/util/AbstractMap.get(Ljava/lang/Object;)Ljava/lang/Object;",
      "Ljava/util/AbstractMap.put(Ljava/lang/Object;Ljava/lang/Object;)Ljava/lang/Object;"
    ]
  },
  {
    "frequency": 2,
    "overriddenMethods": [
      "Ljava/util/AbstractMap.clear()V",
      "Ljava/util/AbstractMap.containsKey(Ljava/lang/Object;)Z",
      "Ljava/util/AbstractMap.entrySet()Ljava/util/Set;",
      "Ljava/util/AbstractMap.get(Ljava/lang/Object;)Ljava/lang/Object;",
      "Ljava/util/AbstractMap.keySet()Ljava/util/Set;",
      "Ljava/util/AbstractMap.put(Ljava/lang/Object;Ljava/lang/Object;)Ljava/lang/Object;",
      "Ljava/util/AbstractMap.putAll(Ljava/util/Map;)V",
      "Ljava/util/AbstractMap.remove(Ljava/lang/Object;)Ljava/lang/Object;",
      "Ljava/util/AbstractMap.size()I",
      "Ljava/util/AbstractMap.values()Ljava/util/Collection;"
    ]
  },
  {
    "frequency": 1,
    "overriddenMethods": [
      "Ljava/util/AbstractMap.clear()V",
      "Ljava/util/AbstractMap.clone()Ljava/lang/Object;",
      "Ljava/util/AbstractMap.containsValue(Ljava/lang/Object;)Z",
      "Ljava/util/AbstractMap.entrySet()Ljava/util/Set;",
      "Ljava/util/AbstractMap.keySet()Ljava/util/Set;",
      "Ljava/util/AbstractMap.put(Ljava/lang/Object;Ljava/lang/Object;)Ljava/lang/Object;",
      "Ljava/util/AbstractMap.size()I",
      "Ljava/util/AbstractMap.toString()Ljava/lang/String;",
      "Ljava/util/AbstractMap.values()Ljava/util/Collection;"
    ]
  },
  {
    "frequency": 22,
    "overriddenMethods": [
      "Ljava/util/AbstractMap.clear()V",
      "Ljava/util/AbstractMap.containsKey(Ljava/lang/Object;)Z",
      "Ljava/util/AbstractMap.entrySet()Ljava/util/Set;",
      "Ljava/util/AbstractMap.get(Ljava/lang/Object;)Ljava/lang/Object;",
      "Ljava/util/AbstractMap.keySet()Ljava/util/Set;",
      "Ljava/util/AbstractMap.remove(Ljava/lang/Object;)Ljava/lang/Object;",
      "Ljava/util/AbstractMap.size()I",
      "Ljava/util/AbstractMap.values()Ljava/util/Collection;"
    ]
  },
  {
    "frequency": 14,
    "overriddenMethods": [
      "Ljava/util/AbstractMap.containsKey(Ljava/lang/Object;)Z",
      "Ljava/util/AbstractMap.entrySet()Ljava/util/Set;",
      "Ljava/util/AbstractMap.get(Ljava/lang/Object;)Ljava/lang/Object;",
      "Ljava/util/AbstractMap.keySet()Ljava/util/Set;",
      "Ljava/util/AbstractMap.remove(Ljava/lang/Object;)Ljava/lang/Object;"
    ]
  },
  {
    "frequency": 1,
    "overriddenMethods": [
      "Ljava/util/AbstractMap.clear()V",
      "Ljava/util/AbstractMap.containsKey(Ljava/lang/Object;)Z",
      "Ljava/util/AbstractMap.entrySet()Ljava/util/Set;",
      "Ljava/util/AbstractMap.get(Ljava/lang/Object;)Ljava/lang/Object;",
      "Ljava/util/AbstractMap.isEmpty()Z",
      "Ljava/util/AbstractMap.remove(Ljava/lang/Object;)Ljava/lang/Object;",
      "Ljava/util/AbstractMap.size()I",
      "Ljava/util/AbstractMap.toString()Ljava/lang/String;"
    ]
  },
  {
    "frequency": 1,
    "overriddenMethods": [
      "Ljava/util/AbstractMap.clear()V",
      "Ljava/util/AbstractMap.containsKey(Ljava/lang/Object;)Z",
      "Ljava/util/AbstractMap.containsValue(Ljava/lang/Object;)Z",
      "Ljava/util/AbstractMap.entrySet()Ljava/util/Set;",
      "Ljava/util/AbstractMap.get(Ljava/lang/Object;)Ljava/lang/Object;",
      "Ljava/util/AbstractMap.isEmpty()Z",
      "Ljava/util/AbstractMap.put(Ljava/lang/Object;Ljava/lang/Object;)Ljava/lang/Object;",
      "Ljava/util/AbstractMap.remove(Ljava/lang/Object;)Ljava/lang/Object;",
      "Ljava/util/AbstractMap.size()I",
      "Ljava/util/AbstractMap.values()Ljava/util/Collection;"
    ]
  },
  {
    "frequency": 29,
    "overriddenMethods": [
      "Ljava/util/AbstractMap.clear()V",
      "Ljava/util/AbstractMap.containsKey(Ljava/lang/Object;)Z",
      "Ljava/util/AbstractMap.entrySet()Ljava/util/Set;",
      "Ljava/util/AbstractMap.get(Ljava/lang/Object;)Ljava/lang/Object;",
      "Ljava/util/AbstractMap.keySet()Ljava/util/Set;",
      "Ljava/util/AbstractMap.remove(Ljava/lang/Object;)Ljava/lang/Object;",
      "Ljava/util/AbstractMap.values()Ljava/util/Collection;"
    ]
  },
  {
    "frequency": 3,
    "overriddenMethods": [
      "Ljava/util/AbstractMap.clear()V",
      "Ljava/util/AbstractMap.containsKey(Ljava/lang/Object;)Z",
      "Ljava/util/AbstractMap.containsValue(Ljava/lang/Object;)Z",
      "Ljava/util/AbstractMap.entrySet()Ljava/util/Set;",
      "Ljava/util/AbstractMap.get(Ljava/lang/Object;)Ljava/lang/Object;",
      "Ljava/util/AbstractMap.put(Ljava/lang/Object;Ljava/lang/Object;)Ljava/lang/Object;",
      "Ljava/util/AbstractMap.putAll(Ljava/util/Map;)V",
      "Ljava/util/AbstractMap.remove(Ljava/lang/Object;)Ljava/lang/Object;"
    ]
  },
  {
    "frequency": 1,
    "overriddenMethods": [
      "Ljava/util/AbstractMap.clear()V",
      "Ljava/util/AbstractMap.entrySet()Ljava/util/Set;",
      "Ljava/util/AbstractMap.size()I"
    ]
  },
  {
    "frequency": 3,
    "overriddenMethods": [
      "Ljava/util/AbstractMap.containsKey(Ljava/lang/Object;)Z",
      "Ljava/util/AbstractMap.entrySet()Ljava/util/Set;",
      "Ljava/util/AbstractMap.get(Ljava/lang/Object;)Ljava/lang/Object;",
      "Ljava/util/AbstractMap.keySet()Ljava/util/Set;",
      "Ljava/util/AbstractMap.size()I"
    ]
  },
  {
    "frequency": 1,
    "overriddenMethods": [
      "Ljava/util/AbstractMap.clear()V",
      "Ljava/util/AbstractMap.containsKey(Ljava/lang/Object;)Z",
      "Ljava/util/AbstractMap.entrySet()Ljava/util/Set;",
      "Ljava/util/AbstractMap.get(Ljava/lang/Object;)Ljava/lang/Object;",
      "Ljava/util/AbstractMap.put(Ljava/lang/Object;Ljava/lang/Object;)Ljava/lang/Object;",
      "Ljava/util/AbstractMap.remove(Ljava/lang/Object;)Ljava/lang/Object;"
    ]
  },
  {
    "frequency": 2,
    "overriddenMethods": [
      "Ljava/util/AbstractMap.clear()V",
      "Ljava/util/AbstractMap.clone()Ljava/lang/Object;",
      "Ljava/util/AbstractMap.containsKey(Ljava/lang/Object;)Z",
      "Ljava/util/AbstractMap.containsValue(Ljava/lang/Object;)Z",
      "Ljava/util/AbstractMap.entrySet()Ljava/util/Set;",
      "Ljava/util/AbstractMap.get(Ljava/lang/Object;)Ljava/lang/Object;",
      "Ljava/util/AbstractMap.isEmpty()Z",
      "Ljava/util/AbstractMap.put(Ljava/lang/Object;Ljava/lang/Object;)Ljava/lang/Object;",
      "Ljava/util/AbstractMap.putAll(Ljava/util/Map;)V",
      "Ljava/util/AbstractMap.remove(Ljava/lang/Object;)Ljava/lang/Object;",
      "Ljava/util/AbstractMap.size()I"
    ]
  },
  {
    "frequency": 7,
    "overriddenMethods": [
      "Ljava/util/AbstractMap.clear()V",
      "Ljava/util/AbstractMap.clone()Ljava/lang/Object;",
      "Ljava/util/AbstractMap.containsKey(Ljava/lang/Object;)Z",
      "Ljava/util/AbstractMap.containsValue(Ljava/lang/Object;)Z",
      "Ljava/util/AbstractMap.entrySet()Ljava/util/Set;",
      "Ljava/util/AbstractMap.equals(Ljava/lang/Object;)Z",
      "Ljava/util/AbstractMap.get(Ljava/lang/Object;)Ljava/lang/Object;",
      "Ljava/util/AbstractMap.isEmpty()Z",
      "Ljava/util/AbstractMap.keySet()Ljava/util/Set;",
      "Ljava/util/AbstractMap.put(Ljava/lang/Object;Ljava/lang/Object;)Ljava/lang/Object;",
      "Ljava/util/AbstractMap.putAll(Ljava/util/Map;)V",
      "Ljava/util/AbstractMap.remove(Ljava/lang/Object;)Ljava/lang/Object;",
      "Ljava/util/AbstractMap.size()I",
      "Ljava/util/AbstractMap.values()Ljava/util/Collection;"
    ]
  },
  {
    "frequency": 41,
    "overriddenMethods": [
      "Ljava/util/AbstractMap.clear()V",
      "Ljava/util/AbstractMap.containsKey(Ljava/lang/Object;)Z",
      "Ljava/util/AbstractMap.containsValue(Ljava/lang/Object;)Z",
      "Ljava/util/AbstractMap.entrySet()Ljava/util/Set;",
      "Ljava/util/AbstractMap.get(Ljava/lang/Object;)Ljava/lang/Object;",
      "Ljava/util/AbstractMap.keySet()Ljava/util/Set;",
      "Ljava/util/AbstractMap.put(Ljava/lang/Object;Ljava/lang/Object;)Ljava/lang/Object;",
      "Ljava/util/AbstractMap.remove(Ljava/lang/Object;)Ljava/lang/Object;",
      "Ljava/util/AbstractMap.size()I",
      "Ljava/util/AbstractMap.values()Ljava/util/Collection;"
    ]
  },
  {
    "frequency": 1,
    "overriddenMethods": [
      "Ljava/util/AbstractMap.clear()V",
      "Ljava/util/AbstractMap.containsKey(Ljava/lang/Object;)Z",
      "Ljava/util/AbstractMap.entrySet()Ljava/util/Set;",
      "Ljava/util/AbstractMap.get(Ljava/lang/Object;)Ljava/lang/Object;",
      "Ljava/util/AbstractMap.keySet()Ljava/util/Set;",
      "Ljava/util/AbstractMap.remove(Ljava/lang/Object;)Ljava/lang/Object;"
    ]
  },
  {
    "frequency": 4,
    "overriddenMethods": [
      "Ljava/util/AbstractMap.entrySet()Ljava/util/Set;",
      "Ljava/util/AbstractMap.isEmpty()Z"
    ]
  },
  {
    "frequency": 72,
    "overriddenMethods": [
      "Ljava/util/AbstractMap.clear()V",
      "Ljava/util/AbstractMap.containsKey(Ljava/lang/Object;)Z",
      "Ljava/util/AbstractMap.containsValue(Ljava/lang/Object;)Z",
      "Ljava/util/AbstractMap.entrySet()Ljava/util/Set;",
      "Ljava/util/AbstractMap.equals(Ljava/lang/Object;)Z",
      "Ljava/util/AbstractMap.get(Ljava/lang/Object;)Ljava/lang/Object;",
      "Ljava/util/AbstractMap.isEmpty()Z",
      "Ljava/util/AbstractMap.put(Ljava/lang/Object;Ljava/lang/Object;)Ljava/lang/Object;",
      "Ljava/util/AbstractMap.putAll(Ljava/util/Map;)V",
      "Ljava/util/AbstractMap.remove(Ljava/lang/Object;)Ljava/lang/Object;",
      "Ljava/util/AbstractMap.size()I"
    ]
  },
  {
    "frequency": 17,
    "overriddenMethods": [
      "Ljava/util/AbstractMap.clear()V",
      "Ljava/util/AbstractMap.clone()Ljava/lang/Object;",
      "Ljava/util/AbstractMap.containsKey(Ljava/lang/Object;)Z",
      "Ljava/util/AbstractMap.containsValue(Ljava/lang/Object;)Z",
      "Ljava/util/AbstractMap.entrySet()Ljava/util/Set;",
      "Ljava/util/AbstractMap.equals(Ljava/lang/Object;)Z",
      "Ljava/util/AbstractMap.get(Ljava/lang/Object;)Ljava/lang/Object;",
      "Ljava/util/AbstractMap.hashCode()I",
      "Ljava/util/AbstractMap.isEmpty()Z",
      "Ljava/util/AbstractMap.keySet()Ljava/util/Set;",
      "Ljava/util/AbstractMap.put(Ljava/lang/Object;Ljava/lang/Object;)Ljava/lang/Object;",
      "Ljava/util/AbstractMap.putAll(Ljava/util/Map;)V",
      "Ljava/util/AbstractMap.remove(Ljava/lang/Object;)Ljava/lang/Object;",
      "Ljava/util/AbstractMap.size()I",
      "Ljava/util/AbstractMap.toString()Ljava/lang/String;",
      "Ljava/util/AbstractMap.values()Ljava/util/Collection;"
    ]
  },
  {
    "frequency": 1,
    "overriddenMethods": [
      "Ljava/util/AbstractMap.clone()Ljava/lang/Object;",
      "Ljava/util/AbstractMap.entrySet()Ljava/util/Set;",
      "Ljava/util/AbstractMap.put(Ljava/lang/Object;Ljava/lang/Object;)Ljava/lang/Object;",
      "Ljava/util/AbstractMap.toString()Ljava/lang/String;"
    ]
  },
  {
    "frequency": 1,
    "overriddenMethods": [
      "Ljava/util/AbstractMap.clear()V",
      "Ljava/util/AbstractMap.entrySet()Ljava/util/Set;",
      "Ljava/util/AbstractMap.remove(Ljava/lang/Object;)Ljava/lang/Object;"
    ]
  },
  {
    "frequency": 2,
    "overriddenMethods": [
      "Ljava/util/AbstractMap.containsKey(Ljava/lang/Object;)Z",
      "Ljava/util/AbstractMap.entrySet()Ljava/util/Set;",
      "Ljava/util/AbstractMap.get(Ljava/lang/Object;)Ljava/lang/Object;",
      "Ljava/util/AbstractMap.isEmpty()Z",
      "Ljava/util/AbstractMap.put(Ljava/lang/Object;Ljava/lang/Object;)Ljava/lang/Object;",
      "Ljava/util/AbstractMap.remove(Ljava/lang/Object;)Ljava/lang/Object;",
      "Ljava/util/AbstractMap.toString()Ljava/lang/String;"
    ]
  },
  {
    "frequency": 1,
    "overriddenMethods": [
      "Ljava/util/AbstractMap.containsKey(Ljava/lang/Object;)Z",
      "Ljava/util/AbstractMap.entrySet()Ljava/util/Set;",
      "Ljava/util/AbstractMap.get(Ljava/lang/Object;)Ljava/lang/Object;",
      "Ljava/util/AbstractMap.isEmpty()Z"
    ]
  },
  {
    "frequency": 3,
    "overriddenMethods": [
      "Ljava/util/AbstractMap.clear()V",
      "Ljava/util/AbstractMap.containsKey(Ljava/lang/Object;)Z",
      "Ljava/util/AbstractMap.containsValue(Ljava/lang/Object;)Z",
      "Ljava/util/AbstractMap.entrySet()Ljava/util/Set;",
      "Ljava/util/AbstractMap.get(Ljava/lang/Object;)Ljava/lang/Object;",
      "Ljava/util/AbstractMap.isEmpty()Z",
      "Ljava/util/AbstractMap.put(Ljava/lang/Object;Ljava/lang/Object;)Ljava/lang/Object;",
      "Ljava/util/AbstractMap.remove(Ljava/lang/Object;)Ljava/lang/Object;",
      "Ljava/util/AbstractMap.size()I"
    ]
  },
  {
    "frequency": 1,
    "overriddenMethods": [
      "Ljava/util/AbstractMap.containsKey(Ljava/lang/Object;)Z",
      "Ljava/util/AbstractMap.entrySet()Ljava/util/Set;",
      "Ljava/util/AbstractMap.get(Ljava/lang/Object;)Ljava/lang/Object;",
      "Ljava/util/AbstractMap.put(Ljava/lang/Object;Ljava/lang/Object;)Ljava/lang/Object;",
      "Ljava/util/AbstractMap.remove(Ljava/lang/Object;)Ljava/lang/Object;"
    ]
  },
  {
    "frequency": 2,
    "overriddenMethods": [
      "Ljava/util/AbstractMap.entrySet()Ljava/util/Set;",
      "Ljava/util/AbstractMap.keySet()Ljava/util/Set;"
    ]
  },
  {
    "frequency": 1,
    "overriddenMethods": [
      "Ljava/util/AbstractMap.clear()V",
      "Ljava/util/AbstractMap.containsKey(Ljava/lang/Object;)Z",
      "Ljava/util/AbstractMap.entrySet()Ljava/util/Set;",
      "Ljava/util/AbstractMap.get(Ljava/lang/Object;)Ljava/lang/Object;",
      "Ljava/util/AbstractMap.put(Ljava/lang/Object;Ljava/lang/Object;)Ljava/lang/Object;",
      "Ljava/util/AbstractMap.remove(Ljava/lang/Object;)Ljava/lang/Object;",
      "Ljava/util/AbstractMap.toString()Ljava/lang/String;"
    ]
  },
  {
    "frequency": 21,
    "overriddenMethods": [
      "Ljava/util/AbstractMap.clear()V",
      "Ljava/util/AbstractMap.containsKey(Ljava/lang/Object;)Z",
      "Ljava/util/AbstractMap.entrySet()Ljava/util/Set;",
      "Ljava/util/AbstractMap.get(Ljava/lang/Object;)Ljava/lang/Object;",
      "Ljava/util/AbstractMap.put(Ljava/lang/Object;Ljava/lang/Object;)Ljava/lang/Object;",
      "Ljava/util/AbstractMap.remove(Ljava/lang/Object;)Ljava/lang/Object;",
      "Ljava/util/AbstractMap.size()I"
    ]
  },
  {
    "frequency": 1,
    "overriddenMethods": [
      "Ljava/util/AbstractMap.clear()V",
      "Ljava/util/AbstractMap.containsKey(Ljava/lang/Object;)Z",
      "Ljava/util/AbstractMap.entrySet()Ljava/util/Set;",
      "Ljava/util/AbstractMap.get(Ljava/lang/Object;)Ljava/lang/Object;",
      "Ljava/util/AbstractMap.isEmpty()Z",
      "Ljava/util/AbstractMap.put(Ljava/lang/Object;Ljava/lang/Object;)Ljava/lang/Object;",
      "Ljava/util/AbstractMap.putAll(Ljava/util/Map;)V",
      "Ljava/util/AbstractMap.remove(Ljava/lang/Object;)Ljava/lang/Object;",
      "Ljava/util/AbstractMap.size()I"
    ]
  },
  {
    "frequency": 13,
    "overriddenMethods": [
      "Ljava/util/AbstractMap.clear()V",
      "Ljava/util/AbstractMap.containsKey(Ljava/lang/Object;)Z",
      "Ljava/util/AbstractMap.containsValue(Ljava/lang/Object;)Z",
      "Ljava/util/AbstractMap.entrySet()Ljava/util/Set;",
      "Ljava/util/AbstractMap.get(Ljava/lang/Object;)Ljava/lang/Object;",
      "Ljava/util/AbstractMap.isEmpty()Z",
      "Ljava/util/AbstractMap.keySet()Ljava/util/Set;",
      "Ljava/util/AbstractMap.put(Ljava/lang/Object;Ljava/lang/Object;)Ljava/lang/Object;",
      "Ljava/util/AbstractMap.remove(Ljava/lang/Object;)Ljava/lang/Object;",
      "Ljava/util/AbstractMap.size()I",
      "Ljava/util/AbstractMap.values()Ljava/util/Collection;"
    ]
  },
  {
    "frequency": 6,
    "overriddenMethods": [
      "Ljava/util/AbstractMap.entrySet()Ljava/util/Set;"
    ]
  },
  {
    "frequency": 14,
    "overriddenMethods": [
      "Ljava/util/AbstractMap.containsKey(Ljava/lang/Object;)Z",
      "Ljava/util/AbstractMap.entrySet()Ljava/util/Set;",
      "Ljava/util/AbstractMap.get(Ljava/lang/Object;)Ljava/lang/Object;",
      "Ljava/util/AbstractMap.keySet()Ljava/util/Set;",
      "Ljava/util/AbstractMap.put(Ljava/lang/Object;Ljava/lang/Object;)Ljava/lang/Object;"
    ]
  },
  {
    "frequency": 21,
    "overriddenMethods": [
      "Ljava/util/AbstractMap.containsKey(Ljava/lang/Object;)Z",
      "Ljava/util/AbstractMap.entrySet()Ljava/util/Set;",
      "Ljava/util/AbstractMap.get(Ljava/lang/Object;)Ljava/lang/Object;",
      "Ljava/util/AbstractMap.remove(Ljava/lang/Object;)Ljava/lang/Object;"
    ]
  },
  {
    "frequency": 1,
    "overriddenMethods": [
      "Ljava/util/AbstractMap.clear()V",
      "Ljava/util/AbstractMap.clone()Ljava/lang/Object;",
      "Ljava/util/AbstractMap.containsKey(Ljava/lang/Object;)Z",
      "Ljava/util/AbstractMap.containsValue(Ljava/lang/Object;)Z",
      "Ljava/util/AbstractMap.entrySet()Ljava/util/Set;",
      "Ljava/util/AbstractMap.get(Ljava/lang/Object;)Ljava/lang/Object;",
      "Ljava/util/AbstractMap.keySet()Ljava/util/Set;",
      "Ljava/util/AbstractMap.put(Ljava/lang/Object;Ljava/lang/Object;)Ljava/lang/Object;",
      "Ljava/util/AbstractMap.putAll(Ljava/util/Map;)V",
      "Ljava/util/AbstractMap.remove(Ljava/lang/Object;)Ljava/lang/Object;",
      "Ljava/util/AbstractMap.size()I",
      "Ljava/util/AbstractMap.values()Ljava/util/Collection;"
    ]
  },
  {
    "frequency": 2,
    "overriddenMethods": [
      "Ljava/util/AbstractMap.clear()V",
      "Ljava/util/AbstractMap.containsKey(Ljava/lang/Object;)Z",
      "Ljava/util/AbstractMap.containsValue(Ljava/lang/Object;)Z",
      "Ljava/util/AbstractMap.entrySet()Ljava/util/Set;",
      "Ljava/util/AbstractMap.get(Ljava/lang/Object;)Ljava/lang/Object;",
      "Ljava/util/AbstractMap.put(Ljava/lang/Object;Ljava/lang/Object;)Ljava/lang/Object;",
      "Ljava/util/AbstractMap.remove(Ljava/lang/Object;)Ljava/lang/Object;",
      "Ljava/util/AbstractMap.size()I"
    ]
  },
  {
    "frequency": 2,
    "overriddenMethods": [
      "Ljava/util/AbstractMap.containsKey(Ljava/lang/Object;)Z",
      "Ljava/util/AbstractMap.entrySet()Ljava/util/Set;",
      "Ljava/util/AbstractMap.get(Ljava/lang/Object;)Ljava/lang/Object;",
      "Ljava/util/AbstractMap.isEmpty()Z",
      "Ljava/util/AbstractMap.toString()Ljava/lang/String;"
    ]
  },
  {
    "frequency": 1,
    "overriddenMethods": [
      "Ljava/util/AbstractMap.containsKey(Ljava/lang/Object;)Z",
      "Ljava/util/AbstractMap.entrySet()Ljava/util/Set;",
      "Ljava/util/AbstractMap.get(Ljava/lang/Object;)Ljava/lang/Object;",
      "Ljava/util/AbstractMap.size()I"
    ]
  },
  {
    "frequency": 1,
    "overriddenMethods": [
      "Ljava/util/AbstractMap.containsKey(Ljava/lang/Object;)Z",
      "Ljava/util/AbstractMap.containsValue(Ljava/lang/Object;)Z",
      "Ljava/util/AbstractMap.entrySet()Ljava/util/Set;",
      "Ljava/util/AbstractMap.get(Ljava/lang/Object;)Ljava/lang/Object;",
      "Ljava/util/AbstractMap.isEmpty()Z",
      "Ljava/util/AbstractMap.keySet()Ljava/util/Set;",
      "Ljava/util/AbstractMap.size()I",
      "Ljava/util/AbstractMap.values()Ljava/util/Collection;"
    ]
  },
  {
    "frequency": 2,
    "overriddenMethods": [
      "Ljava/util/AbstractMap.entrySet()Ljava/util/Set;",
      "Ljava/util/AbstractMap.get(Ljava/lang/Object;)Ljava/lang/Object;",
      "Ljava/util/AbstractMap.put(Ljava/lang/Object;Ljava/lang/Object;)Ljava/lang/Object;",
      "Ljava/util/AbstractMap.size()I"
    ]
  },
  {
    "frequency": 20,
    "overriddenMethods": [
      "Ljava/util/AbstractMap.clear()V",
      "Ljava/util/AbstractMap.containsKey(Ljava/lang/Object;)Z",
      "Ljava/util/AbstractMap.entrySet()Ljava/util/Set;",
      "Ljava/util/AbstractMap.get(Ljava/lang/Object;)Ljava/lang/Object;",
      "Ljava/util/AbstractMap.keySet()Ljava/util/Set;",
      "Ljava/util/AbstractMap.put(Ljava/lang/Object;Ljava/lang/Object;)Ljava/lang/Object;",
      "Ljava/util/AbstractMap.remove(Ljava/lang/Object;)Ljava/lang/Object;"
    ]
  },
  {
    "frequency": 85,
    "overriddenMethods": [
      "Ljava/util/AbstractMap.clear()V",
      "Ljava/util/AbstractMap.containsKey(Ljava/lang/Object;)Z",
      "Ljava/util/AbstractMap.containsValue(Ljava/lang/Object;)Z",
      "Ljava/util/AbstractMap.entrySet()Ljava/util/Set;",
      "Ljava/util/AbstractMap.get(Ljava/lang/Object;)Ljava/lang/Object;",
      "Ljava/util/AbstractMap.isEmpty()Z",
      "Ljava/util/AbstractMap.keySet()Ljava/util/Set;",
      "Ljava/util/AbstractMap.put(Ljava/lang/Object;Ljava/lang/Object;)Ljava/lang/Object;",
      "Ljava/util/AbstractMap.putAll(Ljava/util/Map;)V",
      "Ljava/util/AbstractMap.remove(Ljava/lang/Object;)Ljava/lang/Object;",
      "Ljava/util/AbstractMap.size()I",
      "Ljava/util/AbstractMap.values()Ljava/util/Collection;"
    ]
  },
  {
    "frequency": 28,
    "overriddenMethods": [
      "Ljava/util/AbstractMap.clear()V",
      "Ljava/util/AbstractMap.containsKey(Ljava/lang/Object;)Z",
      "Ljava/util/AbstractMap.entrySet()Ljava/util/Set;",
      "Ljava/util/AbstractMap.get(Ljava/lang/Object;)Ljava/lang/Object;",
      "Ljava/util/AbstractMap.isEmpty()Z",
      "Ljava/util/AbstractMap.put(Ljava/lang/Object;Ljava/lang/Object;)Ljava/lang/Object;",
      "Ljava/util/AbstractMap.remove(Ljava/lang/Object;)Ljava/lang/Object;",
      "Ljava/util/AbstractMap.size()I"
    ]
  },
  {
    "frequency": 15,
    "overriddenMethods": [
      "Ljava/util/AbstractMap.clear()V",
      "Ljava/util/AbstractMap.containsKey(Ljava/lang/Object;)Z",
      "Ljava/util/AbstractMap.entrySet()Ljava/util/Set;",
      "Ljava/util/AbstractMap.get(Ljava/lang/Object;)Ljava/lang/Object;",
      "Ljava/util/AbstractMap.remove(Ljava/lang/Object;)Ljava/lang/Object;",
      "Ljava/util/AbstractMap.size()I"
    ]
  },
  {
    "frequency": 49,
    "overriddenMethods": [
      "Ljava/util/AbstractMap.entrySet()Ljava/util/Set;",
      "Ljava/util/AbstractMap.get(Ljava/lang/Object;)Ljava/lang/Object;"
    ]
  },
  {
    "frequency": 2,
    "overriddenMethods": [
      "Ljava/util/AbstractMap.entrySet()Ljava/util/Set;",
      "Ljava/util/AbstractMap.get(Ljava/lang/Object;)Ljava/lang/Object;",
      "Ljava/util/AbstractMap.put(Ljava/lang/Object;Ljava/lang/Object;)Ljava/lang/Object;",
      "Ljava/util/AbstractMap.toString()Ljava/lang/String;"
    ]
  },
  {
    "frequency": 3,
    "overriddenMethods": [
      "Ljava/util/AbstractMap.containsKey(Ljava/lang/Object;)Z",
      "Ljava/util/AbstractMap.containsValue(Ljava/lang/Object;)Z",
      "Ljava/util/AbstractMap.entrySet()Ljava/util/Set;",
      "Ljava/util/AbstractMap.equals(Ljava/lang/Object;)Z",
      "Ljava/util/AbstractMap.get(Ljava/lang/Object;)Ljava/lang/Object;",
      "Ljava/util/AbstractMap.hashCode()I",
      "Ljava/util/AbstractMap.isEmpty()Z",
      "Ljava/util/AbstractMap.keySet()Ljava/util/Set;",
      "Ljava/util/AbstractMap.put(Ljava/lang/Object;Ljava/lang/Object;)Ljava/lang/Object;",
      "Ljava/util/AbstractMap.size()I",
      "Ljava/util/AbstractMap.values()Ljava/util/Collection;"
    ]
  },
  {
    "frequency": 24,
    "overriddenMethods": [
      "Ljava/util/AbstractMap.clear()V",
      "Ljava/util/AbstractMap.clone()Ljava/lang/Object;",
      "Ljava/util/AbstractMap.containsKey(Ljava/lang/Object;)Z",
      "Ljava/util/AbstractMap.containsValue(Ljava/lang/Object;)Z",
      "Ljava/util/AbstractMap.entrySet()Ljava/util/Set;",
      "Ljava/util/AbstractMap.get(Ljava/lang/Object;)Ljava/lang/Object;",
      "Ljava/util/AbstractMap.keySet()Ljava/util/Set;",
      "Ljava/util/AbstractMap.put(Ljava/lang/Object;Ljava/lang/Object;)Ljava/lang/Object;",
      "Ljava/util/AbstractMap.size()I",
      "Ljava/util/AbstractMap.toString()Ljava/lang/String;",
      "Ljava/util/AbstractMap.values()Ljava/util/Collection;"
    ]
  },
  {
    "frequency": 15,
    "overriddenMethods": [
      "Ljava/util/AbstractMap.clear()V",
      "Ljava/util/AbstractMap.entrySet()Ljava/util/Set;",
      "Ljava/util/AbstractMap.get(Ljava/lang/Object;)Ljava/lang/Object;",
      "Ljava/util/AbstractMap.put(Ljava/lang/Object;Ljava/lang/Object;)Ljava/lang/Object;",
      "Ljava/util/AbstractMap.remove(Ljava/lang/Object;)Ljava/lang/Object;",
      "Ljava/util/AbstractMap.size()I"
    ]
  },
  {
    "frequency": 16,
    "overriddenMethods": [
      "Ljava/util/AbstractMap.containsKey(Ljava/lang/Object;)Z",
      "Ljava/util/AbstractMap.entrySet()Ljava/util/Set;",
      "Ljava/util/AbstractMap.equals(Ljava/lang/Object;)Z",
      "Ljava/util/AbstractMap.get(Ljava/lang/Object;)Ljava/lang/Object;",
      "Ljava/util/AbstractMap.hashCode()I",
      "Ljava/util/AbstractMap.keySet()Ljava/util/Set;",
      "Ljava/util/AbstractMap.remove(Ljava/lang/Object;)Ljava/lang/Object;",
      "Ljava/util/AbstractMap.toString()Ljava/lang/String;"
    ]
  },
  {
    "frequency": 3,
    "overriddenMethods": [
      "Ljava/util/AbstractMap.entrySet()Ljava/util/Set;",
      "Ljava/util/AbstractMap.get(Ljava/lang/Object;)Ljava/lang/Object;",
      "Ljava/util/AbstractMap.put(Ljava/lang/Object;Ljava/lang/Object;)Ljava/lang/Object;",
      "Ljava/util/AbstractMap.remove(Ljava/lang/Object;)Ljava/lang/Object;"
    ]
  },
  {
    "frequency": 12,
    "overriddenMethods": [
      "Ljava/util/AbstractMap.entrySet()Ljava/util/Set;",
      "Ljava/util/AbstractMap.put(Ljava/lang/Object;Ljava/lang/Object;)Ljava/lang/Object;"
    ]
  },
  {
    "frequency": 1,
    "overriddenMethods": [
      "Ljava/util/AbstractMap.containsKey(Ljava/lang/Object;)Z",
      "Ljava/util/AbstractMap.containsValue(Ljava/lang/Object;)Z",
      "Ljava/util/AbstractMap.entrySet()Ljava/util/Set;",
      "Ljava/util/AbstractMap.get(Ljava/lang/Object;)Ljava/lang/Object;",
      "Ljava/util/AbstractMap.keySet()Ljava/util/Set;",
      "Ljava/util/AbstractMap.put(Ljava/lang/Object;Ljava/lang/Object;)Ljava/lang/Object;",
      "Ljava/util/AbstractMap.remove(Ljava/lang/Object;)Ljava/lang/Object;",
      "Ljava/util/AbstractMap.size()I",
      "Ljava/util/AbstractMap.values()Ljava/util/Collection;"
    ]
  }
]