[
  {
    "frequency": 51,
    "overriddenMethods": [
      "Ljava/util/AbstractCollection.iterator()Ljava/util/Iterator;",
      "Ljava/util/AbstractCollection.size()I"
    ]
  },
  {
    "frequency": 3,
    "overriddenMethods": [
      "Ljava/util/AbstractCollection.isEmpty()Z",
      "Ljava/util/AbstractCollection.iterator()Ljava/util/Iterator;",
      "Ljava/util/AbstractCollection.size()I",
      "Ljava/util/AbstractQueue.clear()V"
    ]
  },
  {
    "frequency": 27,
    "overriddenMethods": [
      "Ljava/util/AbstractCollection.iterator()Ljava/util/Iterator;",
      "Ljava/util/AbstractCollection.size()I",
      "Ljava/util/AbstractCollection.toArray()[Ljava/lang/Object;",
      "Ljava/util/AbstractQueue.add(Ljava/lang/Object;)Z",
      "Ljava/util/AbstractQueue.addAll(Ljava/util/Collection;)Z",
      "Ljava/util/AbstractQueue.clear()V"
    ]
  },
  {
    "frequency": 2,
    "overriddenMethods": [
      "Ljava/util/AbstractCollection.iterator()Ljava/util/Iterator;",
      "Ljava/util/AbstractCollection.remove(Ljava/lang/Object;)Z",
      "Ljava/util/AbstractCollection.size()I",
      "Ljava/util/AbstractCollection.toArray()[Ljava/lang/Object;",
      "Ljava/util/AbstractCollection.toArray([Ljava/lang/Object;)[Ljava/lang/Object;",
      "Ljava/util/AbstractCollection.toString()Ljava/lang/String;",
      "Ljava/util/AbstractQueue.clear()V"
    ]
  },
  {
    "frequency": 2,
    "overriddenMethods": [
      "Ljava/util/AbstractCollection.contains(Ljava/lang/Object;)Z",
      "Ljava/util/AbstractCollection.isEmpty()Z",
      "Ljava/util/AbstractCollection.iterator()Ljava/util/Iterator;",
      "Ljava/util/AbstractCollection.remove(Ljava/lang/Object;)Z",
      "Ljava/util/AbstractCollection.size()I",
      "Ljava/util/AbstractQueue.add(Ljava/lang/Object;)Z"
    ]
  },
  {
    "frequency": 7,
    "overriddenMethods": [
      "Ljava/lang/Object.clone()Ljava/lang/Object;",
      "Ljava/lang/Object.equals(Ljava/lang/Object;)Z",
      "Ljava/lang/Object.hashCode()I",
      "Ljava/util/AbstractCollection.contains(Ljava/lang/Object;)Z",
      "Ljava/util/AbstractCollection.containsAll(Ljava/util/Collection;)Z",
      "Ljava/util/AbstractCollection.isEmpty()Z",
      "Ljava/util/AbstractCollection.iterator()Ljava/util/Iterator;",
      "Ljava/util/AbstractCollection.remove(Ljava/lang/Object;)Z",
      "Ljava/util/AbstractCollection.removeAll(Ljava/util/Collection;)Z",
      "Ljava/util/AbstractCollection.retainAll(Ljava/util/Collection;)Z",
      "Ljava/util/AbstractCollection.size()I",
      "Ljava/util/AbstractCollection.toArray()[Ljava/lang/Object;",
      "Ljava/util/AbstractCollection.toArray([Ljava/lang/Object;)[Ljava/lang/Object;",
      "Ljava/util/AbstractQueue.add(Ljava/lang/Object;)Z",
      "Ljava/util/AbstractQueue.addAll(Ljava/util/Collection;)Z",
      "Ljava/util/AbstractQueue.clear()V"
    ]
  },
  {
    "frequency": 7,
    "overriddenMethods": [
      "Ljava/util/AbstractCollection.isEmpty()Z",
      "Ljava/util/AbstractCollection.iterator()Ljava/util/Iterator;",
      "Ljava/util/AbstractCollection.remove(Ljava/lang/Object;)Z",
      "Ljava/util/AbstractCollection.size()I",
      "Ljava/util/AbstractQueue.add(Ljava/lang/Object;)Z"
    ]
  },
  {
    "frequency": 2,
    "overriddenMethods": [
      "Ljava/util/AbstractCollection.iterator()Ljava/util/Iterator;",
      "Ljava/util/AbstractCollection.size()I",
      "Ljava/util/AbstractQueue.add(Ljava/lang/Object;)Z"
    ]
  },
  {
    "frequency": 90,
    "overriddenMethods": [
      "Ljava/util/AbstractCollection.contains(Ljava/lang/Object;)Z",
      "Ljava/util/AbstractCollection.isEmpty()Z",
      "Ljava/util/AbstractCollection.iterator()Ljava/util/Iterator;",
      "Ljava/util/AbstractCollection.remove(Ljava/lang/Object;)Z",
      "Ljava/util/AbstractCollection.size()I",
      "Ljava/util/AbstractQueue.clear()V"
    ]
  }
]