[
  {
    "frequency": 1,
    "overriddenMethods": []
  },
  {
    "frequency": 7,
    "overriddenMethods": [
      "Ljava/util/Date.clone()Ljava/lang/Object;",
      "Ljava/util/Date.setDate(I)V",
      "Ljava/util/Date.setHours(I)V",
      "Ljava/util/Date.setMinutes(I)V",
      "Ljava/util/Date.setMonth(I)V",
      "Ljava/util/Date.setSeconds(I)V",
      "Ljava/util/Date.setTime(J)V",
      "Ljava/util/Date.setYear(I)V"
    ]
  },
  {
    "frequency": 3,
    "overriddenMethods": [
      "Ljava/util/Date.setHours(I)V",
      "Ljava/util/Date.setMinutes(I)V",
      "Ljava/util/Date.setMonth(I)V",
      "Ljava/util/Date.setSeconds(I)V",
      "Ljava/util/Date.setYear(I)V"
    ]
  },
  {
    "frequency": 6,
    "overriddenMethods": [
      "Ljava/util/Date.setDate(I)V",
      "Ljava/util/Date.setHours(I)V",
      "Ljava/util/Date.setMinutes(I)V",
      "Ljava/util/Date.setMonth(I)V",
      "Ljava/util/Date.setSeconds(I)V",
      "Ljava/util/Date.setTime(J)V",
      "Ljava/util/Date.setYear(I)V"
    ]
  },
  {
    "frequency": 4,
    "overriddenMethods": [
      "Ljava/util/Date.after(Ljava/util/Date;)Z",
      "Ljava/util/Date.before(Ljava/util/Date;)Z",
      "Ljava/util/Date.compareTo(Ljava/util/Date;)I",
      "Ljava/util/Date.equals(Ljava/lang/Object;)Z",
      "Ljava/util/Date.hashCode()I"
    ]
  },
  {
    "frequency": 1,
    "overriddenMethods": [
      "Ljava/util/Date.after(Ljava/util/Date;)Z",
      "Ljava/util/Date.before(Ljava/util/Date;)Z",
      "Ljava/util/Date.clone()Ljava/lang/Object;",
      "Ljava/util/Date.compareTo(Ljava/lang/Object;)I",
      "Ljava/util/Date.compareTo(Ljava/util/Date;)I",
      "Ljava/util/Date.equals(Ljava/lang/Object;)Z",
      "Ljava/util/Date.getTime()J",
      "Ljava/util/Date.hashCode()I",
      "Ljava/util/Date.toString()Ljava/lang/String;"
    ]
  },
  {
    "frequency": 1,
    "overriddenMethods": [
      "Ljava/util/Date.after(Ljava/util/Date;)Z",
      "Ljava/util/Date.before(Ljava/util/Date;)Z",
      "Ljava/util/Date.compareTo(Ljava/lang/Object;)I",
      "Ljava/util/Date.compareTo(Ljava/util/Date;)I",
      "Ljava/util/Date.equals(Ljava/lang/Object;)Z",
      "Ljava/util/Date.hashCode()I"
    ]
  }
]