[
  {
    "frequency": 661,
    "overriddenMethods": []
  },
  {
    "frequency": 54,
    "overriddenMethods": [
      "Ljava/util/EventObject.getSource()Ljava/lang/Object;"
    ]
  },
  {
    "frequency": 1,
    "overriddenMethods": [
      "Ljava/lang/Object.clone()Ljava/lang/Object;"
    ]
  },
  {
    "frequency": 2,
    "overriddenMethods": [
      "Ljava/lang/Object.equals(Ljava/lang/Object;)Z",
      "Ljava/lang/Object.hashCode()I"
    ]
  },
  {
    "frequency": 84,
    "overriddenMethods": [
      "Ljava/util/EventObject.toString()Ljava/lang/String;"
    ]
  },
  {
    "frequency": 8,
    "overriddenMethods": [
      "Ljava/lang/Object.equals(Ljava/lang/Object;)Z",
      "Ljava/lang/Object.hashCode()I",
      "Ljava/util/EventObject.toString()Ljava/lang/String;"
    ]
  },
  {
    "frequency": 6,
    "overriddenMethods": [
      "Ljava/util/EventObject.getSource()Ljava/lang/Object;",
      "Ljava/util/EventObject.toString()Ljava/lang/String;"
    ]
  }
]