[
  {
    "frequency": 23,
    "overriddenMethods": []
  },
  {
    "frequency": 7,
    "overriddenMethods": [
      "Ljava/util/Calendar.set(II)V",
      "Ljava/util/Calendar.setFirstDayOfWeek(I)V",
      "Ljava/util/Calendar.setLenient(Z)V",
      "Ljava/util/Calendar.setMinimalDaysInFirstWeek(I)V",
      "Ljava/util/Calendar.setTimeInMillis(J)V",
      "Ljava/util/GregorianCalendar.add(II)V",
      "Ljava/util/GregorianCalendar.clone()Ljava/lang/Object;",
      "Ljava/util/GregorianCalendar.roll(II)V",
      "Ljava/util/GregorianCalendar.roll(IZ)V",
      "Ljava/util/GregorianCalendar.setGregorianChange(Ljava/util/Date;)V",
      "Ljava/util/GregorianCalendar.setTimeZone(Ljava/util/TimeZone;)V"
    ]
  },
  {
    "frequency": 10,
    "overriddenMethods": [
      "Ljava/util/Calendar.get(I)I",
      "Ljava/util/Calendar.toString()Ljava/lang/String;",
      "Ljava/util/GregorianCalendar.computeTime()V"
    ]
  },
  {
    "frequency": 4,
    "overriddenMethods": [
      "Ljava/util/Calendar.getTimeInMillis()J",
      "Ljava/util/Calendar.setTimeInMillis(J)V"
    ]
  }
]