[
  {
    "frequency": 11,
    "overriddenMethods": []
  },
  {
    "frequency": 1,
    "overriddenMethods": [
      "Ljava/util/LinkedList.removeLast()Ljava/lang/Object;"
    ]
  },
  {
    "frequency": 1,
    "overriddenMethods": [
      "Ljava/util/AbstractCollection.containsAll(Ljava/util/Collection;)Z",
      "Ljava/util/AbstractCollection.removeAll(Ljava/util/Collection;)Z",
      "Ljava/util/AbstractCollection.retainAll(Ljava/util/Collection;)Z",
      "Ljava/util/AbstractList.subList(II)Ljava/util/List;",
      "Ljava/util/LinkedList.add(ILjava/lang/Object;)V",
      "Ljava/util/LinkedList.add(Ljava/lang/Object;)Z",
      "Ljava/util/LinkedList.addAll(ILjava/util/Collection;)Z",
      "Ljava/util/LinkedList.addAll(Ljava/util/Collection;)Z",
      "Ljava/util/LinkedList.addFirst(Ljava/lang/Object;)V",
      "Ljava/util/LinkedList.addLast(Ljava/lang/Object;)V",
      "Ljava/util/LinkedList.clear()V",
      "Ljava/util/LinkedList.clone()Ljava/lang/Object;",
      "Ljava/util/LinkedList.contains(Ljava/lang/Object;)Z",
      "Ljava/util/LinkedList.element()Ljava/lang/Object;",
      "Ljava/util/LinkedList.get(I)Ljava/lang/Object;",
      "Ljava/util/LinkedList.getFirst()Ljava/lang/Object;",
      "Ljava/util/LinkedList.getLast()Ljava/lang/Object;",
      "Ljava/util/LinkedList.indexOf(Ljava/lang/Object;)I",
      "Ljava/util/LinkedList.lastIndexOf(Ljava/lang/Object;)I",
      "Ljava/util/LinkedList.offer(Ljava/lang/Object;)Z",
      "Ljava/util/LinkedList.peek()Ljava/lang/Object;",
      "Ljava/util/LinkedList.poll()Ljava/lang/Object;",
      "Ljava/util/LinkedList.remove()Ljava/lang/Object;",
      "Ljava/util/LinkedList.remove(I)Ljava/lang/Object;",
      "Ljava/util/LinkedList.remove(Ljava/lang/Object;)Z",
      "Ljava/util/LinkedList.removeFirst()Ljava/lang/Object;",
      "Ljava/util/LinkedList.removeLast()Ljava/lang/Object;",
      "Ljava/util/LinkedList.set(ILjava/lang/Object;)Ljava/lang/Object;",
      "Ljava/util/LinkedList.toArray()[Ljava/lang/Object;",
      "Ljava/util/LinkedList.toArray([Ljava/lang/Object;)[Ljava/lang/Object;"
    ]
  },
  {
    "frequency": 4,
    "overriddenMethods": [
      "Ljava/util/LinkedList.add(ILjava/lang/Object;)V",
      "Ljava/util/LinkedList.add(Ljava/lang/Object;)Z",
      "Ljava/util/LinkedList.addAll(ILjava/util/Collection;)Z",
      "Ljava/util/LinkedList.addAll(Ljava/util/Collection;)Z",
      "Ljava/util/LinkedList.addFirst(Ljava/lang/Object;)V",
      "Ljava/util/LinkedList.addLast(Ljava/lang/Object;)V",
      "Ljava/util/LinkedList.listIterator(I)Ljava/util/ListIterator;"
    ]
  },
  {
    "frequency": 9,
    "overriddenMethods": [
      "Ljava/util/LinkedList.add(Ljava/lang/Object;)Z"
    ]
  },
  {
    "frequency": 1,
    "overriddenMethods": [
      "Ljava/util/LinkedList.add(ILjava/lang/Object;)V",
      "Ljava/util/LinkedList.add(Ljava/lang/Object;)Z",
      "Ljava/util/LinkedList.addFirst(Ljava/lang/Object;)V",
      "Ljava/util/LinkedList.contains(Ljava/lang/Object;)Z"
    ]
  },
  {
    "frequency": 1,
    "overriddenMethods": [
      "Ljava/util/LinkedList.addFirst(Ljava/lang/Object;)V",
      "Ljava/util/LinkedList.addLast(Ljava/lang/Object;)V",
      "Ljava/util/LinkedList.listIterator(I)Ljava/util/ListIterator;"
    ]
  },
  {
    "frequency": 3,
    "overriddenMethods": [
      "Ljava/util/LinkedList.element()Ljava/lang/Object;",
      "Ljava/util/LinkedList.offer(Ljava/lang/Object;)Z",
      "Ljava/util/LinkedList.peek()Ljava/lang/Object;",
      "Ljava/util/LinkedList.poll()Ljava/lang/Object;",
      "Ljava/util/LinkedList.remove()Ljava/lang/Object;"
    ]
  },
  {
    "frequency": 2,
    "overriddenMethods": [
      "Ljava/util/AbstractCollection.toString()Ljava/lang/String;",
      "Ljava/util/LinkedList.indexOf(Ljava/lang/Object;)I",
      "Ljava/util/LinkedList.lastIndexOf(Ljava/lang/Object;)I",
      "Ljava/util/LinkedList.remove(Ljava/lang/Object;)Z"
    ]
  },
  {
    "frequency": 1,
    "overriddenMethods": [
      "Ljava/util/LinkedList.peek()Ljava/lang/Object;",
      "Ljava/util/LinkedList.pop()Ljava/lang/Object;",
      "Ljava/util/LinkedList.push(Ljava/lang/Object;)V"
    ]
  },
  {
    "frequency": 2,
    "overriddenMethods": [
      "Ljava/util/LinkedList.clear()V"
    ]
  },
  {
    "frequency": 2,
    "overriddenMethods": [
      "Ljava/util/LinkedList.indexOf(Ljava/lang/Object;)I",
      "Ljava/util/LinkedList.lastIndexOf(Ljava/lang/Object;)I",
      "Ljava/util/LinkedList.remove(Ljava/lang/Object;)Z"
    ]
  },
  {
    "frequency": 1,
    "overriddenMethods": [
      "Ljava/util/AbstractCollection.removeAll(Ljava/util/Collection;)Z",
      "Ljava/util/AbstractCollection.retainAll(Ljava/util/Collection;)Z",
      "Ljava/util/AbstractList.removeRange(II)V",
      "Ljava/util/LinkedList.add(ILjava/lang/Object;)V",
      "Ljava/util/LinkedList.add(Ljava/lang/Object;)Z",
      "Ljava/util/LinkedList.addAll(ILjava/util/Collection;)Z",
      "Ljava/util/LinkedList.addFirst(Ljava/lang/Object;)V",
      "Ljava/util/LinkedList.addLast(Ljava/lang/Object;)V",
      "Ljava/util/LinkedList.clear()V",
      "Ljava/util/LinkedList.listIterator(I)Ljava/util/ListIterator;",
      "Ljava/util/LinkedList.remove(I)Ljava/lang/Object;",
      "Ljava/util/LinkedList.remove(Ljava/lang/Object;)Z",
      "Ljava/util/LinkedList.removeFirst()Ljava/lang/Object;",
      "Ljava/util/LinkedList.removeLast()Ljava/lang/Object;",
      "Ljava/util/LinkedList.set(ILjava/lang/Object;)Ljava/lang/Object;"
    ]
  },
  {
    "frequency": 2,
    "overriddenMethods": [
      "Ljava/util/LinkedList.descendingIterator()Ljava/util/Iterator;",
      "Ljava/util/LinkedList.peekLast()Ljava/lang/Object;",
      "Ljava/util/LinkedList.pollLast()Ljava/lang/Object;",
      "Ljava/util/LinkedList.push(Ljava/lang/Object;)V"
    ]
  },
  {
    "frequency": 2,
    "overriddenMethods": [
      "Ljava/util/LinkedList.pop()Ljava/lang/Object;",
      "Ljava/util/LinkedList.push(Ljava/lang/Object;)V"
    ]
  },
  {
    "frequency": 3,
    "overriddenMethods": [
      "Ljava/util/AbstractCollection.toString()Ljava/lang/String;"
    ]
  },
  {
    "frequency": 7,
    "overriddenMethods": [
      "Ljava/util/AbstractCollection.containsAll(Ljava/util/Collection;)Z",
      "Ljava/util/AbstractCollection.isEmpty()Z",
      "Ljava/util/AbstractCollection.removeAll(Ljava/util/Collection;)Z",
      "Ljava/util/AbstractCollection.retainAll(Ljava/util/Collection;)Z",
      "Ljava/util/AbstractList.equals(Ljava/lang/Object;)Z",
      "Ljava/util/AbstractList.hashCode()I",
      "Ljava/util/AbstractList.subList(II)Ljava/util/List;",
      "Ljava/util/AbstractSequentialList.iterator()Ljava/util/Iterator;",
      "Ljava/util/LinkedList.add(ILjava/lang/Object;)V",
      "Ljava/util/LinkedList.add(Ljava/lang/Object;)Z",
      "Ljava/util/LinkedList.addAll(ILjava/util/Collection;)Z",
      "Ljava/util/LinkedList.addAll(Ljava/util/Collection;)Z",
      "Ljava/util/LinkedList.addFirst(Ljava/lang/Object;)V",
      "Ljava/util/LinkedList.addLast(Ljava/lang/Object;)V",
      "Ljava/util/LinkedList.clear()V",
      "Ljava/util/LinkedList.clone()Ljava/lang/Object;",
      "Ljava/util/LinkedList.contains(Ljava/lang/Object;)Z",
      "Ljava/util/LinkedList.get(I)Ljava/lang/Object;",
      "Ljava/util/LinkedList.getFirst()Ljava/lang/Object;",
      "Ljava/util/LinkedList.getLast()Ljava/lang/Object;",
      "Ljava/util/LinkedList.indexOf(Ljava/lang/Object;)I",
      "Ljava/util/LinkedList.lastIndexOf(Ljava/lang/Object;)I",
      "Ljava/util/LinkedList.listIterator(I)Ljava/util/ListIterator;",
      "Ljava/util/LinkedList.remove(I)Ljava/lang/Object;",
      "Ljava/util/LinkedList.remove(Ljava/lang/Object;)Z",
      "Ljava/util/LinkedList.removeFirst()Ljava/lang/Object;",
      "Ljava/util/LinkedList.removeLast()Ljava/lang/Object;",
      "Ljava/util/LinkedList.set(ILjava/lang/Object;)Ljava/lang/Object;",
      "Ljava/util/LinkedList.size()I",
      "Ljava/util/LinkedList.toArray()[Ljava/lang/Object;",
      "Ljava/util/LinkedList.toArray([Ljava/lang/Object;)[Ljava/lang/Object;"
    ]
  }
]