[
  {
    "frequency": 1,
    "overriddenMethods": [
      "Ljava/lang/Throwable.getLocalizedMessage()Ljava/lang/String;",
      "Ljava/lang/Throwable.getMessage()Ljava/lang/String;"
    ]
  },
  {
    "frequency": 16,
    "overriddenMethods": [
      "Ljava/lang/Throwable.getCause()Ljava/lang/Throwable;"
    ]
  },
  {
    "frequency": 1,
    "overriddenMethods": [
      "Ljava/lang/Throwable.getCause()Ljava/lang/Throwable;",
      "Ljava/lang/Throwable.getMessage()Ljava/lang/String;"
    ]
  }
]