[
  {
    "frequency": 48,
    "overriddenMethods": []
  },
  {
    "frequency": 3,
    "overriddenMethods": [
      "Ljava/util/Hashtable.put(Ljava/lang/Object;Ljava/lang/Object;)Ljava/lang/Object;",
      "Ljava/util/Hashtable.remove(Ljava/lang/Object;)Ljava/lang/Object;",
      "Ljava/util/Properties.getProperty(Ljava/lang/String;)Ljava/lang/String;",
      "Ljava/util/Properties.setProperty(Ljava/lang/String;Ljava/lang/String;)Ljava/lang/Object;"
    ]
  },
  {
    "frequency": 1,
    "overriddenMethods": [
      "Ljava/util/Hashtable.clear()V",
      "Ljava/util/Hashtable.put(Ljava/lang/Object;Ljava/lang/Object;)Ljava/lang/Object;",
      "Ljava/util/Hashtable.putAll(Ljava/util/Map;)V",
      "Ljava/util/Hashtable.remove(Ljava/lang/Object;)Ljava/lang/Object;",
      "Ljava/util/Properties.setProperty(Ljava/lang/String;Ljava/lang/String;)Ljava/lang/Object;"
    ]
  },
  {
    "frequency": 1,
    "overriddenMethods": [
      "Ljava/util/Hashtable.clear()V",
      "Ljava/util/Hashtable.clone()Ljava/lang/Object;",
      "Ljava/util/Hashtable.contains(Ljava/lang/Object;)Z",
      "Ljava/util/Hashtable.containsKey(Ljava/lang/Object;)Z",
      "Ljava/util/Hashtable.elements()Ljava/util/Enumeration;",
      "Ljava/util/Hashtable.get(Ljava/lang/Object;)Ljava/lang/Object;",
      "Ljava/util/Hashtable.isEmpty()Z",
      "Ljava/util/Hashtable.keys()Ljava/util/Enumeration;",
      "Ljava/util/Hashtable.put(Ljava/lang/Object;Ljava/lang/Object;)Ljava/lang/Object;",
      "Ljava/util/Hashtable.remove(Ljava/lang/Object;)Ljava/lang/Object;",
      "Ljava/util/Hashtable.size()I",
      "Ljava/util/Hashtable.toString()Ljava/lang/String;",
      "Ljava/util/Properties.getProperty(Ljava/lang/String;)Ljava/lang/String;",
      "Ljava/util/Properties.getProperty(Ljava/lang/String;Ljava/lang/String;)Ljava/lang/String;",
      "Ljava/util/Properties.list(Ljava/io/PrintStream;)V",
      "Ljava/util/Properties.list(Ljava/io/PrintWriter;)V",
      "Ljava/util/Properties.load(Ljava/io/InputStream;)V",
      "Ljava/util/Properties.propertyNames()Ljava/util/Enumeration;",
      "Ljava/util/Properties.save(Ljava/io/OutputStream;Ljava/lang/String;)V"
    ]
  },
  {
    "frequency": 1,
    "overriddenMethods": [
      "Ljava/util/Hashtable.clear()V",
      "Ljava/util/Hashtable.keys()Ljava/util/Enumeration;",
      "Ljava/util/Hashtable.put(Ljava/lang/Object;Ljava/lang/Object;)Ljava/lang/Object;",
      "Ljava/util/Hashtable.remove(Ljava/lang/Object;)Ljava/lang/Object;"
    ]
  },
  {
    "frequency": 14,
    "overriddenMethods": [
      "Ljava/util/Hashtable.keys()Ljava/util/Enumeration;"
    ]
  },
  {
    "frequency": 5,
    "overriddenMethods": [
      "Ljava/util/Hashtable.clear()V",
      "Ljava/util/Hashtable.clone()Ljava/lang/Object;",
      "Ljava/util/Hashtable.containsKey(Ljava/lang/Object;)Z",
      "Ljava/util/Hashtable.containsValue(Ljava/lang/Object;)Z",
      "Ljava/util/Hashtable.entrySet()Ljava/util/Set;",
      "Ljava/util/Hashtable.equals(Ljava/lang/Object;)Z",
      "Ljava/util/Hashtable.get(Ljava/lang/Object;)Ljava/lang/Object;",
      "Ljava/util/Hashtable.hashCode()I",
      "Ljava/util/Hashtable.isEmpty()Z",
      "Ljava/util/Hashtable.keySet()Ljava/util/Set;",
      "Ljava/util/Hashtable.put(Ljava/lang/Object;Ljava/lang/Object;)Ljava/lang/Object;",
      "Ljava/util/Hashtable.putAll(Ljava/util/Map;)V",
      "Ljava/util/Hashtable.remove(Ljava/lang/Object;)Ljava/lang/Object;",
      "Ljava/util/Hashtable.size()I",
      "Ljava/util/Hashtable.values()Ljava/util/Collection;"
    ]
  },
  {
    "frequency": 1,
    "overriddenMethods": [
      "Ljava/util/Hashtable.put(Ljava/lang/Object;Ljava/lang/Object;)Ljava/lang/Object;",
      "Ljava/util/Properties.getProperty(Ljava/lang/String;)Ljava/lang/String;",
      "Ljava/util/Properties.getProperty(Ljava/lang/String;Ljava/lang/String;)Ljava/lang/String;",
      "Ljava/util/Properties.setProperty(Ljava/lang/String;Ljava/lang/String;)Ljava/lang/Object;"
    ]
  },
  {
    "frequency": 2,
    "overriddenMethods": [
      "Ljava/util/Hashtable.clear()V",
      "Ljava/util/Hashtable.clone()Ljava/lang/Object;",
      "Ljava/util/Hashtable.containsKey(Ljava/lang/Object;)Z",
      "Ljava/util/Hashtable.containsValue(Ljava/lang/Object;)Z",
      "Ljava/util/Hashtable.entrySet()Ljava/util/Set;",
      "Ljava/util/Hashtable.equals(Ljava/lang/Object;)Z",
      "Ljava/util/Hashtable.get(Ljava/lang/Object;)Ljava/lang/Object;",
      "Ljava/util/Hashtable.hashCode()I",
      "Ljava/util/Hashtable.isEmpty()Z",
      "Ljava/util/Hashtable.keySet()Ljava/util/Set;",
      "Ljava/util/Hashtable.put(Ljava/lang/Object;Ljava/lang/Object;)Ljava/lang/Object;",
      "Ljava/util/Hashtable.putAll(Ljava/util/Map;)V",
      "Ljava/util/Hashtable.remove(Ljava/lang/Object;)Ljava/lang/Object;",
      "Ljava/util/Hashtable.size()I",
      "Ljava/util/Hashtable.values()Ljava/util/Collection;",
      "Ljava/util/Properties.setProperty(Ljava/lang/String;Ljava/lang/String;)Ljava/lang/Object;"
    ]
  },
  {
    "frequency": 1,
    "overriddenMethods": [
      "Ljava/util/Hashtable.equals(Ljava/lang/Object;)Z",
      "Ljava/util/Hashtable.hashCode()I",
      "Ljava/util/Properties.getProperty(Ljava/lang/String;)Ljava/lang/String;",
      "Ljava/util/Properties.getProperty(Ljava/lang/String;Ljava/lang/String;)Ljava/lang/String;",
      "Ljava/util/Properties.setProperty(Ljava/lang/String;Ljava/lang/String;)Ljava/lang/Object;"
    ]
  },
  {
    "frequency": 1,
    "overriddenMethods": [
      "Ljava/util/Hashtable.clear()V",
      "Ljava/util/Hashtable.clone()Ljava/lang/Object;",
      "Ljava/util/Hashtable.put(Ljava/lang/Object;Ljava/lang/Object;)Ljava/lang/Object;",
      "Ljava/util/Hashtable.remove(Ljava/lang/Object;)Ljava/lang/Object;",
      "Ljava/util/Properties.load(Ljava/io/InputStream;)V",
      "Ljava/util/Properties.setProperty(Ljava/lang/String;Ljava/lang/String;)Ljava/lang/Object;",
      "Ljava/util/Properties.store(Ljava/io/OutputStream;Ljava/lang/String;)V"
    ]
  },
  {
    "frequency": 6,
    "overriddenMethods": [
      "Ljava/util/Hashtable.keySet()Ljava/util/Set;",
      "Ljava/util/Hashtable.keys()Ljava/util/Enumeration;"
    ]
  },
  {
    "frequency": 1,
    "overriddenMethods": [
      "Ljava/util/Properties.list(Ljava/io/PrintStream;)V",
      "Ljava/util/Properties.list(Ljava/io/PrintWriter;)V"
    ]
  },
  {
    "frequency": 1,
    "overriddenMethods": [
      "Ljava/util/Hashtable.put(Ljava/lang/Object;Ljava/lang/Object;)Ljava/lang/Object;",
      "Ljava/util/Properties.setProperty(Ljava/lang/String;Ljava/lang/String;)Ljava/lang/Object;"
    ]
  },
  {
    "frequency": 3,
    "overriddenMethods": [
      "Ljava/util/Hashtable.entrySet()Ljava/util/Set;",
      "Ljava/util/Hashtable.keys()Ljava/util/Enumeration;"
    ]
  },
  {
    "frequency": 7,
    "overriddenMethods": [
      "Ljava/util/Hashtable.toString()Ljava/lang/String;"
    ]
  },
  {
    "frequency": 3,
    "overriddenMethods": [
      "Ljava/util/Hashtable.contains(Ljava/lang/Object;)Z",
      "Ljava/util/Hashtable.containsValue(Ljava/lang/Object;)Z",
      "Ljava/util/Hashtable.values()Ljava/util/Collection;",
      "Ljava/util/Properties.getProperty(Ljava/lang/String;)Ljava/lang/String;",
      "Ljava/util/Properties.getProperty(Ljava/lang/String;Ljava/lang/String;)Ljava/lang/String;",
      "Ljava/util/Properties.setProperty(Ljava/lang/String;Ljava/lang/String;)Ljava/lang/Object;"
    ]
  },
  {
    "frequency": 8,
    "overriddenMethods": [
      "Ljava/util/Hashtable.clear()V",
      "Ljava/util/Hashtable.clone()Ljava/lang/Object;",
      "Ljava/util/Hashtable.contains(Ljava/lang/Object;)Z",
      "Ljava/util/Hashtable.containsKey(Ljava/lang/Object;)Z",
      "Ljava/util/Hashtable.containsValue(Ljava/lang/Object;)Z",
      "Ljava/util/Hashtable.elements()Ljava/util/Enumeration;",
      "Ljava/util/Hashtable.entrySet()Ljava/util/Set;",
      "Ljava/util/Hashtable.equals(Ljava/lang/Object;)Z",
      "Ljava/util/Hashtable.get(Ljava/lang/Object;)Ljava/lang/Object;",
      "Ljava/util/Hashtable.hashCode()I",
      "Ljava/util/Hashtable.isEmpty()Z",
      "Ljava/util/Hashtable.keySet()Ljava/util/Set;",
      "Ljava/util/Hashtable.keys()Ljava/util/Enumeration;",
      "Ljava/util/Hashtable.put(Ljava/lang/Object;Ljava/lang/Object;)Ljava/lang/Object;",
      "Ljava/util/Hashtable.putAll(Ljava/util/Map;)V",
      "Ljava/util/Hashtable.remove(Ljava/lang/Object;)Ljava/lang/Object;",
      "Ljava/util/Hashtable.size()I",
      "Ljava/util/Hashtable.toString()Ljava/lang/String;",
      "Ljava/util/Hashtable.values()Ljava/util/Collection;",
      "Ljava/util/Properties.getProperty(Ljava/lang/String;)Ljava/lang/String;",
      "Ljava/util/Properties.getProperty(Ljava/lang/String;Ljava/lang/String;)Ljava/lang/String;",
      "Ljava/util/Properties.list(Ljava/io/PrintStream;)V",
      "Ljava/util/Properties.list(Ljava/io/PrintWriter;)V",
      "Ljava/util/Properties.load(Ljava/io/InputStream;)V",
      "Ljava/util/Properties.propertyNames()Ljava/util/Enumeration;",
      "Ljava/util/Properties.setProperty(Ljava/lang/String;Ljava/lang/String;)Ljava/lang/Object;"
    ]
  },
  {
    "frequency": 3,
    "overriddenMethods": [
      "Ljava/util/Properties.load(Ljava/io/InputStream;)V"
    ]
  },
  {
    "frequency": 1,
    "overriddenMethods": [
      "Ljava/util/Hashtable.get(Ljava/lang/Object;)Ljava/lang/Object;",
      "Ljava/util/Properties.getProperty(Ljava/lang/String;)Ljava/lang/String;"
    ]
  },
  {
    "frequency": 1,
    "overriddenMethods": [
      "Ljava/util/Hashtable.keys()Ljava/util/Enumeration;",
      "Ljava/util/Hashtable.put(Ljava/lang/Object;Ljava/lang/Object;)Ljava/lang/Object;"
    ]
  },
  {
    "frequency": 30,
    "overriddenMethods": [
      "Ljava/util/Hashtable.put(Ljava/lang/Object;Ljava/lang/Object;)Ljava/lang/Object;"
    ]
  },
  {
    "frequency": 1,
    "overriddenMethods": [
      "Ljava/util/Hashtable.entrySet()Ljava/util/Set;",
      "Ljava/util/Hashtable.get(Ljava/lang/Object;)Ljava/lang/Object;",
      "Ljava/util/Hashtable.keys()Ljava/util/Enumeration;"
    ]
  },
  {
    "frequency": 2,
    "overriddenMethods": [
      "Ljava/util/Hashtable.clear()V",
      "Ljava/util/Hashtable.clone()Ljava/lang/Object;",
      "Ljava/util/Hashtable.contains(Ljava/lang/Object;)Z",
      "Ljava/util/Hashtable.containsKey(Ljava/lang/Object;)Z",
      "Ljava/util/Hashtable.containsValue(Ljava/lang/Object;)Z",
      "Ljava/util/Hashtable.elements()Ljava/util/Enumeration;",
      "Ljava/util/Hashtable.entrySet()Ljava/util/Set;",
      "Ljava/util/Hashtable.equals(Ljava/lang/Object;)Z",
      "Ljava/util/Hashtable.get(Ljava/lang/Object;)Ljava/lang/Object;",
      "Ljava/util/Hashtable.hashCode()I",
      "Ljava/util/Hashtable.isEmpty()Z",
      "Ljava/util/Hashtable.keySet()Ljava/util/Set;",
      "Ljava/util/Hashtable.keys()Ljava/util/Enumeration;",
      "Ljava/util/Hashtable.put(Ljava/lang/Object;Ljava/lang/Object;)Ljava/lang/Object;",
      "Ljava/util/Hashtable.putAll(Ljava/util/Map;)V",
      "Ljava/util/Hashtable.remove(Ljava/lang/Object;)Ljava/lang/Object;",
      "Ljava/util/Hashtable.size()I",
      "Ljava/util/Hashtable.toString()Ljava/lang/String;",
      "Ljava/util/Hashtable.values()Ljava/util/Collection;",
      "Ljava/util/Properties.getProperty(Ljava/lang/String;)Ljava/lang/String;",
      "Ljava/util/Properties.getProperty(Ljava/lang/String;Ljava/lang/String;)Ljava/lang/String;",
      "Ljava/util/Properties.setProperty(Ljava/lang/String;Ljava/lang/String;)Ljava/lang/Object;"
    ]
  },
  {
    "frequency": 12,
    "overriddenMethods": [
      "Ljava/util/Hashtable.put(Ljava/lang/Object;Ljava/lang/Object;)Ljava/lang/Object;",
      "Ljava/util/Hashtable.remove(Ljava/lang/Object;)Ljava/lang/Object;"
    ]
  },
  {
    "frequency": 1,
    "overriddenMethods": [
      "Ljava/util/Hashtable.clone()Ljava/lang/Object;",
      "Ljava/util/Hashtable.put(Ljava/lang/Object;Ljava/lang/Object;)Ljava/lang/Object;",
      "Ljava/util/Hashtable.toString()Ljava/lang/String;",
      "Ljava/util/Properties.getProperty(Ljava/lang/String;)Ljava/lang/String;"
    ]
  },
  {
    "frequency": 1,
    "overriddenMethods": [
      "Ljava/util/Properties.getProperty(Ljava/lang/String;)Ljava/lang/String;"
    ]
  },
  {
    "frequency": 1,
    "overriddenMethods": [
      "Ljava/util/Properties.getProperty(Ljava/lang/String;)Ljava/lang/String;",
      "Ljava/util/Properties.getProperty(Ljava/lang/String;Ljava/lang/String;)Ljava/lang/String;",
      "Ljava/util/Properties.setProperty(Ljava/lang/String;Ljava/lang/String;)Ljava/lang/Object;"
    ]
  },
  {
    "frequency": 7,
    "overriddenMethods": [
      "Ljava/util/Hashtable.toString()Ljava/lang/String;",
      "Ljava/util/Properties.setProperty(Ljava/lang/String;Ljava/lang/String;)Ljava/lang/Object;"
    ]
  },
  {
    "frequency": 11,
    "overriddenMethods": [
      "Ljava/util/Hashtable.put(Ljava/lang/Object;Ljava/lang/Object;)Ljava/lang/Object;",
      "Ljava/util/Properties.getProperty(Ljava/lang/String;)Ljava/lang/String;",
      "Ljava/util/Properties.getProperty(Ljava/lang/String;Ljava/lang/String;)Ljava/lang/String;",
      "Ljava/util/Properties.propertyNames()Ljava/util/Enumeration;"
    ]
  },
  {
    "frequency": 1,
    "overriddenMethods": [
      "Ljava/util/Hashtable.clear()V",
      "Ljava/util/Hashtable.clone()Ljava/lang/Object;",
      "Ljava/util/Hashtable.contains(Ljava/lang/Object;)Z",
      "Ljava/util/Hashtable.containsKey(Ljava/lang/Object;)Z",
      "Ljava/util/Hashtable.containsValue(Ljava/lang/Object;)Z",
      "Ljava/util/Hashtable.elements()Ljava/util/Enumeration;",
      "Ljava/util/Hashtable.entrySet()Ljava/util/Set;",
      "Ljava/util/Hashtable.equals(Ljava/lang/Object;)Z",
      "Ljava/util/Hashtable.get(Ljava/lang/Object;)Ljava/lang/Object;",
      "Ljava/util/Hashtable.isEmpty()Z",
      "Ljava/util/Hashtable.keySet()Ljava/util/Set;",
      "Ljava/util/Hashtable.keys()Ljava/util/Enumeration;",
      "Ljava/util/Hashtable.put(Ljava/lang/Object;Ljava/lang/Object;)Ljava/lang/Object;",
      "Ljava/util/Hashtable.putAll(Ljava/util/Map;)V",
      "Ljava/util/Hashtable.remove(Ljava/lang/Object;)Ljava/lang/Object;",
      "Ljava/util/Hashtable.size()I",
      "Ljava/util/Hashtable.values()Ljava/util/Collection;",
      "Ljava/util/Properties.getProperty(Ljava/lang/String;)Ljava/lang/String;",
      "Ljava/util/Properties.propertyNames()Ljava/util/Enumeration;"
    ]
  },
  {
    "frequency": 4,
    "overriddenMethods": [
      "Ljava/util/Properties.load(Ljava/io/InputStream;)V",
      "Ljava/util/Properties.store(Ljava/io/OutputStream;Ljava/lang/String;)V"
    ]
  }
]