[
  {
    "frequency": 1,
    "overriddenMethods": [
      "Ljava/util/ResourceBundle.getKeys()Ljava/util/Enumeration;",
      "Ljava/util/ResourceBundle.getLocale()Ljava/util/Locale;",
      "Ljava/util/ResourceBundle.handleGetObject(Ljava/lang/String;)Ljava/lang/Object;",
      "Ljava/util/ResourceBundle.setParent(Ljava/util/ResourceBundle;)V"
    ]
  },
  {
    "frequency": 179,
    "overriddenMethods": [
      "Ljava/util/ResourceBundle.getKeys()Ljava/util/Enumeration;",
      "Ljava/util/ResourceBundle.handleGetObject(Ljava/lang/String;)Ljava/lang/Object;"
    ]
  },
  {
    "frequency": 3,
    "overriddenMethods": [
      "Ljava/util/ResourceBundle.getKeys()Ljava/util/Enumeration;",
      "Ljava/util/ResourceBundle.getLocale()Ljava/util/Locale;",
      "Ljava/util/ResourceBundle.handleGetObject(Ljava/lang/String;)Ljava/lang/Object;",
      "Ljava/util/ResourceBundle.handleKeySet()Ljava/util/Set;",
      "Ljava/util/ResourceBundle.keySet()Ljava/util/Set;"
    ]
  },
  {
    "frequency": 11,
    "overriddenMethods": [
      "Ljava/util/ResourceBundle.getKeys()Ljava/util/Enumeration;",
      "Ljava/util/ResourceBundle.getLocale()Ljava/util/Locale;",
      "Ljava/util/ResourceBundle.handleGetObject(Ljava/lang/String;)Ljava/lang/Object;"
    ]
  },
  {
    "frequency": 2,
    "overriddenMethods": [
      "Ljava/util/ResourceBundle.containsKey(Ljava/lang/String;)Z",
      "Ljava/util/ResourceBundle.getKeys()Ljava/util/Enumeration;",
      "Ljava/util/ResourceBundle.handleGetObject(Ljava/lang/String;)Ljava/lang/Object;"
    ]
  },
  {
    "frequency": 7,
    "overriddenMethods": [
      "Ljava/util/ResourceBundle.getKeys()Ljava/util/Enumeration;",
      "Ljava/util/ResourceBundle.handleGetObject(Ljava/lang/String;)Ljava/lang/Object;",
      "Ljava/util/ResourceBundle.setParent(Ljava/util/ResourceBundle;)V"
    ]
  },
  {
    "frequency": 2,
    "overriddenMethods": [
      "Ljava/util/ResourceBundle.getLocale()Ljava/util/Locale;"
    ]
  },
  {
    "frequency": 2,
    "overriddenMethods": [
      "Ljava/util/ResourceBundle.containsKey(Ljava/lang/String;)Z",
      "Ljava/util/ResourceBundle.getKeys()Ljava/util/Enumeration;",
      "Ljava/util/ResourceBundle.getLocale()Ljava/util/Locale;",
      "Ljava/util/ResourceBundle.handleGetObject(Ljava/lang/String;)Ljava/lang/Object;"
    ]
  },
  {
    "frequency": 11,
    "overriddenMethods": [
      "Ljava/lang/Object.toString()Ljava/lang/String;",
      "Ljava/util/ResourceBundle.getKeys()Ljava/util/Enumeration;",
      "Ljava/util/ResourceBundle.handleGetObject(Ljava/lang/String;)Ljava/lang/Object;"
    ]
  },
  {
    "frequency": 1,
    "overriddenMethods": [
      "Ljava/lang/Object.toString()Ljava/lang/String;",
      "Ljava/util/ResourceBundle.getKeys()Ljava/util/Enumeration;",
      "Ljava/util/ResourceBundle.getLocale()Ljava/util/Locale;",
      "Ljava/util/ResourceBundle.handleGetObject(Ljava/lang/String;)Ljava/lang/Object;"
    ]
  }
]