[
  {
    "frequency": 4,
    "overriddenMethods": []
  },
  {
    "frequency": 5,
    "overriddenMethods": [
      "Ljavax/xml/transform/sax/SAXResult.setHandler(Lorg/xml/sax/ContentHandler;)V"
    ]
  },
  {
    "frequency": 8,
    "overriddenMethods": [
      "Ljavax/xml/transform/sax/SAXResult.getHandler()Lorg/xml/sax/ContentHandler;",
      "Ljavax/xml/transform/sax/SAXResult.getLexicalHandler()Lorg/xml/sax/ext/LexicalHandler;"
    ]
  },
  {
    "frequency": 31,
    "overriddenMethods": [
      "Ljavax/xml/transform/sax/SAXResult.setHandler(Lorg/xml/sax/ContentHandler;)V",
      "Ljavax/xml/transform/sax/SAXResult.setLexicalHandler(Lorg/xml/sax/ext/LexicalHandler;)V"
    ]
  }
]