[
  {
    "frequency": 1,
    "overriddenMethods": [
      "Ljava/beans/PropertyEditorSupport.getJavaInitializationString()Ljava/lang/String;",
      "Ljava/beans/PropertyEditorSupport.getTags()[Ljava/lang/String;",
      "Ljava/beans/PropertyEditorSupport.setAsText(Ljava/lang/String;)V"
    ]
  },
  {
    "frequency": 2,
    "overriddenMethods": [
      "Ljava/beans/PropertyEditorSupport.getValue()Ljava/lang/Object;",
      "Ljava/beans/PropertyEditorSupport.setAsText(Ljava/lang/String;)V"
    ]
  },
  {
    "frequency": 5,
    "overriddenMethods": [
      "Ljava/beans/PropertyEditorSupport.getAsText()Ljava/lang/String;",
      "Ljava/beans/PropertyEditorSupport.getJavaInitializationString()Ljava/lang/String;",
      "Ljava/beans/PropertyEditorSupport.getTags()[Ljava/lang/String;",
      "Ljava/beans/PropertyEditorSupport.setAsText(Ljava/lang/String;)V"
    ]
  },
  {
    "frequency": 30,
    "overriddenMethods": [
      "Ljava/beans/PropertyEditorSupport.setAsText(Ljava/lang/String;)V",
      "Ljava/beans/PropertyEditorSupport.setValue(Ljava/lang/Object;)V"
    ]
  },
  {
    "frequency": 125,
    "overriddenMethods": [
      "Ljava/beans/PropertyEditorSupport.setAsText(Ljava/lang/String;)V"
    ]
  },
  {
    "frequency": 326,
    "overriddenMethods": [
      "Ljava/beans/PropertyEditorSupport.getAsText()Ljava/lang/String;",
      "Ljava/beans/PropertyEditorSupport.setAsText(Ljava/lang/String;)V"
    ]
  },
  {
    "frequency": 5,
    "overriddenMethods": [
      "Ljava/beans/PropertyEditorSupport.getTags()[Ljava/lang/String;",
      "Ljava/beans/PropertyEditorSupport.setAsText(Ljava/lang/String;)V"
    ]
  },
  {
    "frequency": 49,
    "overriddenMethods": [
      "Ljava/beans/PropertyEditorSupport.getAsText()Ljava/lang/String;",
      "Ljava/beans/PropertyEditorSupport.setAsText(Ljava/lang/String;)V",
      "Ljava/beans/PropertyEditorSupport.setValue(Ljava/lang/Object;)V"
    ]
  },
  {
    "frequency": 2,
    "overriddenMethods": [
      "Ljava/beans/PropertyEditorSupport.getAsText()Ljava/lang/String;",
      "Ljava/beans/PropertyEditorSupport.getJavaInitializationString()Ljava/lang/String;",
      "Ljava/beans/PropertyEditorSupport.setAsText(Ljava/lang/String;)V"
    ]
  }
]