[
  {
    "frequency": 5,
    "overriddenMethods": [
      "Ljava/nio/file/SimpleFileVisitor.preVisitDirectory(Ljava/lang/Object;Ljava/nio/file/attribute/BasicFileAttributes;)Ljava/nio/file/FileVisitResult;",
      "Ljava/nio/file/SimpleFileVisitor.visitFile(Ljava/lang/Object;Ljava/nio/file/attribute/BasicFileAttributes;)Ljava/nio/file/FileVisitResult;"
    ]
  },
  {
    "frequency": 5,
    "overriddenMethods": [
      "Ljava/nio/file/SimpleFileVisitor.postVisitDirectory(Ljava/lang/Object;Ljava/io/IOException;)Ljava/nio/file/FileVisitResult;",
      "Ljava/nio/file/SimpleFileVisitor.visitFile(Ljava/lang/Object;Ljava/nio/file/attribute/BasicFileAttributes;)Ljava/nio/file/FileVisitResult;"
    ]
  },
  {
    "frequency": 1,
    "overriddenMethods": [
      "Ljava/nio/file/SimpleFileVisitor.postVisitDirectory(Ljava/lang/Object;Ljava/io/IOException;)Ljava/nio/file/FileVisitResult;",
      "Ljava/nio/file/SimpleFileVisitor.preVisitDirectory(Ljava/lang/Object;Ljava/nio/file/attribute/BasicFileAttributes;)Ljava/nio/file/FileVisitResult;"
    ]
  },
  {
    "frequency": 1,
    "overriddenMethods": [
      "Ljava/nio/file/SimpleFileVisitor.postVisitDirectory(Ljava/lang/Object;Ljava/io/IOException;)Ljava/nio/file/FileVisitResult;",
      "Ljava/nio/file/SimpleFileVisitor.preVisitDirectory(Ljava/lang/Object;Ljava/nio/file/attribute/BasicFileAttributes;)Ljava/nio/file/FileVisitResult;",
      "Ljava/nio/file/SimpleFileVisitor.visitFile(Ljava/lang/Object;Ljava/nio/file/attribute/BasicFileAttributes;)Ljava/nio/file/FileVisitResult;",
      "Ljava/nio/file/SimpleFileVisitor.visitFileFailed(Ljava/lang/Object;Ljava/io/IOException;)Ljava/nio/file/FileVisitResult;"
    ]
  },
  {
    "frequency": 1,
    "overriddenMethods": [
      "Ljava/nio/file/SimpleFileVisitor.postVisitDirectory(Ljava/lang/Object;Ljava/io/IOException;)Ljava/nio/file/FileVisitResult;",
      "Ljava/nio/file/SimpleFileVisitor.preVisitDirectory(Ljava/lang/Object;Ljava/nio/file/attribute/BasicFileAttributes;)Ljava/nio/file/FileVisitResult;",
      "Ljava/nio/file/SimpleFileVisitor.visitFile(Ljava/lang/Object;Ljava/nio/file/attribute/BasicFileAttributes;)Ljava/nio/file/FileVisitResult;"
    ]
  }
]