[
  {
    "frequency": 3,
    "overriddenMethods": []
  },
  {
    "frequency": 1,
    "overriddenMethods": [
      "Ljava/security/SecureRandom.generateSeed(I)[B",
      "Ljava/security/SecureRandom.nextBytes([B)V",
      "Ljava/security/SecureRandom.setSeed(J)V",
      "Ljava/security/SecureRandom.setSeed([B)V"
    ]
  },
  {
    "frequency": 22,
    "overriddenMethods": [
      "Ljava/security/SecureRandom.nextBytes([B)V"
    ]
  },
  {
    "frequency": 8,
    "overriddenMethods": [
      "Ljava/security/SecureRandom.nextBytes([B)V",
      "Ljava/util/Random.nextLong()J"
    ]
  },
  {
    "frequency": 2,
    "overriddenMethods": [
      "Ljava/security/SecureRandom.nextBytes([B)V",
      "Ljava/util/Random.nextInt()I",
      "Ljava/util/Random.nextLong()J"
    ]
  },
  {
    "frequency": 1,
    "overriddenMethods": [
      "Ljava/security/SecureRandom.nextBytes([B)V",
      "Ljava/util/Random.nextInt()I"
    ]
  },
  {
    "frequency": 2,
    "overriddenMethods": [
      "Ljava/util/Random.nextInt()I"
    ]
  },
  {
    "frequency": 1,
    "overriddenMethods": [
      "Ljava/security/SecureRandom.generateSeed(I)[B",
      "Ljava/security/SecureRandom.nextBytes([B)V",
      "Ljava/util/Random.nextInt()I",
      "Ljava/util/Random.nextLong()J"
    ]
  }
]