[
  {
    "frequency": 11,
    "overriddenMethods": [
      "Ljavax/annotation/processing/AbstractProcessor.process(Ljava/util/Set;Ljavax/annotation/processing/RoundEnvironment;)Z"
    ]
  },
  {
    "frequency": 3,
    "overriddenMethods": [
      "Ljavax/annotation/processing/AbstractProcessor.getSupportedSourceVersion()Ljavax/lang/model/SourceVersion;",
      "Ljavax/annotation/processing/AbstractProcessor.init(Ljavax/annotation/processing/ProcessingEnvironment;)V",
      "Ljavax/annotation/processing/AbstractProcessor.process(Ljava/util/Set;Ljavax/annotation/processing/RoundEnvironment;)Z"
    ]
  },
  {
    "frequency": 8,
    "overriddenMethods": [
      "Ljavax/annotation/processing/AbstractProcessor.init(Ljavax/annotation/processing/ProcessingEnvironment;)V",
      "Ljavax/annotation/processing/AbstractProcessor.process(Ljava/util/Set;Ljavax/annotation/processing/RoundEnvironment;)Z"
    ]
  },
  {
    "frequency": 1,
    "overriddenMethods": [
      "Ljavax/annotation/processing/AbstractProcessor.init(Ljavax/annotation/processing/ProcessingEnvironment;)V"
    ]
  }
]