[
  {
    "frequency": 6,
    "overriddenMethods": [
      "Ljava/awt/geom/Dimension2D.clone()Ljava/lang/Object;",
      "Ljava/awt/geom/Dimension2D.getHeight()D",
      "Ljava/awt/geom/Dimension2D.getWidth()D",
      "Ljava/awt/geom/Dimension2D.setSize(DD)V",
      "Ljava/lang/Object.equals(Ljava/lang/Object;)Z",
      "Ljava/lang/Object.hashCode()I",
      "Ljava/lang/Object.toString()Ljava/lang/String;"
    ]
  },
  {
    "frequency": 3,
    "overriddenMethods": [
      "Ljava/awt/geom/Dimension2D.getHeight()D",
      "Ljava/awt/geom/Dimension2D.getWidth()D",
      "Ljava/awt/geom/Dimension2D.setSize(DD)V",
      "Ljava/lang/Object.equals(Ljava/lang/Object;)Z",
      "Ljava/lang/Object.hashCode()I",
      "Ljava/lang/Object.toString()Ljava/lang/String;"
    ]
  },
  {
    "frequency": 2,
    "overriddenMethods": [
      "Ljava/awt/geom/Dimension2D.getHeight()D",
      "Ljava/awt/geom/Dimension2D.getWidth()D",
      "Ljava/awt/geom/Dimension2D.setSize(DD)V"
    ]
  }
]