[
  {
    "frequency": 2,
    "overriddenMethods": [
      "Ljava/security/cert/X509CRLEntry.equals(Ljava/lang/Object;)Z",
      "Ljava/security/cert/X509CRLEntry.getCertificateIssuer()Ljavax/security/auth/x500/X500Principal;",
      "Ljava/security/cert/X509CRLEntry.getEncoded()[B",
      "Ljava/security/cert/X509CRLEntry.getRevocationDate()Ljava/util/Date;",
      "Ljava/security/cert/X509CRLEntry.getSerialNumber()Ljava/math/BigInteger;",
      "Ljava/security/cert/X509CRLEntry.hasExtensions()Z",
      "Ljava/security/cert/X509CRLEntry.hashCode()I",
      "Ljava/security/cert/X509CRLEntry.toString()Ljava/lang/String;"
    ]
  },
  {
    "frequency": 2,
    "overriddenMethods": [
      "Ljava/security/cert/X509CRLEntry.getCertificateIssuer()Ljavax/security/auth/x500/X500Principal;",
      "Ljava/security/cert/X509CRLEntry.getEncoded()[B",
      "Ljava/security/cert/X509CRLEntry.getRevocationDate()Ljava/util/Date;",
      "Ljava/security/cert/X509CRLEntry.getSerialNumber()Ljava/math/BigInteger;",
      "Ljava/security/cert/X509CRLEntry.hasExtensions()Z",
      "Ljava/security/cert/X509CRLEntry.hashCode()I",
      "Ljava/security/cert/X509CRLEntry.toString()Ljava/lang/String;"
    ]
  },
  {
    "frequency": 1,
    "overriddenMethods": [
      "Ljava/security/cert/X509CRLEntry.getEncoded()[B",
      "Ljava/security/cert/X509CRLEntry.getRevocationDate()Ljava/util/Date;",
      "Ljava/security/cert/X509CRLEntry.getSerialNumber()Ljava/math/BigInteger;",
      "Ljava/security/cert/X509CRLEntry.hasExtensions()Z",
      "Ljava/security/cert/X509CRLEntry.toString()Ljava/lang/String;"
    ]
  }
]