[
  {
    "frequency": 2,
    "overriddenMethods": [
      "Ljava/security/cert/CRL.isRevoked(Ljava/security/cert/Certificate;)Z",
      "Ljava/security/cert/CRL.toString()Ljava/lang/String;",
      "Ljava/security/cert/X509CRL.getEncoded()[B",
      "Ljava/security/cert/X509CRL.getIssuerDN()Ljava/security/Principal;",
      "Ljava/security/cert/X509CRL.getIssuerX500Principal()Ljavax/security/auth/x500/X500Principal;",
      "Ljava/security/cert/X509CRL.getNextUpdate()Ljava/util/Date;",
      "Ljava/security/cert/X509CRL.getRevokedCertificate(Ljava/math/BigInteger;)Ljava/security/cert/X509CRLEntry;",
      "Ljava/security/cert/X509CRL.getRevokedCertificates()Ljava/util/Set;",
      "Ljava/security/cert/X509CRL.getSigAlgName()Ljava/lang/String;",
      "Ljava/security/cert/X509CRL.getSigAlgOID()Ljava/lang/String;",
      "Ljava/security/cert/X509CRL.getSigAlgParams()[B",
      "Ljava/security/cert/X509CRL.getSignature()[B",
      "Ljava/security/cert/X509CRL.getTBSCertList()[B",
      "Ljava/security/cert/X509CRL.getThisUpdate()Ljava/util/Date;",
      "Ljava/security/cert/X509CRL.getVersion()I",
      "Ljava/security/cert/X509CRL.verify(Ljava/security/PublicKey;)V",
      "Ljava/security/cert/X509CRL.verify(Ljava/security/PublicKey;Ljava/lang/String;)V"
    ]
  },
  {
    "frequency": 2,
    "overriddenMethods": [
      "Ljava/security/cert/CRL.isRevoked(Ljava/security/cert/Certificate;)Z",
      "Ljava/security/cert/CRL.toString()Ljava/lang/String;",
      "Ljava/security/cert/X509CRL.equals(Ljava/lang/Object;)Z",
      "Ljava/security/cert/X509CRL.getEncoded()[B",
      "Ljava/security/cert/X509CRL.getIssuerDN()Ljava/security/Principal;",
      "Ljava/security/cert/X509CRL.getIssuerX500Principal()Ljavax/security/auth/x500/X500Principal;",
      "Ljava/security/cert/X509CRL.getNextUpdate()Ljava/util/Date;",
      "Ljava/security/cert/X509CRL.getRevokedCertificate(Ljava/math/BigInteger;)Ljava/security/cert/X509CRLEntry;",
      "Ljava/security/cert/X509CRL.getRevokedCertificates()Ljava/util/Set;",
      "Ljava/security/cert/X509CRL.getSigAlgName()Ljava/lang/String;",
      "Ljava/security/cert/X509CRL.getSigAlgOID()Ljava/lang/String;",
      "Ljava/security/cert/X509CRL.getSigAlgParams()[B",
      "Ljava/security/cert/X509CRL.getSignature()[B",
      "Ljava/security/cert/X509CRL.getTBSCertList()[B",
      "Ljava/security/cert/X509CRL.getThisUpdate()Ljava/util/Date;",
      "Ljava/security/cert/X509CRL.getVersion()I",
      "Ljava/security/cert/X509CRL.hashCode()I",
      "Ljava/security/cert/X509CRL.verify(Ljava/security/PublicKey;)V",
      "Ljava/security/cert/X509CRL.verify(Ljava/security/PublicKey;Ljava/lang/String;)V"
    ]
  },
  {
    "frequency": 1,
    "overriddenMethods": [
      "Ljava/security/cert/CRL.isRevoked(Ljava/security/cert/Certificate;)Z",
      "Ljava/security/cert/CRL.toString()Ljava/lang/String;",
      "Ljava/security/cert/X509CRL.getEncoded()[B",
      "Ljava/security/cert/X509CRL.getIssuerDN()Ljava/security/Principal;",
      "Ljava/security/cert/X509CRL.getNextUpdate()Ljava/util/Date;",
      "Ljava/security/cert/X509CRL.getRevokedCertificate(Ljava/math/BigInteger;)Ljava/security/cert/X509CRLEntry;",
      "Ljava/security/cert/X509CRL.getRevokedCertificates()Ljava/util/Set;",
      "Ljava/security/cert/X509CRL.getSigAlgName()Ljava/lang/String;",
      "Ljava/security/cert/X509CRL.getSigAlgOID()Ljava/lang/String;",
      "Ljava/security/cert/X509CRL.getSigAlgParams()[B",
      "Ljava/security/cert/X509CRL.getSignature()[B",
      "Ljava/security/cert/X509CRL.getTBSCertList()[B",
      "Ljava/security/cert/X509CRL.getThisUpdate()Ljava/util/Date;",
      "Ljava/security/cert/X509CRL.getVersion()I",
      "Ljava/security/cert/X509CRL.verify(Ljava/security/PublicKey;)V",
      "Ljava/security/cert/X509CRL.verify(Ljava/security/PublicKey;Ljava/lang/String;)V"
    ]
  }
]