[
  {
    "frequency": 11,
    "overriddenMethods": [
      "Ljavax/swing/colorchooser/AbstractColorChooserPanel.buildChooser()V",
      "Ljavax/swing/colorchooser/AbstractColorChooserPanel.getDisplayName()Ljava/lang/String;",
      "Ljavax/swing/colorchooser/AbstractColorChooserPanel.getLargeDisplayIcon()Ljavax/swing/Icon;",
      "Ljavax/swing/colorchooser/AbstractColorChooserPanel.getSmallDisplayIcon()Ljavax/swing/Icon;",
      "Ljavax/swing/colorchooser/AbstractColorChooserPanel.updateChooser()V"
    ]
  },
  {
    "frequency": 1,
    "overriddenMethods": [
      "Ljavax/swing/JComponent.getPreferredSize()Ljava/awt/Dimension;",
      "Ljavax/swing/colorchooser/AbstractColorChooserPanel.buildChooser()V",
      "Ljavax/swing/colorchooser/AbstractColorChooserPanel.getDisplayName()Ljava/lang/String;",
      "Ljavax/swing/colorchooser/AbstractColorChooserPanel.getLargeDisplayIcon()Ljavax/swing/Icon;",
      "Ljavax/swing/colorchooser/AbstractColorChooserPanel.getSmallDisplayIcon()Ljavax/swing/Icon;",
      "Ljavax/swing/colorchooser/AbstractColorChooserPanel.installChooserPanel(Ljavax/swing/JColorChooser;)V",
      "Ljavax/swing/colorchooser/AbstractColorChooserPanel.updateChooser()V"
    ]
  },
  {
    "frequency": 1,
    "overriddenMethods": [
      "Ljavax/swing/colorchooser/AbstractColorChooserPanel.buildChooser()V",
      "Ljavax/swing/colorchooser/AbstractColorChooserPanel.getDisplayName()Ljava/lang/String;",
      "Ljavax/swing/colorchooser/AbstractColorChooserPanel.getLargeDisplayIcon()Ljavax/swing/Icon;",
      "Ljavax/swing/colorchooser/AbstractColorChooserPanel.getSmallDisplayIcon()Ljavax/swing/Icon;",
      "Ljavax/swing/colorchooser/AbstractColorChooserPanel.installChooserPanel(Ljavax/swing/JColorChooser;)V",
      "Ljavax/swing/colorchooser/AbstractColorChooserPanel.uninstallChooserPanel(Ljavax/swing/JColorChooser;)V",
      "Ljavax/swing/colorchooser/AbstractColorChooserPanel.updateChooser()V"
    ]
  }
]