[
  {
    "frequency": 7,
    "overriddenMethods": [
      "Ljavax/xml/transform/sax/SAXSource.setInputSource(Lorg/xml/sax/InputSource;)V",
      "Ljavax/xml/transform/sax/SAXSource.setXMLReader(Lorg/xml/sax/XMLReader;)V"
    ]
  },
  {
    "frequency": 4,
    "overriddenMethods": []
  },
  {
    "frequency": 1,
    "overriddenMethods": [
      "Ljavax/xml/transform/sax/SAXSource.getInputSource()Lorg/xml/sax/InputSource;",
      "Ljavax/xml/transform/sax/SAXSource.getSystemId()Ljava/lang/String;",
      "Ljavax/xml/transform/sax/SAXSource.getXMLReader()Lorg/xml/sax/XMLReader;"
    ]
  },
  {
    "frequency": 43,
    "overriddenMethods": [
      "Ljavax/xml/transform/sax/SAXSource.getXMLReader()Lorg/xml/sax/XMLReader;",
      "Ljavax/xml/transform/sax/SAXSource.setInputSource(Lorg/xml/sax/InputSource;)V",
      "Ljavax/xml/transform/sax/SAXSource.setXMLReader(Lorg/xml/sax/XMLReader;)V"
    ]
  },
  {
    "frequency": 3,
    "overriddenMethods": [
      "Ljavax/xml/transform/sax/SAXSource.getXMLReader()Lorg/xml/sax/XMLReader;"
    ]
  },
  {
    "frequency": 1,
    "overriddenMethods": [
      "Ljavax/xml/transform/sax/SAXSource.getInputSource()Lorg/xml/sax/InputSource;",
      "Ljavax/xml/transform/sax/SAXSource.getSystemId()Ljava/lang/String;"
    ]
  }
]