[
  {
    "frequency": 4,
    "overriddenMethods": [
      "Ljavax/xml/transform/TransformerFactory.getAssociatedStylesheet(Ljavax/xml/transform/Source;Ljava/lang/String;Ljava/lang/String;Ljava/lang/String;)Ljavax/xml/transform/Source;",
      "Ljavax/xml/transform/TransformerFactory.getAttribute(Ljava/lang/String;)Ljava/lang/Object;",
      "Ljavax/xml/transform/TransformerFactory.getErrorListener()Ljavax/xml/transform/ErrorListener;",
      "Ljavax/xml/transform/TransformerFactory.getFeature(Ljava/lang/String;)Z",
      "Ljavax/xml/transform/TransformerFactory.getURIResolver()Ljavax/xml/transform/URIResolver;",
      "Ljavax/xml/transform/TransformerFactory.newTemplates(Ljavax/xml/transform/Source;)Ljavax/xml/transform/Templates;",
      "Ljavax/xml/transform/TransformerFactory.newTransformer()Ljavax/xml/transform/Transformer;",
      "Ljavax/xml/transform/TransformerFactory.newTransformer(Ljavax/xml/transform/Source;)Ljavax/xml/transform/Transformer;",
      "Ljavax/xml/transform/TransformerFactory.setAttribute(Ljava/lang/String;Ljava/lang/Object;)V",
      "Ljavax/xml/transform/TransformerFactory.setErrorListener(Ljavax/xml/transform/ErrorListener;)V",
      "Ljavax/xml/transform/TransformerFactory.setURIResolver(Ljavax/xml/transform/URIResolver;)V",
      "Ljavax/xml/transform/sax/SAXTransformerFactory.newTemplatesHandler()Ljavax/xml/transform/sax/TemplatesHandler;",
      "Ljavax/xml/transform/sax/SAXTransformerFactory.newTransformerHandler()Ljavax/xml/transform/sax/TransformerHandler;",
      "Ljavax/xml/transform/sax/SAXTransformerFactory.newTransformerHandler(Ljavax/xml/transform/Source;)Ljavax/xml/transform/sax/TransformerHandler;",
      "Ljavax/xml/transform/sax/SAXTransformerFactory.newTransformerHandler(Ljavax/xml/transform/Templates;)Ljavax/xml/transform/sax/TransformerHandler;",
      "Ljavax/xml/transform/sax/SAXTransformerFactory.newXMLFilter(Ljavax/xml/transform/Source;)Lorg/xml/sax/XMLFilter;",
      "Ljavax/xml/transform/sax/SAXTransformerFactory.newXMLFilter(Ljavax/xml/transform/Templates;)Lorg/xml/sax/XMLFilter;"
    ]
  },
  {
    "frequency": 1,
    "overriddenMethods": [
      "Ljava/lang/Object.toString()Ljava/lang/String;",
      "Ljavax/xml/transform/TransformerFactory.getAssociatedStylesheet(Ljavax/xml/transform/Source;Ljava/lang/String;Ljava/lang/String;Ljava/lang/String;)Ljavax/xml/transform/Source;",
      "Ljavax/xml/transform/TransformerFactory.getAttribute(Ljava/lang/String;)Ljava/lang/Object;",
      "Ljavax/xml/transform/TransformerFactory.getErrorListener()Ljavax/xml/transform/ErrorListener;",
      "Ljavax/xml/transform/TransformerFactory.getFeature(Ljava/lang/String;)Z",
      "Ljavax/xml/transform/TransformerFactory.getURIResolver()Ljavax/xml/transform/URIResolver;",
      "Ljavax/xml/transform/TransformerFactory.newTemplates(Ljavax/xml/transform/Source;)Ljavax/xml/transform/Templates;",
      "Ljavax/xml/transform/TransformerFactory.newTransformer()Ljavax/xml/transform/Transformer;",
      "Ljavax/xml/transform/TransformerFactory.newTransformer(Ljavax/xml/transform/Source;)Ljavax/xml/transform/Transformer;",
      "Ljavax/xml/transform/TransformerFactory.setAttribute(Ljava/lang/String;Ljava/lang/Object;)V",
      "Ljavax/xml/transform/TransformerFactory.setErrorListener(Ljavax/xml/transform/ErrorListener;)V",
      "Ljavax/xml/transform/TransformerFactory.setFeature(Ljava/lang/String;Z)V",
      "Ljavax/xml/transform/TransformerFactory.setURIResolver(Ljavax/xml/transform/URIResolver;)V",
      "Ljavax/xml/transform/sax/SAXTransformerFactory.newTemplatesHandler()Ljavax/xml/transform/sax/TemplatesHandler;",
      "Ljavax/xml/transform/sax/SAXTransformerFactory.newTransformerHandler()Ljavax/xml/transform/sax/TransformerHandler;",
      "Ljavax/xml/transform/sax/SAXTransformerFactory.newTransformerHandler(Ljavax/xml/transform/Source;)Ljavax/xml/transform/sax/TransformerHandler;",
      "Ljavax/xml/transform/sax/SAXTransformerFactory.newTransformerHandler(Ljavax/xml/transform/Templates;)Ljavax/xml/transform/sax/TransformerHandler;",
      "Ljavax/xml/transform/sax/SAXTransformerFactory.newXMLFilter(Ljavax/xml/transform/Source;)Lorg/xml/sax/XMLFilter;",
      "Ljavax/xml/transform/sax/SAXTransformerFactory.newXMLFilter(Ljavax/xml/transform/Templates;)Lorg/xml/sax/XMLFilter;"
    ]
  },
  {
    "frequency": 46,
    "overriddenMethods": [
      "Ljavax/xml/transform/TransformerFactory.getAssociatedStylesheet(Ljavax/xml/transform/Source;Ljava/lang/String;Ljava/lang/String;Ljava/lang/String;)Ljavax/xml/transform/Source;",
      "Ljavax/xml/transform/TransformerFactory.getAttribute(Ljava/lang/String;)Ljava/lang/Object;",
      "Ljavax/xml/transform/TransformerFactory.getErrorListener()Ljavax/xml/transform/ErrorListener;",
      "Ljavax/xml/transform/TransformerFactory.getFeature(Ljava/lang/String;)Z",
      "Ljavax/xml/transform/TransformerFactory.getURIResolver()Ljavax/xml/transform/URIResolver;",
      "Ljavax/xml/transform/TransformerFactory.newTemplates(Ljavax/xml/transform/Source;)Ljavax/xml/transform/Templates;",
      "Ljavax/xml/transform/TransformerFactory.newTransformer()Ljavax/xml/transform/Transformer;",
      "Ljavax/xml/transform/TransformerFactory.newTransformer(Ljavax/xml/transform/Source;)Ljavax/xml/transform/Transformer;",
      "Ljavax/xml/transform/TransformerFactory.setAttribute(Ljava/lang/String;Ljava/lang/Object;)V",
      "Ljavax/xml/transform/TransformerFactory.setErrorListener(Ljavax/xml/transform/ErrorListener;)V",
      "Ljavax/xml/transform/TransformerFactory.setFeature(Ljava/lang/String;Z)V",
      "Ljavax/xml/transform/TransformerFactory.setURIResolver(Ljavax/xml/transform/URIResolver;)V",
      "Ljavax/xml/transform/sax/SAXTransformerFactory.newTemplatesHandler()Ljavax/xml/transform/sax/TemplatesHandler;",
      "Ljavax/xml/transform/sax/SAXTransformerFactory.newTransformerHandler()Ljavax/xml/transform/sax/TransformerHandler;",
      "Ljavax/xml/transform/sax/SAXTransformerFactory.newTransformerHandler(Ljavax/xml/transform/Source;)Ljavax/xml/transform/sax/TransformerHandler;",
      "Ljavax/xml/transform/sax/SAXTransformerFactory.newTransformerHandler(Ljavax/xml/transform/Templates;)Ljavax/xml/transform/sax/TransformerHandler;",
      "Ljavax/xml/transform/sax/SAXTransformerFactory.newXMLFilter(Ljavax/xml/transform/Source;)Lorg/xml/sax/XMLFilter;",
      "Ljavax/xml/transform/sax/SAXTransformerFactory.newXMLFilter(Ljavax/xml/transform/Templates;)Lorg/xml/sax/XMLFilter;"
    ]
  }
]