[
  {
    "frequency": 1,
    "overriddenMethods": [
      "Ljavafx/scene/control/Control.createDefaultSkin()Ljavafx/scene/control/Skin;",
      "Ljavafx/scene/control/Control.getControlCssMetaData()Ljava/util/List;",
      "Ljavafx/scene/control/Control.impl_cssGetFocusTraversableInitialValue()Ljava/lang/Boolean;"
    ]
  },
  {
    "frequency": 1,
    "overriddenMethods": [
      "Ljavafx/scene/control/Control.createDefaultSkin()Ljavafx/scene/control/Skin;",
      "Ljavafx/scene/layout/Region.getUserAgentStylesheet()Ljava/lang/String;"
    ]
  },
  {
    "frequency": 1,
    "overriddenMethods": [
      "Ljavafx/scene/control/Control.createDefaultSkin()Ljavafx/scene/control/Skin;",
      "Ljavafx/scene/control/Control.getControlCssMetaData()Ljava/util/List;",
      "Ljavafx/scene/layout/Region.getUserAgentStylesheet()Ljava/lang/String;"
    ]
  },
  {
    "frequency": 4,
    "overriddenMethods": [
      "Ljavafx/scene/control/Control.createDefaultSkin()Ljavafx/scene/control/Skin;"
    ]
  }
]