[
  {
    "frequency": 3,
    "overriddenMethods": []
  },
  {
    "frequency": 13,
    "overriddenMethods": [
      "Lorg/xml/sax/helpers/XMLFilterImpl.parse(Ljava/lang/String;)V",
      "Lorg/xml/sax/helpers/XMLFilterImpl.parse(Lorg/xml/sax/InputSource;)V",
      "Lorg/xml/sax/helpers/XMLFilterImpl.setContentHandler(Lorg/xml/sax/ContentHandler;)V"
    ]
  },
  {
    "frequency": 7,
    "overriddenMethods": [
      "Lorg/xml/sax/helpers/XMLFilterImpl.characters([CII)V",
      "Lorg/xml/sax/helpers/XMLFilterImpl.endDocument()V",
      "Lorg/xml/sax/helpers/XMLFilterImpl.endElement(Ljava/lang/String;Ljava/lang/String;Ljava/lang/String;)V",
      "Lorg/xml/sax/helpers/XMLFilterImpl.endPrefixMapping(Ljava/lang/String;)V",
      "Lorg/xml/sax/helpers/XMLFilterImpl.getProperty(Ljava/lang/String;)Ljava/lang/Object;",
      "Lorg/xml/sax/helpers/XMLFilterImpl.ignorableWhitespace([CII)V",
      "Lorg/xml/sax/helpers/XMLFilterImpl.notationDecl(Ljava/lang/String;Ljava/lang/String;Ljava/lang/String;)V",
      "Lorg/xml/sax/helpers/XMLFilterImpl.parse(Lorg/xml/sax/InputSource;)V",
      "Lorg/xml/sax/helpers/XMLFilterImpl.processingInstruction(Ljava/lang/String;Ljava/lang/String;)V",
      "Lorg/xml/sax/helpers/XMLFilterImpl.setDocumentLocator(Lorg/xml/sax/Locator;)V",
      "Lorg/xml/sax/helpers/XMLFilterImpl.setProperty(Ljava/lang/String;Ljava/lang/Object;)V",
      "Lorg/xml/sax/helpers/XMLFilterImpl.startDocument()V",
      "Lorg/xml/sax/helpers/XMLFilterImpl.startElement(Ljava/lang/String;Ljava/lang/String;Ljava/lang/String;Lorg/xml/sax/Attributes;)V",
      "Lorg/xml/sax/helpers/XMLFilterImpl.startPrefixMapping(Ljava/lang/String;Ljava/lang/String;)V",
      "Lorg/xml/sax/helpers/XMLFilterImpl.unparsedEntityDecl(Ljava/lang/String;Ljava/lang/String;Ljava/lang/String;Ljava/lang/String;)V"
    ]
  },
  {
    "frequency": 1,
    "overriddenMethods": [
      "Lorg/xml/sax/helpers/XMLFilterImpl.characters([CII)V",
      "Lorg/xml/sax/helpers/XMLFilterImpl.endDocument()V",
      "Lorg/xml/sax/helpers/XMLFilterImpl.endElement(Ljava/lang/String;Ljava/lang/String;Ljava/lang/String;)V",
      "Lorg/xml/sax/helpers/XMLFilterImpl.endPrefixMapping(Ljava/lang/String;)V",
      "Lorg/xml/sax/helpers/XMLFilterImpl.ignorableWhitespace([CII)V",
      "Lorg/xml/sax/helpers/XMLFilterImpl.parse(Lorg/xml/sax/InputSource;)V",
      "Lorg/xml/sax/helpers/XMLFilterImpl.processingInstruction(Ljava/lang/String;Ljava/lang/String;)V",
      "Lorg/xml/sax/helpers/XMLFilterImpl.setFeature(Ljava/lang/String;Z)V",
      "Lorg/xml/sax/helpers/XMLFilterImpl.setProperty(Ljava/lang/String;Ljava/lang/Object;)V",
      "Lorg/xml/sax/helpers/XMLFilterImpl.skippedEntity(Ljava/lang/String;)V",
      "Lorg/xml/sax/helpers/XMLFilterImpl.startDocument()V",
      "Lorg/xml/sax/helpers/XMLFilterImpl.startElement(Ljava/lang/String;Ljava/lang/String;Ljava/lang/String;Lorg/xml/sax/Attributes;)V",
      "Lorg/xml/sax/helpers/XMLFilterImpl.startPrefixMapping(Ljava/lang/String;Ljava/lang/String;)V"
    ]
  },
  {
    "frequency": 17,
    "overriddenMethods": [
      "Lorg/xml/sax/helpers/XMLFilterImpl.parse(Ljava/lang/String;)V",
      "Lorg/xml/sax/helpers/XMLFilterImpl.parse(Lorg/xml/sax/InputSource;)V",
      "Lorg/xml/sax/helpers/XMLFilterImpl.setContentHandler(Lorg/xml/sax/ContentHandler;)V",
      "Lorg/xml/sax/helpers/XMLFilterImpl.setParent(Lorg/xml/sax/XMLReader;)V"
    ]
  },
  {
    "frequency": 6,
    "overriddenMethods": [
      "Lorg/xml/sax/helpers/XMLFilterImpl.characters([CII)V",
      "Lorg/xml/sax/helpers/XMLFilterImpl.endDocument()V",
      "Lorg/xml/sax/helpers/XMLFilterImpl.endElement(Ljava/lang/String;Ljava/lang/String;Ljava/lang/String;)V",
      "Lorg/xml/sax/helpers/XMLFilterImpl.ignorableWhitespace([CII)V",
      "Lorg/xml/sax/helpers/XMLFilterImpl.processingInstruction(Ljava/lang/String;Ljava/lang/String;)V",
      "Lorg/xml/sax/helpers/XMLFilterImpl.startDocument()V",
      "Lorg/xml/sax/helpers/XMLFilterImpl.startElement(Ljava/lang/String;Ljava/lang/String;Ljava/lang/String;Lorg/xml/sax/Attributes;)V"
    ]
  },
  {
    "frequency": 4,
    "overriddenMethods": [
      "Lorg/xml/sax/helpers/XMLFilterImpl.notationDecl(Ljava/lang/String;Ljava/lang/String;Ljava/lang/String;)V",
      "Lorg/xml/sax/helpers/XMLFilterImpl.parse(Ljava/lang/String;)V",
      "Lorg/xml/sax/helpers/XMLFilterImpl.parse(Lorg/xml/sax/InputSource;)V",
      "Lorg/xml/sax/helpers/XMLFilterImpl.processingInstruction(Ljava/lang/String;Ljava/lang/String;)V",
      "Lorg/xml/sax/helpers/XMLFilterImpl.resolveEntity(Ljava/lang/String;Ljava/lang/String;)Lorg/xml/sax/InputSource;",
      "Lorg/xml/sax/helpers/XMLFilterImpl.startElement(Ljava/lang/String;Ljava/lang/String;Ljava/lang/String;Lorg/xml/sax/Attributes;)V",
      "Lorg/xml/sax/helpers/XMLFilterImpl.unparsedEntityDecl(Ljava/lang/String;Ljava/lang/String;Ljava/lang/String;Ljava/lang/String;)V"
    ]
  },
  {
    "frequency": 1,
    "overriddenMethods": [
      "Lorg/xml/sax/helpers/XMLFilterImpl.endElement(Ljava/lang/String;Ljava/lang/String;Ljava/lang/String;)V",
      "Lorg/xml/sax/helpers/XMLFilterImpl.startElement(Ljava/lang/String;Ljava/lang/String;Ljava/lang/String;Lorg/xml/sax/Attributes;)V",
      "Lorg/xml/sax/helpers/XMLFilterImpl.startPrefixMapping(Ljava/lang/String;Ljava/lang/String;)V"
    ]
  },
  {
    "frequency": 5,
    "overriddenMethods": [
      "Lorg/xml/sax/helpers/XMLFilterImpl.characters([CII)V",
      "Lorg/xml/sax/helpers/XMLFilterImpl.endDocument()V",
      "Lorg/xml/sax/helpers/XMLFilterImpl.endElement(Ljava/lang/String;Ljava/lang/String;Ljava/lang/String;)V",
      "Lorg/xml/sax/helpers/XMLFilterImpl.endPrefixMapping(Ljava/lang/String;)V",
      "Lorg/xml/sax/helpers/XMLFilterImpl.ignorableWhitespace([CII)V",
      "Lorg/xml/sax/helpers/XMLFilterImpl.processingInstruction(Ljava/lang/String;Ljava/lang/String;)V",
      "Lorg/xml/sax/helpers/XMLFilterImpl.setDocumentLocator(Lorg/xml/sax/Locator;)V",
      "Lorg/xml/sax/helpers/XMLFilterImpl.skippedEntity(Ljava/lang/String;)V",
      "Lorg/xml/sax/helpers/XMLFilterImpl.startDocument()V",
      "Lorg/xml/sax/helpers/XMLFilterImpl.startElement(Ljava/lang/String;Ljava/lang/String;Ljava/lang/String;Lorg/xml/sax/Attributes;)V",
      "Lorg/xml/sax/helpers/XMLFilterImpl.startPrefixMapping(Ljava/lang/String;Ljava/lang/String;)V"
    ]
  },
  {
    "frequency": 2,
    "overriddenMethods": [
      "Lorg/xml/sax/helpers/XMLFilterImpl.endPrefixMapping(Ljava/lang/String;)V",
      "Lorg/xml/sax/helpers/XMLFilterImpl.startElement(Ljava/lang/String;Ljava/lang/String;Ljava/lang/String;Lorg/xml/sax/Attributes;)V",
      "Lorg/xml/sax/helpers/XMLFilterImpl.startPrefixMapping(Ljava/lang/String;Ljava/lang/String;)V"
    ]
  },
  {
    "frequency": 3,
    "overriddenMethods": [
      "Lorg/xml/sax/helpers/XMLFilterImpl.parse(Lorg/xml/sax/InputSource;)V"
    ]
  },
  {
    "frequency": 21,
    "overriddenMethods": [
      "Lorg/xml/sax/helpers/XMLFilterImpl.characters([CII)V",
      "Lorg/xml/sax/helpers/XMLFilterImpl.ignorableWhitespace([CII)V",
      "Lorg/xml/sax/helpers/XMLFilterImpl.processingInstruction(Ljava/lang/String;Ljava/lang/String;)V",
      "Lorg/xml/sax/helpers/XMLFilterImpl.skippedEntity(Ljava/lang/String;)V",
      "Lorg/xml/sax/helpers/XMLFilterImpl.startDocument()V",
      "Lorg/xml/sax/helpers/XMLFilterImpl.startElement(Ljava/lang/String;Ljava/lang/String;Ljava/lang/String;Lorg/xml/sax/Attributes;)V",
      "Lorg/xml/sax/helpers/XMLFilterImpl.startPrefixMapping(Ljava/lang/String;Ljava/lang/String;)V"
    ]
  },
  {
    "frequency": 1,
    "overriddenMethods": [
      "Lorg/xml/sax/helpers/XMLFilterImpl.characters([CII)V",
      "Lorg/xml/sax/helpers/XMLFilterImpl.endDocument()V",
      "Lorg/xml/sax/helpers/XMLFilterImpl.endElement(Ljava/lang/String;Ljava/lang/String;Ljava/lang/String;)V",
      "Lorg/xml/sax/helpers/XMLFilterImpl.endPrefixMapping(Ljava/lang/String;)V",
      "Lorg/xml/sax/helpers/XMLFilterImpl.ignorableWhitespace([CII)V",
      "Lorg/xml/sax/helpers/XMLFilterImpl.processingInstruction(Ljava/lang/String;Ljava/lang/String;)V",
      "Lorg/xml/sax/helpers/XMLFilterImpl.setDocumentLocator(Lorg/xml/sax/Locator;)V",
      "Lorg/xml/sax/helpers/XMLFilterImpl.setEntityResolver(Lorg/xml/sax/EntityResolver;)V",
      "Lorg/xml/sax/helpers/XMLFilterImpl.setErrorHandler(Lorg/xml/sax/ErrorHandler;)V",
      "Lorg/xml/sax/helpers/XMLFilterImpl.skippedEntity(Ljava/lang/String;)V",
      "Lorg/xml/sax/helpers/XMLFilterImpl.startDocument()V",
      "Lorg/xml/sax/helpers/XMLFilterImpl.startElement(Ljava/lang/String;Ljava/lang/String;Ljava/lang/String;Lorg/xml/sax/Attributes;)V",
      "Lorg/xml/sax/helpers/XMLFilterImpl.startPrefixMapping(Ljava/lang/String;Ljava/lang/String;)V"
    ]
  },
  {
    "frequency": 1,
    "overriddenMethods": [
      "Lorg/xml/sax/helpers/XMLFilterImpl.startPrefixMapping(Ljava/lang/String;Ljava/lang/String;)V"
    ]
  },
  {
    "frequency": 1,
    "overriddenMethods": [
      "Lorg/xml/sax/helpers/XMLFilterImpl.endElement(Ljava/lang/String;Ljava/lang/String;Ljava/lang/String;)V",
      "Lorg/xml/sax/helpers/XMLFilterImpl.parse(Lorg/xml/sax/InputSource;)V",
      "Lorg/xml/sax/helpers/XMLFilterImpl.startElement(Ljava/lang/String;Ljava/lang/String;Ljava/lang/String;Lorg/xml/sax/Attributes;)V"
    ]
  },
  {
    "frequency": 1,
    "overriddenMethods": [
      "Lorg/xml/sax/helpers/XMLFilterImpl.error(Lorg/xml/sax/SAXParseException;)V",
      "Lorg/xml/sax/helpers/XMLFilterImpl.fatalError(Lorg/xml/sax/SAXParseException;)V",
      "Lorg/xml/sax/helpers/XMLFilterImpl.setDocumentLocator(Lorg/xml/sax/Locator;)V",
      "Lorg/xml/sax/helpers/XMLFilterImpl.warning(Lorg/xml/sax/SAXParseException;)V"
    ]
  },
  {
    "frequency": 8,
    "overriddenMethods": [
      "Lorg/xml/sax/helpers/XMLFilterImpl.characters([CII)V",
      "Lorg/xml/sax/helpers/XMLFilterImpl.endElement(Ljava/lang/String;Ljava/lang/String;Ljava/lang/String;)V",
      "Lorg/xml/sax/helpers/XMLFilterImpl.endPrefixMapping(Ljava/lang/String;)V",
      "Lorg/xml/sax/helpers/XMLFilterImpl.ignorableWhitespace([CII)V",
      "Lorg/xml/sax/helpers/XMLFilterImpl.processingInstruction(Ljava/lang/String;Ljava/lang/String;)V",
      "Lorg/xml/sax/helpers/XMLFilterImpl.skippedEntity(Ljava/lang/String;)V",
      "Lorg/xml/sax/helpers/XMLFilterImpl.startDocument()V",
      "Lorg/xml/sax/helpers/XMLFilterImpl.startElement(Ljava/lang/String;Ljava/lang/String;Ljava/lang/String;Lorg/xml/sax/Attributes;)V",
      "Lorg/xml/sax/helpers/XMLFilterImpl.startPrefixMapping(Ljava/lang/String;Ljava/lang/String;)V"
    ]
  },
  {
    "frequency": 1,
    "overriddenMethods": [
      "Lorg/xml/sax/helpers/XMLFilterImpl.startElement(Ljava/lang/String;Ljava/lang/String;Ljava/lang/String;Lorg/xml/sax/Attributes;)V"
    ]
  },
  {
    "frequency": 1,
    "overriddenMethods": [
      "Lorg/xml/sax/helpers/XMLFilterImpl.parse(Lorg/xml/sax/InputSource;)V",
      "Lorg/xml/sax/helpers/XMLFilterImpl.startDocument()V",
      "Lorg/xml/sax/helpers/XMLFilterImpl.startElement(Ljava/lang/String;Ljava/lang/String;Ljava/lang/String;Lorg/xml/sax/Attributes;)V"
    ]
  },
  {
    "frequency": 1,
    "overriddenMethods": [
      "Lorg/xml/sax/helpers/XMLFilterImpl.endDocument()V",
      "Lorg/xml/sax/helpers/XMLFilterImpl.endElement(Ljava/lang/String;Ljava/lang/String;Ljava/lang/String;)V",
      "Lorg/xml/sax/helpers/XMLFilterImpl.startDocument()V",
      "Lorg/xml/sax/helpers/XMLFilterImpl.startElement(Ljava/lang/String;Ljava/lang/String;Ljava/lang/String;Lorg/xml/sax/Attributes;)V"
    ]
  }
]