[
  {
    "frequency": 3,
    "overriddenMethods": [
      "Ljava/text/DateFormat.clone()Ljava/lang/Object;",
      "Ljava/text/DateFormat.format(Ljava/util/Date;Ljava/lang/StringBuffer;Ljava/text/FieldPosition;)Ljava/lang/StringBuffer;",
      "Ljava/text/DateFormat.parse(Ljava/lang/String;Ljava/text/ParsePosition;)Ljava/util/Date;"
    ]
  },
  {
    "frequency": 1,
    "overriddenMethods": [
      "Ljava/lang/Object.toString()Ljava/lang/String;",
      "Ljava/text/DateFormat.clone()Ljava/lang/Object;",
      "Ljava/text/DateFormat.format(Ljava/util/Date;Ljava/lang/StringBuffer;Ljava/text/FieldPosition;)Ljava/lang/StringBuffer;",
      "Ljava/text/DateFormat.parse(Ljava/lang/String;Ljava/text/ParsePosition;)Ljava/util/Date;"
    ]
  },
  {
    "frequency": 1,
    "overriddenMethods": [
      "Ljava/text/DateFormat.clone()Ljava/lang/Object;",
      "Ljava/text/DateFormat.format(Ljava/util/Date;Ljava/lang/StringBuffer;Ljava/text/FieldPosition;)Ljava/lang/StringBuffer;",
      "Ljava/text/DateFormat.parse(Ljava/lang/String;)Ljava/util/Date;",
      "Ljava/text/DateFormat.parse(Ljava/lang/String;Ljava/text/ParsePosition;)Ljava/util/Date;",
      "Ljava/text/DateFormat.setTimeZone(Ljava/util/TimeZone;)V"
    ]
  },
  {
    "frequency": 8,
    "overriddenMethods": [
      "Ljava/text/DateFormat.format(Ljava/util/Date;Ljava/lang/StringBuffer;Ljava/text/FieldPosition;)Ljava/lang/StringBuffer;",
      "Ljava/text/DateFormat.getNumberFormat()Ljava/text/NumberFormat;",
      "Ljava/text/DateFormat.parse(Ljava/lang/String;Ljava/text/ParsePosition;)Ljava/util/Date;",
      "Ljava/text/DateFormat.setTimeZone(Ljava/util/TimeZone;)V"
    ]
  },
  {
    "frequency": 2,
    "overriddenMethods": [
      "Ljava/lang/Object.toString()Ljava/lang/String;",
      "Ljava/text/DateFormat.clone()Ljava/lang/Object;",
      "Ljava/text/DateFormat.format(Ljava/util/Date;Ljava/lang/StringBuffer;Ljava/text/FieldPosition;)Ljava/lang/StringBuffer;",
      "Ljava/text/DateFormat.parse(Ljava/lang/String;)Ljava/util/Date;",
      "Ljava/text/DateFormat.parse(Ljava/lang/String;Ljava/text/ParsePosition;)Ljava/util/Date;",
      "Ljava/text/DateFormat.setTimeZone(Ljava/util/TimeZone;)V"
    ]
  },
  {
    "frequency": 60,
    "overriddenMethods": [
      "Ljava/text/DateFormat.format(Ljava/util/Date;Ljava/lang/StringBuffer;Ljava/text/FieldPosition;)Ljava/lang/StringBuffer;",
      "Ljava/text/DateFormat.parse(Ljava/lang/String;Ljava/text/ParsePosition;)Ljava/util/Date;"
    ]
  },
  {
    "frequency": 1,
    "overriddenMethods": [
      "Ljava/lang/Object.toString()Ljava/lang/String;",
      "Ljava/text/DateFormat.clone()Ljava/lang/Object;",
      "Ljava/text/DateFormat.format(Ljava/util/Date;Ljava/lang/StringBuffer;Ljava/text/FieldPosition;)Ljava/lang/StringBuffer;",
      "Ljava/text/DateFormat.parse(Ljava/lang/String;)Ljava/util/Date;",
      "Ljava/text/DateFormat.parse(Ljava/lang/String;Ljava/text/ParsePosition;)Ljava/util/Date;"
    ]
  },
  {
    "frequency": 5,
    "overriddenMethods": [
      "Ljava/text/DateFormat.clone()Ljava/lang/Object;",
      "Ljava/text/DateFormat.format(Ljava/util/Date;Ljava/lang/StringBuffer;Ljava/text/FieldPosition;)Ljava/lang/StringBuffer;",
      "Ljava/text/DateFormat.parse(Ljava/lang/String;)Ljava/util/Date;",
      "Ljava/text/DateFormat.parse(Ljava/lang/String;Ljava/text/ParsePosition;)Ljava/util/Date;"
    ]
  },
  {
    "frequency": 4,
    "overriddenMethods": [
      "Ljava/text/DateFormat.clone()Ljava/lang/Object;",
      "Ljava/text/DateFormat.equals(Ljava/lang/Object;)Z",
      "Ljava/text/DateFormat.format(Ljava/util/Date;Ljava/lang/StringBuffer;Ljava/text/FieldPosition;)Ljava/lang/StringBuffer;",
      "Ljava/text/DateFormat.hashCode()I",
      "Ljava/text/DateFormat.parse(Ljava/lang/String;Ljava/text/ParsePosition;)Ljava/util/Date;"
    ]
  },
  {
    "frequency": 1,
    "overriddenMethods": [
      "Ljava/text/DateFormat.format(Ljava/util/Date;Ljava/lang/StringBuffer;Ljava/text/FieldPosition;)Ljava/lang/StringBuffer;",
      "Ljava/text/DateFormat.parse(Ljava/lang/String;Ljava/text/ParsePosition;)Ljava/util/Date;",
      "Ljava/text/DateFormat.setLenient(Z)V"
    ]
  },
  {
    "frequency": 8,
    "overriddenMethods": [
      "Ljava/text/DateFormat.equals(Ljava/lang/Object;)Z",
      "Ljava/text/DateFormat.format(Ljava/util/Date;Ljava/lang/StringBuffer;Ljava/text/FieldPosition;)Ljava/lang/StringBuffer;",
      "Ljava/text/DateFormat.parse(Ljava/lang/String;Ljava/text/ParsePosition;)Ljava/util/Date;"
    ]
  }
]