[
  {
    "frequency": 2,
    "overriddenMethods": [
      "Ljavax/swing/plaf/basic/BasicButtonUI.installUI(Ljavax/swing/JComponent;)V",
      "Ljavax/swing/plaf/basic/BasicButtonUI.paint(Ljava/awt/Graphics;Ljavax/swing/JComponent;)V",
      "Ljavax/swing/plaf/basic/BasicButtonUI.paintText(Ljava/awt/Graphics;Ljavax/swing/AbstractButton;Ljava/awt/Rectangle;Ljava/lang/String;)V"
    ]
  },
  {
    "frequency": 2,
    "overriddenMethods": [
      "Ljavax/swing/plaf/basic/BasicButtonUI.installUI(Ljavax/swing/JComponent;)V",
      "Ljavax/swing/plaf/basic/BasicButtonUI.paint(Ljava/awt/Graphics;Ljavax/swing/JComponent;)V"
    ]
  },
  {
    "frequency": 1,
    "overriddenMethods": [
      "Ljavax/swing/plaf/ComponentUI.contains(Ljavax/swing/JComponent;II)Z",
      "Ljavax/swing/plaf/ComponentUI.update(Ljava/awt/Graphics;Ljavax/swing/JComponent;)V",
      "Ljavax/swing/plaf/basic/BasicButtonUI.createButtonListener(Ljavax/swing/AbstractButton;)Ljavax/swing/plaf/basic/BasicButtonListener;",
      "Ljavax/swing/plaf/basic/BasicButtonUI.getPreferredSize(Ljavax/swing/JComponent;)Ljava/awt/Dimension;",
      "Ljavax/swing/plaf/basic/BasicButtonUI.installDefaults(Ljavax/swing/AbstractButton;)V",
      "Ljavax/swing/plaf/basic/BasicButtonUI.installListeners(Ljavax/swing/AbstractButton;)V",
      "Ljavax/swing/plaf/basic/BasicButtonUI.installUI(Ljavax/swing/JComponent;)V",
      "Ljavax/swing/plaf/basic/BasicButtonUI.paint(Ljava/awt/Graphics;Ljavax/swing/JComponent;)V",
      "Ljavax/swing/plaf/basic/BasicButtonUI.paintFocus(Ljava/awt/Graphics;Ljavax/swing/AbstractButton;Ljava/awt/Rectangle;Ljava/awt/Rectangle;Ljava/awt/Rectangle;)V",
      "Ljavax/swing/plaf/basic/BasicButtonUI.paintIcon(Ljava/awt/Graphics;Ljavax/swing/JComponent;Ljava/awt/Rectangle;)V",
      "Ljavax/swing/plaf/basic/BasicButtonUI.uninstallDefaults(Ljavax/swing/AbstractButton;)V",
      "Ljavax/swing/plaf/basic/BasicButtonUI.uninstallListeners(Ljavax/swing/AbstractButton;)V",
      "Ljavax/swing/plaf/basic/BasicButtonUI.uninstallUI(Ljavax/swing/JComponent;)V"
    ]
  },
  {
    "frequency": 1,
    "overriddenMethods": [
      "Ljavax/swing/plaf/basic/BasicButtonUI.installDefaults(Ljavax/swing/AbstractButton;)V",
      "Ljavax/swing/plaf/basic/BasicButtonUI.paintButtonPressed(Ljava/awt/Graphics;Ljavax/swing/AbstractButton;)V"
    ]
  }
]