[
  {
    "frequency": 1,
    "overriddenMethods": [
      "Ljavax/swing/plaf/ComponentUI.getPreferredSize(Ljavax/swing/JComponent;)Ljava/awt/Dimension;",
      "Ljavax/swing/plaf/ComponentUI.paint(Ljava/awt/Graphics;Ljavax/swing/JComponent;)V",
      "Ljavax/swing/plaf/ComponentUI.update(Ljava/awt/Graphics;Ljavax/swing/JComponent;)V",
      "Ljavax/swing/plaf/basic/BasicSpinnerUI.createLayout()Ljava/awt/LayoutManager;",
      "Ljavax/swing/plaf/basic/BasicSpinnerUI.createNextButton()Ljava/awt/Component;",
      "Ljavax/swing/plaf/basic/BasicSpinnerUI.createPreviousButton()Ljava/awt/Component;",
      "Ljavax/swing/plaf/basic/BasicSpinnerUI.installDefaults()V",
      "Ljavax/swing/plaf/basic/BasicSpinnerUI.installListeners()V",
      "Ljavax/swing/plaf/basic/BasicSpinnerUI.installUI(Ljavax/swing/JComponent;)V",
      "Ljavax/swing/plaf/basic/BasicSpinnerUI.uninstallDefaults()V",
      "Ljavax/swing/plaf/basic/BasicSpinnerUI.uninstallListeners()V",
      "Ljavax/swing/plaf/basic/BasicSpinnerUI.uninstallUI(Ljavax/swing/JComponent;)V"
    ]
  },
  {
    "frequency": 1,
    "overriddenMethods": [
      "Ljavax/swing/plaf/basic/BasicSpinnerUI.installDefaults()V"
    ]
  },
  {
    "frequency": 1,
    "overriddenMethods": [
      "Ljavax/swing/plaf/basic/BasicSpinnerUI.createEditor()Ljavax/swing/JComponent;",
      "Ljavax/swing/plaf/basic/BasicSpinnerUI.createLayout()Ljava/awt/LayoutManager;",
      "Ljavax/swing/plaf/basic/BasicSpinnerUI.createNextButton()Ljava/awt/Component;",
      "Ljavax/swing/plaf/basic/BasicSpinnerUI.createPreviousButton()Ljava/awt/Component;",
      "Ljavax/swing/plaf/basic/BasicSpinnerUI.replaceEditor(Ljavax/swing/JComponent;Ljavax/swing/JComponent;)V"
    ]
  }
]