[
  {
    "frequency": 13,
    "overriddenMethods": [
      "Ljava/util/AbstractCollection.add(Ljava/lang/Object;)Z",
      "Ljava/util/AbstractCollection.clear()V",
      "Ljava/util/AbstractCollection.iterator()Ljava/util/Iterator;",
      "Ljava/util/AbstractCollection.size()I",
      "Ljava/util/AbstractCollection.toString()Ljava/lang/String;"
    ]
  },
  {
    "frequency": 1,
    "overriddenMethods": []
  },
  {
    "frequency": 3,
    "overriddenMethods": [
      "Ljava/lang/Object.hashCode()I",
      "Ljava/util/AbstractCollection.clear()V",
      "Ljava/util/AbstractCollection.contains(Ljava/lang/Object;)Z",
      "Ljava/util/AbstractCollection.iterator()Ljava/util/Iterator;",
      "Ljava/util/AbstractCollection.remove(Ljava/lang/Object;)Z",
      "Ljava/util/AbstractCollection.removeAll(Ljava/util/Collection;)Z",
      "Ljava/util/AbstractCollection.size()I"
    ]
  },
  {
    "frequency": 44,
    "overriddenMethods": [
      "Ljava/util/AbstractCollection.clear()V",
      "Ljava/util/AbstractCollection.contains(Ljava/lang/Object;)Z",
      "Ljava/util/AbstractCollection.iterator()Ljava/util/Iterator;",
      "Ljava/util/AbstractCollection.remove(Ljava/lang/Object;)Z",
      "Ljava/util/AbstractCollection.removeAll(Ljava/util/Collection;)Z",
      "Ljava/util/AbstractCollection.size()I"
    ]
  },
  {
    "frequency": 1,
    "overriddenMethods": [
      "Ljava/util/AbstractCollection.add(Ljava/lang/Object;)Z",
      "Ljava/util/AbstractCollection.clear()V",
      "Ljava/util/AbstractCollection.contains(Ljava/lang/Object;)Z",
      "Ljava/util/AbstractCollection.isEmpty()Z",
      "Ljava/util/AbstractCollection.iterator()Ljava/util/Iterator;",
      "Ljava/util/AbstractCollection.remove(Ljava/lang/Object;)Z",
      "Ljava/util/AbstractCollection.size()I",
      "Ljava/util/AbstractCollection.toArray()[Ljava/lang/Object;",
      "Ljava/util/AbstractCollection.toArray([Ljava/lang/Object;)[Ljava/lang/Object;"
    ]
  },
  {
    "frequency": 23,
    "overriddenMethods": [
      "Ljava/util/AbstractCollection.clear()V",
      "Ljava/util/AbstractCollection.isEmpty()Z",
      "Ljava/util/AbstractCollection.iterator()Ljava/util/Iterator;",
      "Ljava/util/AbstractCollection.remove(Ljava/lang/Object;)Z",
      "Ljava/util/AbstractCollection.removeAll(Ljava/util/Collection;)Z",
      "Ljava/util/AbstractCollection.retainAll(Ljava/util/Collection;)Z",
      "Ljava/util/AbstractCollection.size()I"
    ]
  },
  {
    "frequency": 1,
    "overriddenMethods": [
      "Ljava/util/AbstractCollection.clear()V",
      "Ljava/util/AbstractCollection.contains(Ljava/lang/Object;)Z",
      "Ljava/util/AbstractCollection.isEmpty()Z",
      "Ljava/util/AbstractCollection.iterator()Ljava/util/Iterator;",
      "Ljava/util/AbstractCollection.removeAll(Ljava/util/Collection;)Z",
      "Ljava/util/AbstractCollection.retainAll(Ljava/util/Collection;)Z",
      "Ljava/util/AbstractCollection.size()I"
    ]
  },
  {
    "frequency": 1,
    "overriddenMethods": [
      "Ljava/util/AbstractCollection.add(Ljava/lang/Object;)Z",
      "Ljava/util/AbstractCollection.addAll(Ljava/util/Collection;)Z",
      "Ljava/util/AbstractCollection.clear()V",
      "Ljava/util/AbstractCollection.contains(Ljava/lang/Object;)Z",
      "Ljava/util/AbstractCollection.isEmpty()Z",
      "Ljava/util/AbstractCollection.iterator()Ljava/util/Iterator;",
      "Ljava/util/AbstractCollection.remove(Ljava/lang/Object;)Z",
      "Ljava/util/AbstractCollection.removeAll(Ljava/util/Collection;)Z",
      "Ljava/util/AbstractCollection.retainAll(Ljava/util/Collection;)Z",
      "Ljava/util/AbstractCollection.size()I"
    ]
  },
  {
    "frequency": 3,
    "overriddenMethods": [
      "Ljava/util/AbstractCollection.add(Ljava/lang/Object;)Z",
      "Ljava/util/AbstractCollection.addAll(Ljava/util/Collection;)Z",
      "Ljava/util/AbstractCollection.clear()V",
      "Ljava/util/AbstractCollection.contains(Ljava/lang/Object;)Z",
      "Ljava/util/AbstractCollection.containsAll(Ljava/util/Collection;)Z",
      "Ljava/util/AbstractCollection.isEmpty()Z",
      "Ljava/util/AbstractCollection.iterator()Ljava/util/Iterator;",
      "Ljava/util/AbstractCollection.remove(Ljava/lang/Object;)Z",
      "Ljava/util/AbstractCollection.size()I",
      "Ljava/util/AbstractCollection.toArray()[Ljava/lang/Object;",
      "Ljava/util/AbstractCollection.toArray([Ljava/lang/Object;)[Ljava/lang/Object;",
      "Ljava/util/AbstractCollection.toString()Ljava/lang/String;"
    ]
  },
  {
    "frequency": 2,
    "overriddenMethods": [
      "Ljava/lang/Object.clone()Ljava/lang/Object;",
      "Ljava/lang/Object.equals(Ljava/lang/Object;)Z",
      "Ljava/lang/Object.hashCode()I",
      "Ljava/util/AbstractCollection.add(Ljava/lang/Object;)Z",
      "Ljava/util/AbstractCollection.clear()V",
      "Ljava/util/AbstractCollection.contains(Ljava/lang/Object;)Z",
      "Ljava/util/AbstractCollection.isEmpty()Z",
      "Ljava/util/AbstractCollection.iterator()Ljava/util/Iterator;",
      "Ljava/util/AbstractCollection.remove(Ljava/lang/Object;)Z",
      "Ljava/util/AbstractCollection.size()I"
    ]
  },
  {
    "frequency": 2,
    "overriddenMethods": [
      "Ljava/lang/Object.equals(Ljava/lang/Object;)Z",
      "Ljava/lang/Object.hashCode()I",
      "Ljava/util/AbstractCollection.iterator()Ljava/util/Iterator;",
      "Ljava/util/AbstractCollection.size()I"
    ]
  },
  {
    "frequency": 4,
    "overriddenMethods": [
      "Ljava/util/AbstractCollection.clear()V",
      "Ljava/util/AbstractCollection.contains(Ljava/lang/Object;)Z",
      "Ljava/util/AbstractCollection.isEmpty()Z",
      "Ljava/util/AbstractCollection.iterator()Ljava/util/Iterator;",
      "Ljava/util/AbstractCollection.remove(Ljava/lang/Object;)Z",
      "Ljava/util/AbstractCollection.removeAll(Ljava/util/Collection;)Z",
      "Ljava/util/AbstractCollection.retainAll(Ljava/util/Collection;)Z",
      "Ljava/util/AbstractCollection.size()I"
    ]
  },
  {
    "frequency": 26,
    "overriddenMethods": [
      "Ljava/util/AbstractCollection.add(Ljava/lang/Object;)Z",
      "Ljava/util/AbstractCollection.isEmpty()Z",
      "Ljava/util/AbstractCollection.iterator()Ljava/util/Iterator;",
      "Ljava/util/AbstractCollection.size()I"
    ]
  },
  {
    "frequency": 118,
    "overriddenMethods": [
      "Ljava/util/AbstractCollection.clear()V",
      "Ljava/util/AbstractCollection.contains(Ljava/lang/Object;)Z",
      "Ljava/util/AbstractCollection.iterator()Ljava/util/Iterator;",
      "Ljava/util/AbstractCollection.size()I"
    ]
  },
  {
    "frequency": 19,
    "overriddenMethods": [
      "Ljava/lang/Object.equals(Ljava/lang/Object;)Z",
      "Ljava/lang/Object.hashCode()I",
      "Ljava/util/AbstractCollection.iterator()Ljava/util/Iterator;",
      "Ljava/util/AbstractCollection.removeAll(Ljava/util/Collection;)Z",
      "Ljava/util/AbstractCollection.retainAll(Ljava/util/Collection;)Z",
      "Ljava/util/AbstractCollection.size()I",
      "Ljava/util/AbstractCollection.toString()Ljava/lang/String;"
    ]
  },
  {
    "frequency": 12,
    "overriddenMethods": [
      "Ljava/util/AbstractCollection.clear()V",
      "Ljava/util/AbstractCollection.contains(Ljava/lang/Object;)Z",
      "Ljava/util/AbstractCollection.iterator()Ljava/util/Iterator;",
      "Ljava/util/AbstractCollection.size()I",
      "Ljava/util/AbstractCollection.toArray()[Ljava/lang/Object;"
    ]
  },
  {
    "frequency": 13,
    "overriddenMethods": [
      "Ljava/util/AbstractCollection.add(Ljava/lang/Object;)Z",
      "Ljava/util/AbstractCollection.clear()V",
      "Ljava/util/AbstractCollection.isEmpty()Z",
      "Ljava/util/AbstractCollection.iterator()Ljava/util/Iterator;",
      "Ljava/util/AbstractCollection.size()I",
      "Ljava/util/AbstractCollection.toString()Ljava/lang/String;"
    ]
  },
  {
    "frequency": 7,
    "overriddenMethods": [
      "Ljava/lang/Object.clone()Ljava/lang/Object;",
      "Ljava/lang/Object.equals(Ljava/lang/Object;)Z",
      "Ljava/lang/Object.hashCode()I",
      "Ljava/util/AbstractCollection.add(Ljava/lang/Object;)Z",
      "Ljava/util/AbstractCollection.addAll(Ljava/util/Collection;)Z",
      "Ljava/util/AbstractCollection.clear()V",
      "Ljava/util/AbstractCollection.contains(Ljava/lang/Object;)Z",
      "Ljava/util/AbstractCollection.containsAll(Ljava/util/Collection;)Z",
      "Ljava/util/AbstractCollection.isEmpty()Z",
      "Ljava/util/AbstractCollection.iterator()Ljava/util/Iterator;",
      "Ljava/util/AbstractCollection.remove(Ljava/lang/Object;)Z",
      "Ljava/util/AbstractCollection.removeAll(Ljava/util/Collection;)Z",
      "Ljava/util/AbstractCollection.retainAll(Ljava/util/Collection;)Z",
      "Ljava/util/AbstractCollection.size()I",
      "Ljava/util/AbstractCollection.toArray()[Ljava/lang/Object;",
      "Ljava/util/AbstractCollection.toArray([Ljava/lang/Object;)[Ljava/lang/Object;"
    ]
  },
  {
    "frequency": 5,
    "overriddenMethods": [
      "Ljava/util/AbstractCollection.add(Ljava/lang/Object;)Z",
      "Ljava/util/AbstractCollection.addAll(Ljava/util/Collection;)Z",
      "Ljava/util/AbstractCollection.clear()V",
      "Ljava/util/AbstractCollection.contains(Ljava/lang/Object;)Z",
      "Ljava/util/AbstractCollection.containsAll(Ljava/util/Collection;)Z",
      "Ljava/util/AbstractCollection.isEmpty()Z",
      "Ljava/util/AbstractCollection.iterator()Ljava/util/Iterator;",
      "Ljava/util/AbstractCollection.remove(Ljava/lang/Object;)Z",
      "Ljava/util/AbstractCollection.removeAll(Ljava/util/Collection;)Z",
      "Ljava/util/AbstractCollection.retainAll(Ljava/util/Collection;)Z",
      "Ljava/util/AbstractCollection.size()I",
      "Ljava/util/AbstractCollection.toArray()[Ljava/lang/Object;",
      "Ljava/util/AbstractCollection.toArray([Ljava/lang/Object;)[Ljava/lang/Object;"
    ]
  },
  {
    "frequency": 2,
    "overriddenMethods": [
      "Ljava/util/AbstractCollection.clear()V",
      "Ljava/util/AbstractCollection.iterator()Ljava/util/Iterator;",
      "Ljava/util/AbstractCollection.remove(Ljava/lang/Object;)Z",
      "Ljava/util/AbstractCollection.size()I"
    ]
  },
  {
    "frequency": 1,
    "overriddenMethods": [
      "Ljava/util/AbstractCollection.iterator()Ljava/util/Iterator;",
      "Ljava/util/AbstractCollection.size()I",
      "Ljava/util/AbstractCollection.toArray([Ljava/lang/Object;)[Ljava/lang/Object;"
    ]
  },
  {
    "frequency": 3,
    "overriddenMethods": [
      "Ljava/lang/Object.clone()Ljava/lang/Object;",
      "Ljava/util/AbstractCollection.add(Ljava/lang/Object;)Z",
      "Ljava/util/AbstractCollection.clear()V",
      "Ljava/util/AbstractCollection.contains(Ljava/lang/Object;)Z",
      "Ljava/util/AbstractCollection.isEmpty()Z",
      "Ljava/util/AbstractCollection.iterator()Ljava/util/Iterator;",
      "Ljava/util/AbstractCollection.remove(Ljava/lang/Object;)Z",
      "Ljava/util/AbstractCollection.removeAll(Ljava/util/Collection;)Z",
      "Ljava/util/AbstractCollection.retainAll(Ljava/util/Collection;)Z",
      "Ljava/util/AbstractCollection.size()I"
    ]
  },
  {
    "frequency": 60,
    "overriddenMethods": [
      "Ljava/util/AbstractCollection.clear()V",
      "Ljava/util/AbstractCollection.iterator()Ljava/util/Iterator;",
      "Ljava/util/AbstractCollection.size()I"
    ]
  },
  {
    "frequency": 5,
    "overriddenMethods": [
      "Ljava/lang/Object.equals(Ljava/lang/Object;)Z",
      "Ljava/lang/Object.hashCode()I",
      "Ljava/util/AbstractCollection.isEmpty()Z",
      "Ljava/util/AbstractCollection.iterator()Ljava/util/Iterator;",
      "Ljava/util/AbstractCollection.size()I"
    ]
  },
  {
    "frequency": 43,
    "overriddenMethods": [
      "Ljava/lang/Object.equals(Ljava/lang/Object;)Z",
      "Ljava/lang/Object.hashCode()I",
      "Ljava/util/AbstractCollection.add(Ljava/lang/Object;)Z",
      "Ljava/util/AbstractCollection.addAll(Ljava/util/Collection;)Z",
      "Ljava/util/AbstractCollection.clear()V",
      "Ljava/util/AbstractCollection.contains(Ljava/lang/Object;)Z",
      "Ljava/util/AbstractCollection.containsAll(Ljava/util/Collection;)Z",
      "Ljava/util/AbstractCollection.iterator()Ljava/util/Iterator;",
      "Ljava/util/AbstractCollection.remove(Ljava/lang/Object;)Z",
      "Ljava/util/AbstractCollection.removeAll(Ljava/util/Collection;)Z",
      "Ljava/util/AbstractCollection.retainAll(Ljava/util/Collection;)Z",
      "Ljava/util/AbstractCollection.size()I",
      "Ljava/util/AbstractCollection.toString()Ljava/lang/String;"
    ]
  },
  {
    "frequency": 9,
    "overriddenMethods": [
      "Ljava/util/AbstractCollection.add(Ljava/lang/Object;)Z",
      "Ljava/util/AbstractCollection.addAll(Ljava/util/Collection;)Z",
      "Ljava/util/AbstractCollection.clear()V",
      "Ljava/util/AbstractCollection.contains(Ljava/lang/Object;)Z",
      "Ljava/util/AbstractCollection.iterator()Ljava/util/Iterator;",
      "Ljava/util/AbstractCollection.remove(Ljava/lang/Object;)Z",
      "Ljava/util/AbstractCollection.removeAll(Ljava/util/Collection;)Z",
      "Ljava/util/AbstractCollection.retainAll(Ljava/util/Collection;)Z",
      "Ljava/util/AbstractCollection.size()I"
    ]
  },
  {
    "frequency": 1,
    "overriddenMethods": [
      "Ljava/util/AbstractCollection.add(Ljava/lang/Object;)Z",
      "Ljava/util/AbstractCollection.clear()V",
      "Ljava/util/AbstractCollection.contains(Ljava/lang/Object;)Z",
      "Ljava/util/AbstractCollection.isEmpty()Z",
      "Ljava/util/AbstractCollection.iterator()Ljava/util/Iterator;",
      "Ljava/util/AbstractCollection.remove(Ljava/lang/Object;)Z",
      "Ljava/util/AbstractCollection.removeAll(Ljava/util/Collection;)Z",
      "Ljava/util/AbstractCollection.size()I"
    ]
  },
  {
    "frequency": 1,
    "overriddenMethods": [
      "Ljava/util/AbstractCollection.contains(Ljava/lang/Object;)Z",
      "Ljava/util/AbstractCollection.iterator()Ljava/util/Iterator;",
      "Ljava/util/AbstractCollection.remove(Ljava/lang/Object;)Z",
      "Ljava/util/AbstractCollection.size()I"
    ]
  },
  {
    "frequency": 70,
    "overriddenMethods": [
      "Ljava/util/AbstractCollection.clear()V",
      "Ljava/util/AbstractCollection.contains(Ljava/lang/Object;)Z",
      "Ljava/util/AbstractCollection.isEmpty()Z",
      "Ljava/util/AbstractCollection.iterator()Ljava/util/Iterator;",
      "Ljava/util/AbstractCollection.size()I"
    ]
  },
  {
    "frequency": 1,
    "overriddenMethods": [
      "Ljava/util/AbstractCollection.add(Ljava/lang/Object;)Z",
      "Ljava/util/AbstractCollection.iterator()Ljava/util/Iterator;",
      "Ljava/util/AbstractCollection.remove(Ljava/lang/Object;)Z",
      "Ljava/util/AbstractCollection.size()I"
    ]
  },
  {
    "frequency": 1,
    "overriddenMethods": [
      "Ljava/util/AbstractCollection.add(Ljava/lang/Object;)Z",
      "Ljava/util/AbstractCollection.clear()V",
      "Ljava/util/AbstractCollection.contains(Ljava/lang/Object;)Z",
      "Ljava/util/AbstractCollection.containsAll(Ljava/util/Collection;)Z",
      "Ljava/util/AbstractCollection.iterator()Ljava/util/Iterator;",
      "Ljava/util/AbstractCollection.remove(Ljava/lang/Object;)Z",
      "Ljava/util/AbstractCollection.size()I",
      "Ljava/util/AbstractCollection.toString()Ljava/lang/String;"
    ]
  },
  {
    "frequency": 9,
    "overriddenMethods": [
      "Ljava/util/AbstractCollection.contains(Ljava/lang/Object;)Z",
      "Ljava/util/AbstractCollection.iterator()Ljava/util/Iterator;",
      "Ljava/util/AbstractCollection.size()I"
    ]
  },
  {
    "frequency": 40,
    "overriddenMethods": [
      "Ljava/util/AbstractCollection.contains(Ljava/lang/Object;)Z",
      "Ljava/util/AbstractCollection.isEmpty()Z",
      "Ljava/util/AbstractCollection.iterator()Ljava/util/Iterator;",
      "Ljava/util/AbstractCollection.size()I",
      "Ljava/util/AbstractCollection.toString()Ljava/lang/String;"
    ]
  },
  {
    "frequency": 1,
    "overriddenMethods": [
      "Ljava/util/AbstractCollection.iterator()Ljava/util/Iterator;",
      "Ljava/util/AbstractCollection.remove(Ljava/lang/Object;)Z",
      "Ljava/util/AbstractCollection.size()I"
    ]
  },
  {
    "frequency": 28,
    "overriddenMethods": [
      "Ljava/util/AbstractCollection.clear()V",
      "Ljava/util/AbstractCollection.contains(Ljava/lang/Object;)Z",
      "Ljava/util/AbstractCollection.isEmpty()Z",
      "Ljava/util/AbstractCollection.iterator()Ljava/util/Iterator;",
      "Ljava/util/AbstractCollection.remove(Ljava/lang/Object;)Z",
      "Ljava/util/AbstractCollection.size()I"
    ]
  },
  {
    "frequency": 4,
    "overriddenMethods": [
      "Ljava/lang/Object.equals(Ljava/lang/Object;)Z",
      "Ljava/lang/Object.hashCode()I",
      "Ljava/util/AbstractCollection.add(Ljava/lang/Object;)Z",
      "Ljava/util/AbstractCollection.clear()V",
      "Ljava/util/AbstractCollection.contains(Ljava/lang/Object;)Z",
      "Ljava/util/AbstractCollection.iterator()Ljava/util/Iterator;",
      "Ljava/util/AbstractCollection.remove(Ljava/lang/Object;)Z",
      "Ljava/util/AbstractCollection.size()I",
      "Ljava/util/AbstractCollection.toString()Ljava/lang/String;"
    ]
  },
  {
    "frequency": 17,
    "overriddenMethods": [
      "Ljava/util/AbstractCollection.clear()V",
      "Ljava/util/AbstractCollection.contains(Ljava/lang/Object;)Z",
      "Ljava/util/AbstractCollection.iterator()Ljava/util/Iterator;",
      "Ljava/util/AbstractCollection.size()I",
      "Ljava/util/AbstractCollection.toArray()[Ljava/lang/Object;",
      "Ljava/util/AbstractCollection.toArray([Ljava/lang/Object;)[Ljava/lang/Object;"
    ]
  },
  {
    "frequency": 26,
    "overriddenMethods": [
      "Ljava/util/AbstractCollection.add(Ljava/lang/Object;)Z",
      "Ljava/util/AbstractCollection.clear()V",
      "Ljava/util/AbstractCollection.isEmpty()Z",
      "Ljava/util/AbstractCollection.iterator()Ljava/util/Iterator;",
      "Ljava/util/AbstractCollection.size()I"
    ]
  },
  {
    "frequency": 1,
    "overriddenMethods": [
      "Ljava/lang/Object.clone()Ljava/lang/Object;",
      "Ljava/util/AbstractCollection.add(Ljava/lang/Object;)Z",
      "Ljava/util/AbstractCollection.clear()V",
      "Ljava/util/AbstractCollection.isEmpty()Z",
      "Ljava/util/AbstractCollection.iterator()Ljava/util/Iterator;",
      "Ljava/util/AbstractCollection.size()I"
    ]
  },
  {
    "frequency": 36,
    "overriddenMethods": [
      "Ljava/util/AbstractCollection.clear()V",
      "Ljava/util/AbstractCollection.isEmpty()Z",
      "Ljava/util/AbstractCollection.iterator()Ljava/util/Iterator;",
      "Ljava/util/AbstractCollection.remove(Ljava/lang/Object;)Z",
      "Ljava/util/AbstractCollection.removeAll(Ljava/util/Collection;)Z",
      "Ljava/util/AbstractCollection.retainAll(Ljava/util/Collection;)Z",
      "Ljava/util/AbstractCollection.size()I",
      "Ljava/util/AbstractCollection.toArray()[Ljava/lang/Object;",
      "Ljava/util/AbstractCollection.toArray([Ljava/lang/Object;)[Ljava/lang/Object;"
    ]
  },
  {
    "frequency": 44,
    "overriddenMethods": [
      "Ljava/util/AbstractCollection.add(Ljava/lang/Object;)Z",
      "Ljava/util/AbstractCollection.iterator()Ljava/util/Iterator;",
      "Ljava/util/AbstractCollection.size()I"
    ]
  },
  {
    "frequency": 41,
    "overriddenMethods": [
      "Ljava/util/AbstractCollection.clear()V",
      "Ljava/util/AbstractCollection.isEmpty()Z",
      "Ljava/util/AbstractCollection.iterator()Ljava/util/Iterator;",
      "Ljava/util/AbstractCollection.size()I"
    ]
  },
  {
    "frequency": 7,
    "overriddenMethods": [
      "Ljava/util/AbstractCollection.add(Ljava/lang/Object;)Z",
      "Ljava/util/AbstractCollection.addAll(Ljava/util/Collection;)Z",
      "Ljava/util/AbstractCollection.clear()V",
      "Ljava/util/AbstractCollection.isEmpty()Z",
      "Ljava/util/AbstractCollection.iterator()Ljava/util/Iterator;",
      "Ljava/util/AbstractCollection.size()I"
    ]
  },
  {
    "frequency": 3,
    "overriddenMethods": [
      "Ljava/lang/Object.clone()Ljava/lang/Object;",
      "Ljava/util/AbstractCollection.clear()V",
      "Ljava/util/AbstractCollection.contains(Ljava/lang/Object;)Z",
      "Ljava/util/AbstractCollection.isEmpty()Z",
      "Ljava/util/AbstractCollection.iterator()Ljava/util/Iterator;",
      "Ljava/util/AbstractCollection.remove(Ljava/lang/Object;)Z",
      "Ljava/util/AbstractCollection.size()I"
    ]
  },
  {
    "frequency": 1,
    "overriddenMethods": [
      "Ljava/util/AbstractCollection.add(Ljava/lang/Object;)Z",
      "Ljava/util/AbstractCollection.contains(Ljava/lang/Object;)Z",
      "Ljava/util/AbstractCollection.iterator()Ljava/util/Iterator;",
      "Ljava/util/AbstractCollection.remove(Ljava/lang/Object;)Z",
      "Ljava/util/AbstractCollection.size()I"
    ]
  },
  {
    "frequency": 2,
    "overriddenMethods": [
      "Ljava/lang/Object.clone()Ljava/lang/Object;",
      "Ljava/lang/Object.equals(Ljava/lang/Object;)Z",
      "Ljava/lang/Object.hashCode()I",
      "Ljava/util/AbstractCollection.add(Ljava/lang/Object;)Z",
      "Ljava/util/AbstractCollection.clear()V",
      "Ljava/util/AbstractCollection.contains(Ljava/lang/Object;)Z",
      "Ljava/util/AbstractCollection.isEmpty()Z",
      "Ljava/util/AbstractCollection.iterator()Ljava/util/Iterator;",
      "Ljava/util/AbstractCollection.remove(Ljava/lang/Object;)Z",
      "Ljava/util/AbstractCollection.removeAll(Ljava/util/Collection;)Z",
      "Ljava/util/AbstractCollection.retainAll(Ljava/util/Collection;)Z",
      "Ljava/util/AbstractCollection.size()I"
    ]
  },
  {
    "frequency": 1,
    "overriddenMethods": [
      "Ljava/util/AbstractCollection.add(Ljava/lang/Object;)Z",
      "Ljava/util/AbstractCollection.clear()V",
      "Ljava/util/AbstractCollection.iterator()Ljava/util/Iterator;",
      "Ljava/util/AbstractCollection.size()I"
    ]
  },
  {
    "frequency": 1,
    "overriddenMethods": [
      "Ljava/util/AbstractCollection.add(Ljava/lang/Object;)Z",
      "Ljava/util/AbstractCollection.clear()V",
      "Ljava/util/AbstractCollection.contains(Ljava/lang/Object;)Z",
      "Ljava/util/AbstractCollection.iterator()Ljava/util/Iterator;",
      "Ljava/util/AbstractCollection.remove(Ljava/lang/Object;)Z",
      "Ljava/util/AbstractCollection.size()I",
      "Ljava/util/AbstractCollection.toArray()[Ljava/lang/Object;",
      "Ljava/util/AbstractCollection.toArray([Ljava/lang/Object;)[Ljava/lang/Object;"
    ]
  },
  {
    "frequency": 20,
    "overriddenMethods": [
      "Ljava/util/AbstractCollection.clear()V",
      "Ljava/util/AbstractCollection.contains(Ljava/lang/Object;)Z",
      "Ljava/util/AbstractCollection.iterator()Ljava/util/Iterator;",
      "Ljava/util/AbstractCollection.remove(Ljava/lang/Object;)Z",
      "Ljava/util/AbstractCollection.size()I"
    ]
  },
  {
    "frequency": 2,
    "overriddenMethods": [
      "Ljava/util/AbstractCollection.clear()V",
      "Ljava/util/AbstractCollection.contains(Ljava/lang/Object;)Z",
      "Ljava/util/AbstractCollection.isEmpty()Z",
      "Ljava/util/AbstractCollection.iterator()Ljava/util/Iterator;",
      "Ljava/util/AbstractCollection.size()I",
      "Ljava/util/AbstractCollection.toArray()[Ljava/lang/Object;",
      "Ljava/util/AbstractCollection.toArray([Ljava/lang/Object;)[Ljava/lang/Object;"
    ]
  },
  {
    "frequency": 2,
    "overriddenMethods": [
      "Ljava/util/AbstractCollection.add(Ljava/lang/Object;)Z",
      "Ljava/util/AbstractCollection.clear()V",
      "Ljava/util/AbstractCollection.contains(Ljava/lang/Object;)Z",
      "Ljava/util/AbstractCollection.isEmpty()Z",
      "Ljava/util/AbstractCollection.iterator()Ljava/util/Iterator;",
      "Ljava/util/AbstractCollection.remove(Ljava/lang/Object;)Z",
      "Ljava/util/AbstractCollection.removeAll(Ljava/util/Collection;)Z",
      "Ljava/util/AbstractCollection.retainAll(Ljava/util/Collection;)Z",
      "Ljava/util/AbstractCollection.size()I"
    ]
  },
  {
    "frequency": 5,
    "overriddenMethods": [
      "Ljava/util/AbstractCollection.isEmpty()Z",
      "Ljava/util/AbstractCollection.iterator()Ljava/util/Iterator;",
      "Ljava/util/AbstractCollection.size()I"
    ]
  },
  {
    "frequency": 4,
    "overriddenMethods": [
      "Ljava/util/AbstractCollection.clear()V",
      "Ljava/util/AbstractCollection.contains(Ljava/lang/Object;)Z",
      "Ljava/util/AbstractCollection.iterator()Ljava/util/Iterator;",
      "Ljava/util/AbstractCollection.remove(Ljava/lang/Object;)Z",
      "Ljava/util/AbstractCollection.removeAll(Ljava/util/Collection;)Z",
      "Ljava/util/AbstractCollection.retainAll(Ljava/util/Collection;)Z",
      "Ljava/util/AbstractCollection.size()I"
    ]
  },
  {
    "frequency": 12,
    "overriddenMethods": [
      "Ljava/util/AbstractCollection.clear()V",
      "Ljava/util/AbstractCollection.iterator()Ljava/util/Iterator;",
      "Ljava/util/AbstractCollection.size()I",
      "Ljava/util/AbstractCollection.toArray()[Ljava/lang/Object;",
      "Ljava/util/AbstractCollection.toArray([Ljava/lang/Object;)[Ljava/lang/Object;"
    ]
  },
  {
    "frequency": 106,
    "overriddenMethods": [
      "Ljava/util/AbstractCollection.iterator()Ljava/util/Iterator;",
      "Ljava/util/AbstractCollection.size()I"
    ]
  },
  {
    "frequency": 3,
    "overriddenMethods": [
      "Ljava/util/AbstractCollection.add(Ljava/lang/Object;)Z",
      "Ljava/util/AbstractCollection.clear()V",
      "Ljava/util/AbstractCollection.contains(Ljava/lang/Object;)Z",
      "Ljava/util/AbstractCollection.iterator()Ljava/util/Iterator;",
      "Ljava/util/AbstractCollection.size()I"
    ]
  },
  {
    "frequency": 1,
    "overriddenMethods": [
      "Ljava/lang/Object.clone()Ljava/lang/Object;",
      "Ljava/util/AbstractCollection.add(Ljava/lang/Object;)Z",
      "Ljava/util/AbstractCollection.clear()V",
      "Ljava/util/AbstractCollection.isEmpty()Z",
      "Ljava/util/AbstractCollection.iterator()Ljava/util/Iterator;",
      "Ljava/util/AbstractCollection.size()I",
      "Ljava/util/AbstractCollection.toString()Ljava/lang/String;"
    ]
  },
  {
    "frequency": 4,
    "overriddenMethods": [
      "Ljava/util/AbstractCollection.iterator()Ljava/util/Iterator;",
      "Ljava/util/AbstractCollection.size()I",
      "Ljava/util/AbstractCollection.toString()Ljava/lang/String;"
    ]
  }
]