[
  {
    "frequency": 21,
    "overriddenMethods": [
      "Ljava/util/AbstractCollection.size()I",
      "Ljava/util/AbstractList.add(ILjava/lang/Object;)V",
      "Ljava/util/AbstractList.get(I)Ljava/lang/Object;",
      "Ljava/util/AbstractList.iterator()Ljava/util/Iterator;",
      "Ljava/util/AbstractList.listIterator()Ljava/util/ListIterator;",
      "Ljava/util/AbstractList.listIterator(I)Ljava/util/ListIterator;",
      "Ljava/util/AbstractList.remove(I)Ljava/lang/Object;",
      "Ljava/util/AbstractList.set(ILjava/lang/Object;)Ljava/lang/Object;"
    ]
  },
  {
    "frequency": 10,
    "overriddenMethods": [
      "Ljava/util/AbstractCollection.size()I",
      "Ljava/util/AbstractCollection.toString()Ljava/lang/String;",
      "Ljava/util/AbstractList.add(ILjava/lang/Object;)V",
      "Ljava/util/AbstractList.clear()V",
      "Ljava/util/AbstractList.get(I)Ljava/lang/Object;"
    ]
  },
  {
    "frequency": 13,
    "overriddenMethods": [
      "Ljava/util/AbstractCollection.contains(Ljava/lang/Object;)Z",
      "Ljava/util/AbstractCollection.size()I",
      "Ljava/util/AbstractList.get(I)Ljava/lang/Object;",
      "Ljava/util/AbstractList.indexOf(Ljava/lang/Object;)I",
      "Ljava/util/AbstractList.lastIndexOf(Ljava/lang/Object;)I"
    ]
  },
  {
    "frequency": 1,
    "overriddenMethods": [
      "Ljava/util/AbstractCollection.size()I",
      "Ljava/util/AbstractList.equals(Ljava/lang/Object;)Z",
      "Ljava/util/AbstractList.get(I)Ljava/lang/Object;",
      "Ljava/util/AbstractList.hashCode()I"
    ]
  },
  {
    "frequency": 13,
    "overriddenMethods": [
      "Ljava/util/AbstractCollection.contains(Ljava/lang/Object;)Z",
      "Ljava/util/AbstractCollection.size()I",
      "Ljava/util/AbstractCollection.toArray()[Ljava/lang/Object;",
      "Ljava/util/AbstractList.add(ILjava/lang/Object;)V",
      "Ljava/util/AbstractList.clear()V",
      "Ljava/util/AbstractList.get(I)Ljava/lang/Object;",
      "Ljava/util/AbstractList.indexOf(Ljava/lang/Object;)I",
      "Ljava/util/AbstractList.iterator()Ljava/util/Iterator;",
      "Ljava/util/AbstractList.listIterator()Ljava/util/ListIterator;",
      "Ljava/util/AbstractList.listIterator(I)Ljava/util/ListIterator;",
      "Ljava/util/AbstractList.remove(I)Ljava/lang/Object;",
      "Ljava/util/AbstractList.set(ILjava/lang/Object;)Ljava/lang/Object;"
    ]
  },
  {
    "frequency": 1,
    "overriddenMethods": [
      "Ljava/lang/Object.clone()Ljava/lang/Object;",
      "Ljava/util/AbstractCollection.addAll(Ljava/util/Collection;)Z",
      "Ljava/util/AbstractCollection.size()I",
      "Ljava/util/AbstractList.add(ILjava/lang/Object;)V",
      "Ljava/util/AbstractList.add(Ljava/lang/Object;)Z",
      "Ljava/util/AbstractList.addAll(ILjava/util/Collection;)Z",
      "Ljava/util/AbstractList.equals(Ljava/lang/Object;)Z",
      "Ljava/util/AbstractList.get(I)Ljava/lang/Object;",
      "Ljava/util/AbstractList.hashCode()I",
      "Ljava/util/AbstractList.remove(I)Ljava/lang/Object;",
      "Ljava/util/AbstractList.set(ILjava/lang/Object;)Ljava/lang/Object;"
    ]
  },
  {
    "frequency": 3,
    "overriddenMethods": [
      "Ljava/util/AbstractCollection.isEmpty()Z",
      "Ljava/util/AbstractCollection.size()I",
      "Ljava/util/AbstractList.add(ILjava/lang/Object;)V",
      "Ljava/util/AbstractList.add(Ljava/lang/Object;)Z",
      "Ljava/util/AbstractList.clear()V",
      "Ljava/util/AbstractList.get(I)Ljava/lang/Object;",
      "Ljava/util/AbstractList.remove(I)Ljava/lang/Object;",
      "Ljava/util/AbstractList.set(ILjava/lang/Object;)Ljava/lang/Object;"
    ]
  },
  {
    "frequency": 39,
    "overriddenMethods": [
      "Ljava/util/AbstractCollection.isEmpty()Z",
      "Ljava/util/AbstractCollection.size()I",
      "Ljava/util/AbstractList.get(I)Ljava/lang/Object;"
    ]
  },
  {
    "frequency": 1,
    "overriddenMethods": [
      "Ljava/util/AbstractCollection.addAll(Ljava/util/Collection;)Z",
      "Ljava/util/AbstractCollection.contains(Ljava/lang/Object;)Z",
      "Ljava/util/AbstractCollection.containsAll(Ljava/util/Collection;)Z",
      "Ljava/util/AbstractCollection.isEmpty()Z",
      "Ljava/util/AbstractCollection.remove(Ljava/lang/Object;)Z",
      "Ljava/util/AbstractCollection.removeAll(Ljava/util/Collection;)Z",
      "Ljava/util/AbstractCollection.size()I",
      "Ljava/util/AbstractCollection.toArray()[Ljava/lang/Object;",
      "Ljava/util/AbstractCollection.toArray([Ljava/lang/Object;)[Ljava/lang/Object;",
      "Ljava/util/AbstractList.add(ILjava/lang/Object;)V",
      "Ljava/util/AbstractList.add(Ljava/lang/Object;)Z",
      "Ljava/util/AbstractList.addAll(ILjava/util/Collection;)Z",
      "Ljava/util/AbstractList.clear()V",
      "Ljava/util/AbstractList.get(I)Ljava/lang/Object;",
      "Ljava/util/AbstractList.indexOf(Ljava/lang/Object;)I",
      "Ljava/util/AbstractList.iterator()Ljava/util/Iterator;",
      "Ljava/util/AbstractList.lastIndexOf(Ljava/lang/Object;)I",
      "Ljava/util/AbstractList.listIterator()Ljava/util/ListIterator;",
      "Ljava/util/AbstractList.listIterator(I)Ljava/util/ListIterator;",
      "Ljava/util/AbstractList.remove(I)Ljava/lang/Object;",
      "Ljava/util/AbstractList.set(ILjava/lang/Object;)Ljava/lang/Object;"
    ]
  },
  {
    "frequency": 5,
    "overriddenMethods": [
      "Ljava/util/AbstractCollection.size()I",
      "Ljava/util/AbstractCollection.toString()Ljava/lang/String;",
      "Ljava/util/AbstractList.get(I)Ljava/lang/Object;",
      "Ljava/util/AbstractList.iterator()Ljava/util/Iterator;"
    ]
  },
  {
    "frequency": 13,
    "overriddenMethods": [
      "Ljava/util/AbstractCollection.addAll(Ljava/util/Collection;)Z",
      "Ljava/util/AbstractCollection.size()I",
      "Ljava/util/AbstractList.add(ILjava/lang/Object;)V",
      "Ljava/util/AbstractList.addAll(ILjava/util/Collection;)Z",
      "Ljava/util/AbstractList.clear()V",
      "Ljava/util/AbstractList.get(I)Ljava/lang/Object;",
      "Ljava/util/AbstractList.iterator()Ljava/util/Iterator;",
      "Ljava/util/AbstractList.listIterator(I)Ljava/util/ListIterator;",
      "Ljava/util/AbstractList.remove(I)Ljava/lang/Object;",
      "Ljava/util/AbstractList.set(ILjava/lang/Object;)Ljava/lang/Object;",
      "Ljava/util/AbstractList.subList(II)Ljava/util/List;"
    ]
  },
  {
    "frequency": 4,
    "overriddenMethods": [
      "Ljava/util/AbstractCollection.size()I",
      "Ljava/util/AbstractList.equals(Ljava/lang/Object;)Z",
      "Ljava/util/AbstractList.get(I)Ljava/lang/Object;",
      "Ljava/util/AbstractList.iterator()Ljava/util/Iterator;",
      "Ljava/util/AbstractList.listIterator()Ljava/util/ListIterator;"
    ]
  },
  {
    "frequency": 2743,
    "overriddenMethods": [
      "Ljava/util/AbstractCollection.size()I",
      "Ljava/util/AbstractList.add(ILjava/lang/Object;)V",
      "Ljava/util/AbstractList.get(I)Ljava/lang/Object;",
      "Ljava/util/AbstractList.remove(I)Ljava/lang/Object;",
      "Ljava/util/AbstractList.set(ILjava/lang/Object;)Ljava/lang/Object;"
    ]
  },
  {
    "frequency": 21,
    "overriddenMethods": [
      "Ljava/util/AbstractCollection.addAll(Ljava/util/Collection;)Z",
      "Ljava/util/AbstractCollection.size()I",
      "Ljava/util/AbstractCollection.toString()Ljava/lang/String;",
      "Ljava/util/AbstractList.add(ILjava/lang/Object;)V",
      "Ljava/util/AbstractList.add(Ljava/lang/Object;)Z",
      "Ljava/util/AbstractList.addAll(ILjava/util/Collection;)Z",
      "Ljava/util/AbstractList.clear()V",
      "Ljava/util/AbstractList.get(I)Ljava/lang/Object;",
      "Ljava/util/AbstractList.remove(I)Ljava/lang/Object;",
      "Ljava/util/AbstractList.set(ILjava/lang/Object;)Ljava/lang/Object;"
    ]
  },
  {
    "frequency": 1,
    "overriddenMethods": [
      "Ljava/util/AbstractCollection.isEmpty()Z",
      "Ljava/util/AbstractCollection.size()I",
      "Ljava/util/AbstractList.add(Ljava/lang/Object;)Z",
      "Ljava/util/AbstractList.get(I)Ljava/lang/Object;",
      "Ljava/util/AbstractList.iterator()Ljava/util/Iterator;",
      "Ljava/util/AbstractList.remove(I)Ljava/lang/Object;",
      "Ljava/util/AbstractList.set(ILjava/lang/Object;)Ljava/lang/Object;"
    ]
  },
  {
    "frequency": 1,
    "overriddenMethods": [
      "Ljava/util/AbstractCollection.contains(Ljava/lang/Object;)Z",
      "Ljava/util/AbstractCollection.size()I",
      "Ljava/util/AbstractCollection.toArray()[Ljava/lang/Object;",
      "Ljava/util/AbstractList.get(I)Ljava/lang/Object;",
      "Ljava/util/AbstractList.indexOf(Ljava/lang/Object;)I",
      "Ljava/util/AbstractList.set(ILjava/lang/Object;)Ljava/lang/Object;"
    ]
  },
  {
    "frequency": 3,
    "overriddenMethods": [
      "Ljava/util/AbstractCollection.contains(Ljava/lang/Object;)Z",
      "Ljava/util/AbstractCollection.size()I",
      "Ljava/util/AbstractList.get(I)Ljava/lang/Object;",
      "Ljava/util/AbstractList.indexOf(Ljava/lang/Object;)I"
    ]
  },
  {
    "frequency": 1,
    "overriddenMethods": [
      "Ljava/util/AbstractCollection.contains(Ljava/lang/Object;)Z",
      "Ljava/util/AbstractCollection.size()I",
      "Ljava/util/AbstractCollection.toString()Ljava/lang/String;",
      "Ljava/util/AbstractList.add(ILjava/lang/Object;)V",
      "Ljava/util/AbstractList.equals(Ljava/lang/Object;)Z",
      "Ljava/util/AbstractList.get(I)Ljava/lang/Object;",
      "Ljava/util/AbstractList.hashCode()I",
      "Ljava/util/AbstractList.remove(I)Ljava/lang/Object;",
      "Ljava/util/AbstractList.set(ILjava/lang/Object;)Ljava/lang/Object;"
    ]
  },
  {
    "frequency": 5,
    "overriddenMethods": [
      "Ljava/util/AbstractCollection.size()I",
      "Ljava/util/AbstractList.add(ILjava/lang/Object;)V",
      "Ljava/util/AbstractList.add(Ljava/lang/Object;)Z",
      "Ljava/util/AbstractList.get(I)Ljava/lang/Object;",
      "Ljava/util/AbstractList.remove(I)Ljava/lang/Object;",
      "Ljava/util/AbstractList.set(ILjava/lang/Object;)Ljava/lang/Object;"
    ]
  },
  {
    "frequency": 6,
    "overriddenMethods": [
      "Ljava/util/AbstractCollection.contains(Ljava/lang/Object;)Z",
      "Ljava/util/AbstractCollection.containsAll(Ljava/util/Collection;)Z",
      "Ljava/util/AbstractCollection.size()I",
      "Ljava/util/AbstractCollection.toString()Ljava/lang/String;",
      "Ljava/util/AbstractList.equals(Ljava/lang/Object;)Z",
      "Ljava/util/AbstractList.get(I)Ljava/lang/Object;",
      "Ljava/util/AbstractList.iterator()Ljava/util/Iterator;",
      "Ljava/util/AbstractList.subList(II)Ljava/util/List;"
    ]
  },
  {
    "frequency": 1,
    "overriddenMethods": [
      "Ljava/util/AbstractCollection.remove(Ljava/lang/Object;)Z",
      "Ljava/util/AbstractCollection.size()I",
      "Ljava/util/AbstractList.add(ILjava/lang/Object;)V",
      "Ljava/util/AbstractList.add(Ljava/lang/Object;)Z",
      "Ljava/util/AbstractList.clear()V",
      "Ljava/util/AbstractList.get(I)Ljava/lang/Object;",
      "Ljava/util/AbstractList.iterator()Ljava/util/Iterator;",
      "Ljava/util/AbstractList.listIterator(I)Ljava/util/ListIterator;",
      "Ljava/util/AbstractList.remove(I)Ljava/lang/Object;",
      "Ljava/util/AbstractList.set(ILjava/lang/Object;)Ljava/lang/Object;"
    ]
  },
  {
    "frequency": 1,
    "overriddenMethods": [
      "Ljava/util/AbstractCollection.contains(Ljava/lang/Object;)Z",
      "Ljava/util/AbstractCollection.size()I",
      "Ljava/util/AbstractCollection.toArray()[Ljava/lang/Object;",
      "Ljava/util/AbstractCollection.toArray([Ljava/lang/Object;)[Ljava/lang/Object;",
      "Ljava/util/AbstractList.get(I)Ljava/lang/Object;",
      "Ljava/util/AbstractList.indexOf(Ljava/lang/Object;)I",
      "Ljava/util/AbstractList.iterator()Ljava/util/Iterator;",
      "Ljava/util/AbstractList.lastIndexOf(Ljava/lang/Object;)I",
      "Ljava/util/AbstractList.listIterator()Ljava/util/ListIterator;",
      "Ljava/util/AbstractList.set(ILjava/lang/Object;)Ljava/lang/Object;"
    ]
  },
  {
    "frequency": 6,
    "overriddenMethods": [
      "Ljava/util/AbstractCollection.addAll(Ljava/util/Collection;)Z",
      "Ljava/util/AbstractCollection.remove(Ljava/lang/Object;)Z",
      "Ljava/util/AbstractCollection.removeAll(Ljava/util/Collection;)Z",
      "Ljava/util/AbstractCollection.retainAll(Ljava/util/Collection;)Z",
      "Ljava/util/AbstractCollection.size()I",
      "Ljava/util/AbstractCollection.toString()Ljava/lang/String;",
      "Ljava/util/AbstractList.add(Ljava/lang/Object;)Z",
      "Ljava/util/AbstractList.addAll(ILjava/util/Collection;)Z",
      "Ljava/util/AbstractList.get(I)Ljava/lang/Object;",
      "Ljava/util/AbstractList.remove(I)Ljava/lang/Object;",
      "Ljava/util/AbstractList.set(ILjava/lang/Object;)Ljava/lang/Object;"
    ]
  },
  {
    "frequency": 29,
    "overriddenMethods": [
      "Ljava/util/AbstractCollection.contains(Ljava/lang/Object;)Z",
      "Ljava/util/AbstractCollection.size()I",
      "Ljava/util/AbstractList.add(ILjava/lang/Object;)V",
      "Ljava/util/AbstractList.addAll(ILjava/util/Collection;)Z",
      "Ljava/util/AbstractList.get(I)Ljava/lang/Object;",
      "Ljava/util/AbstractList.remove(I)Ljava/lang/Object;",
      "Ljava/util/AbstractList.set(ILjava/lang/Object;)Ljava/lang/Object;"
    ]
  },
  {
    "frequency": 7,
    "overriddenMethods": [
      "Ljava/util/AbstractCollection.remove(Ljava/lang/Object;)Z",
      "Ljava/util/AbstractCollection.size()I",
      "Ljava/util/AbstractList.add(ILjava/lang/Object;)V",
      "Ljava/util/AbstractList.add(Ljava/lang/Object;)Z",
      "Ljava/util/AbstractList.clear()V",
      "Ljava/util/AbstractList.get(I)Ljava/lang/Object;",
      "Ljava/util/AbstractList.remove(I)Ljava/lang/Object;",
      "Ljava/util/AbstractList.set(ILjava/lang/Object;)Ljava/lang/Object;"
    ]
  },
  {
    "frequency": 13,
    "overriddenMethods": [
      "Ljava/util/AbstractCollection.contains(Ljava/lang/Object;)Z",
      "Ljava/util/AbstractCollection.containsAll(Ljava/util/Collection;)Z",
      "Ljava/util/AbstractCollection.remove(Ljava/lang/Object;)Z",
      "Ljava/util/AbstractCollection.removeAll(Ljava/util/Collection;)Z",
      "Ljava/util/AbstractCollection.retainAll(Ljava/util/Collection;)Z",
      "Ljava/util/AbstractCollection.size()I",
      "Ljava/util/AbstractCollection.toArray()[Ljava/lang/Object;",
      "Ljava/util/AbstractCollection.toArray([Ljava/lang/Object;)[Ljava/lang/Object;",
      "Ljava/util/AbstractList.clear()V",
      "Ljava/util/AbstractList.get(I)Ljava/lang/Object;",
      "Ljava/util/AbstractList.indexOf(Ljava/lang/Object;)I",
      "Ljava/util/AbstractList.iterator()Ljava/util/Iterator;",
      "Ljava/util/AbstractList.lastIndexOf(Ljava/lang/Object;)I",
      "Ljava/util/AbstractList.listIterator()Ljava/util/ListIterator;",
      "Ljava/util/AbstractList.listIterator(I)Ljava/util/ListIterator;",
      "Ljava/util/AbstractList.remove(I)Ljava/lang/Object;",
      "Ljava/util/AbstractList.subList(II)Ljava/util/List;"
    ]
  },
  {
    "frequency": 2,
    "overriddenMethods": [
      "Ljava/util/AbstractCollection.size()I",
      "Ljava/util/AbstractList.add(ILjava/lang/Object;)V",
      "Ljava/util/AbstractList.add(Ljava/lang/Object;)Z",
      "Ljava/util/AbstractList.clear()V",
      "Ljava/util/AbstractList.get(I)Ljava/lang/Object;",
      "Ljava/util/AbstractList.iterator()Ljava/util/Iterator;",
      "Ljava/util/AbstractList.remove(I)Ljava/lang/Object;",
      "Ljava/util/AbstractList.set(ILjava/lang/Object;)Ljava/lang/Object;"
    ]
  },
  {
    "frequency": 1,
    "overriddenMethods": [
      "Ljava/util/AbstractCollection.contains(Ljava/lang/Object;)Z",
      "Ljava/util/AbstractCollection.size()I",
      "Ljava/util/AbstractList.get(I)Ljava/lang/Object;",
      "Ljava/util/AbstractList.iterator()Ljava/util/Iterator;"
    ]
  },
  {
    "frequency": 1,
    "overriddenMethods": [
      "Ljava/util/AbstractCollection.contains(Ljava/lang/Object;)Z",
      "Ljava/util/AbstractCollection.remove(Ljava/lang/Object;)Z",
      "Ljava/util/AbstractCollection.size()I",
      "Ljava/util/AbstractList.add(Ljava/lang/Object;)Z",
      "Ljava/util/AbstractList.clear()V",
      "Ljava/util/AbstractList.get(I)Ljava/lang/Object;",
      "Ljava/util/AbstractList.iterator()Ljava/util/Iterator;",
      "Ljava/util/AbstractList.set(ILjava/lang/Object;)Ljava/lang/Object;"
    ]
  },
  {
    "frequency": 1,
    "overriddenMethods": [
      "Ljava/util/AbstractCollection.size()I",
      "Ljava/util/AbstractList.add(ILjava/lang/Object;)V",
      "Ljava/util/AbstractList.add(Ljava/lang/Object;)Z",
      "Ljava/util/AbstractList.clear()V",
      "Ljava/util/AbstractList.get(I)Ljava/lang/Object;",
      "Ljava/util/AbstractList.remove(I)Ljava/lang/Object;",
      "Ljava/util/AbstractList.set(ILjava/lang/Object;)Ljava/lang/Object;"
    ]
  },
  {
    "frequency": 1,
    "overriddenMethods": [
      "Ljava/util/AbstractCollection.isEmpty()Z",
      "Ljava/util/AbstractCollection.size()I",
      "Ljava/util/AbstractList.get(I)Ljava/lang/Object;",
      "Ljava/util/AbstractList.iterator()Ljava/util/Iterator;",
      "Ljava/util/AbstractList.set(ILjava/lang/Object;)Ljava/lang/Object;"
    ]
  },
  {
    "frequency": 6,
    "overriddenMethods": [
      "Ljava/util/AbstractCollection.size()I",
      "Ljava/util/AbstractList.add(Ljava/lang/Object;)Z",
      "Ljava/util/AbstractList.get(I)Ljava/lang/Object;"
    ]
  },
  {
    "frequency": 6,
    "overriddenMethods": [
      "Ljava/lang/Object.clone()Ljava/lang/Object;",
      "Ljava/util/AbstractCollection.size()I",
      "Ljava/util/AbstractCollection.toString()Ljava/lang/String;",
      "Ljava/util/AbstractList.equals(Ljava/lang/Object;)Z",
      "Ljava/util/AbstractList.get(I)Ljava/lang/Object;"
    ]
  },
  {
    "frequency": 1,
    "overriddenMethods": [
      "Ljava/util/AbstractCollection.contains(Ljava/lang/Object;)Z",
      "Ljava/util/AbstractCollection.size()I",
      "Ljava/util/AbstractCollection.toArray()[Ljava/lang/Object;",
      "Ljava/util/AbstractCollection.toArray([Ljava/lang/Object;)[Ljava/lang/Object;",
      "Ljava/util/AbstractList.get(I)Ljava/lang/Object;",
      "Ljava/util/AbstractList.indexOf(Ljava/lang/Object;)I",
      "Ljava/util/AbstractList.set(ILjava/lang/Object;)Ljava/lang/Object;"
    ]
  },
  {
    "frequency": 14,
    "overriddenMethods": [
      "Ljava/util/AbstractCollection.addAll(Ljava/util/Collection;)Z",
      "Ljava/util/AbstractCollection.size()I",
      "Ljava/util/AbstractList.add(ILjava/lang/Object;)V",
      "Ljava/util/AbstractList.addAll(ILjava/util/Collection;)Z",
      "Ljava/util/AbstractList.clear()V",
      "Ljava/util/AbstractList.get(I)Ljava/lang/Object;",
      "Ljava/util/AbstractList.remove(I)Ljava/lang/Object;",
      "Ljava/util/AbstractList.set(ILjava/lang/Object;)Ljava/lang/Object;"
    ]
  },
  {
    "frequency": 2,
    "overriddenMethods": [
      "Ljava/util/AbstractCollection.addAll(Ljava/util/Collection;)Z",
      "Ljava/util/AbstractCollection.contains(Ljava/lang/Object;)Z",
      "Ljava/util/AbstractCollection.containsAll(Ljava/util/Collection;)Z",
      "Ljava/util/AbstractCollection.isEmpty()Z",
      "Ljava/util/AbstractCollection.remove(Ljava/lang/Object;)Z",
      "Ljava/util/AbstractCollection.removeAll(Ljava/util/Collection;)Z",
      "Ljava/util/AbstractCollection.retainAll(Ljava/util/Collection;)Z",
      "Ljava/util/AbstractCollection.size()I",
      "Ljava/util/AbstractCollection.toArray()[Ljava/lang/Object;",
      "Ljava/util/AbstractCollection.toArray([Ljava/lang/Object;)[Ljava/lang/Object;",
      "Ljava/util/AbstractList.add(ILjava/lang/Object;)V",
      "Ljava/util/AbstractList.add(Ljava/lang/Object;)Z",
      "Ljava/util/AbstractList.addAll(ILjava/util/Collection;)Z",
      "Ljava/util/AbstractList.clear()V",
      "Ljava/util/AbstractList.get(I)Ljava/lang/Object;",
      "Ljava/util/AbstractList.indexOf(Ljava/lang/Object;)I",
      "Ljava/util/AbstractList.iterator()Ljava/util/Iterator;",
      "Ljava/util/AbstractList.lastIndexOf(Ljava/lang/Object;)I",
      "Ljava/util/AbstractList.listIterator()Ljava/util/ListIterator;",
      "Ljava/util/AbstractList.listIterator(I)Ljava/util/ListIterator;",
      "Ljava/util/AbstractList.remove(I)Ljava/lang/Object;",
      "Ljava/util/AbstractList.set(ILjava/lang/Object;)Ljava/lang/Object;",
      "Ljava/util/AbstractList.subList(II)Ljava/util/List;"
    ]
  },
  {
    "frequency": 4,
    "overriddenMethods": [
      "Ljava/util/AbstractCollection.isEmpty()Z",
      "Ljava/util/AbstractCollection.size()I",
      "Ljava/util/AbstractCollection.toString()Ljava/lang/String;",
      "Ljava/util/AbstractList.add(ILjava/lang/Object;)V",
      "Ljava/util/AbstractList.add(Ljava/lang/Object;)Z",
      "Ljava/util/AbstractList.clear()V",
      "Ljava/util/AbstractList.get(I)Ljava/lang/Object;",
      "Ljava/util/AbstractList.remove(I)Ljava/lang/Object;",
      "Ljava/util/AbstractList.set(ILjava/lang/Object;)Ljava/lang/Object;"
    ]
  },
  {
    "frequency": 4,
    "overriddenMethods": [
      "Ljava/util/AbstractCollection.size()I",
      "Ljava/util/AbstractList.add(Ljava/lang/Object;)Z",
      "Ljava/util/AbstractList.get(I)Ljava/lang/Object;",
      "Ljava/util/AbstractList.remove(I)Ljava/lang/Object;",
      "Ljava/util/AbstractList.set(ILjava/lang/Object;)Ljava/lang/Object;"
    ]
  },
  {
    "frequency": 25,
    "overriddenMethods": [
      "Ljava/util/AbstractCollection.contains(Ljava/lang/Object;)Z",
      "Ljava/util/AbstractCollection.size()I",
      "Ljava/util/AbstractList.equals(Ljava/lang/Object;)Z",
      "Ljava/util/AbstractList.get(I)Ljava/lang/Object;",
      "Ljava/util/AbstractList.hashCode()I",
      "Ljava/util/AbstractList.indexOf(Ljava/lang/Object;)I",
      "Ljava/util/AbstractList.lastIndexOf(Ljava/lang/Object;)I",
      "Ljava/util/AbstractList.subList(II)Ljava/util/List;"
    ]
  },
  {
    "frequency": 1,
    "overriddenMethods": [
      "Ljava/util/AbstractCollection.size()I",
      "Ljava/util/AbstractList.add(ILjava/lang/Object;)V",
      "Ljava/util/AbstractList.clear()V",
      "Ljava/util/AbstractList.get(I)Ljava/lang/Object;",
      "Ljava/util/AbstractList.iterator()Ljava/util/Iterator;",
      "Ljava/util/AbstractList.remove(I)Ljava/lang/Object;",
      "Ljava/util/AbstractList.set(ILjava/lang/Object;)Ljava/lang/Object;"
    ]
  },
  {
    "frequency": 7,
    "overriddenMethods": [
      "Ljava/util/AbstractCollection.addAll(Ljava/util/Collection;)Z",
      "Ljava/util/AbstractCollection.contains(Ljava/lang/Object;)Z",
      "Ljava/util/AbstractCollection.containsAll(Ljava/util/Collection;)Z",
      "Ljava/util/AbstractCollection.isEmpty()Z",
      "Ljava/util/AbstractCollection.remove(Ljava/lang/Object;)Z",
      "Ljava/util/AbstractCollection.removeAll(Ljava/util/Collection;)Z",
      "Ljava/util/AbstractCollection.size()I",
      "Ljava/util/AbstractCollection.toArray()[Ljava/lang/Object;",
      "Ljava/util/AbstractCollection.toArray([Ljava/lang/Object;)[Ljava/lang/Object;",
      "Ljava/util/AbstractList.add(ILjava/lang/Object;)V",
      "Ljava/util/AbstractList.add(Ljava/lang/Object;)Z",
      "Ljava/util/AbstractList.addAll(ILjava/util/Collection;)Z",
      "Ljava/util/AbstractList.clear()V",
      "Ljava/util/AbstractList.get(I)Ljava/lang/Object;",
      "Ljava/util/AbstractList.indexOf(Ljava/lang/Object;)I",
      "Ljava/util/AbstractList.lastIndexOf(Ljava/lang/Object;)I",
      "Ljava/util/AbstractList.remove(I)Ljava/lang/Object;",
      "Ljava/util/AbstractList.set(ILjava/lang/Object;)Ljava/lang/Object;"
    ]
  },
  {
    "frequency": 4,
    "overriddenMethods": [
      "Ljava/util/AbstractCollection.size()I",
      "Ljava/util/AbstractList.add(ILjava/lang/Object;)V",
      "Ljava/util/AbstractList.clear()V",
      "Ljava/util/AbstractList.get(I)Ljava/lang/Object;",
      "Ljava/util/AbstractList.iterator()Ljava/util/Iterator;",
      "Ljava/util/AbstractList.listIterator(I)Ljava/util/ListIterator;",
      "Ljava/util/AbstractList.remove(I)Ljava/lang/Object;",
      "Ljava/util/AbstractList.removeRange(II)V",
      "Ljava/util/AbstractList.set(ILjava/lang/Object;)Ljava/lang/Object;",
      "Ljava/util/AbstractList.subList(II)Ljava/util/List;"
    ]
  },
  {
    "frequency": 21,
    "overriddenMethods": [
      "Ljava/util/AbstractCollection.addAll(Ljava/util/Collection;)Z",
      "Ljava/util/AbstractCollection.size()I",
      "Ljava/util/AbstractCollection.toString()Ljava/lang/String;",
      "Ljava/util/AbstractList.add(ILjava/lang/Object;)V",
      "Ljava/util/AbstractList.addAll(ILjava/util/Collection;)Z",
      "Ljava/util/AbstractList.clear()V",
      "Ljava/util/AbstractList.get(I)Ljava/lang/Object;",
      "Ljava/util/AbstractList.remove(I)Ljava/lang/Object;",
      "Ljava/util/AbstractList.set(ILjava/lang/Object;)Ljava/lang/Object;"
    ]
  },
  {
    "frequency": 1,
    "overriddenMethods": [
      "Ljava/util/AbstractCollection.remove(Ljava/lang/Object;)Z",
      "Ljava/util/AbstractCollection.removeAll(Ljava/util/Collection;)Z",
      "Ljava/util/AbstractCollection.retainAll(Ljava/util/Collection;)Z",
      "Ljava/util/AbstractCollection.size()I",
      "Ljava/util/AbstractList.add(ILjava/lang/Object;)V",
      "Ljava/util/AbstractList.add(Ljava/lang/Object;)Z",
      "Ljava/util/AbstractList.addAll(ILjava/util/Collection;)Z",
      "Ljava/util/AbstractList.clear()V",
      "Ljava/util/AbstractList.get(I)Ljava/lang/Object;",
      "Ljava/util/AbstractList.remove(I)Ljava/lang/Object;",
      "Ljava/util/AbstractList.set(ILjava/lang/Object;)Ljava/lang/Object;"
    ]
  },
  {
    "frequency": 1,
    "overriddenMethods": [
      "Ljava/util/AbstractCollection.size()I",
      "Ljava/util/AbstractCollection.toString()Ljava/lang/String;",
      "Ljava/util/AbstractList.get(I)Ljava/lang/Object;",
      "Ljava/util/AbstractList.remove(I)Ljava/lang/Object;"
    ]
  },
  {
    "frequency": 5,
    "overriddenMethods": [
      "Ljava/util/AbstractCollection.size()I",
      "Ljava/util/AbstractList.get(I)Ljava/lang/Object;",
      "Ljava/util/AbstractList.iterator()Ljava/util/Iterator;"
    ]
  },
  {
    "frequency": 3,
    "overriddenMethods": [
      "Ljava/util/AbstractCollection.isEmpty()Z",
      "Ljava/util/AbstractCollection.size()I",
      "Ljava/util/AbstractList.add(ILjava/lang/Object;)V",
      "Ljava/util/AbstractList.clear()V",
      "Ljava/util/AbstractList.get(I)Ljava/lang/Object;",
      "Ljava/util/AbstractList.indexOf(Ljava/lang/Object;)I",
      "Ljava/util/AbstractList.iterator()Ljava/util/Iterator;",
      "Ljava/util/AbstractList.listIterator()Ljava/util/ListIterator;",
      "Ljava/util/AbstractList.listIterator(I)Ljava/util/ListIterator;",
      "Ljava/util/AbstractList.remove(I)Ljava/lang/Object;",
      "Ljava/util/AbstractList.set(ILjava/lang/Object;)Ljava/lang/Object;",
      "Ljava/util/AbstractList.subList(II)Ljava/util/List;"
    ]
  },
  {
    "frequency": 1,
    "overriddenMethods": [
      "Ljava/util/AbstractCollection.addAll(Ljava/util/Collection;)Z",
      "Ljava/util/AbstractCollection.contains(Ljava/lang/Object;)Z",
      "Ljava/util/AbstractCollection.containsAll(Ljava/util/Collection;)Z",
      "Ljava/util/AbstractCollection.isEmpty()Z",
      "Ljava/util/AbstractCollection.remove(Ljava/lang/Object;)Z",
      "Ljava/util/AbstractCollection.removeAll(Ljava/util/Collection;)Z",
      "Ljava/util/AbstractCollection.retainAll(Ljava/util/Collection;)Z",
      "Ljava/util/AbstractCollection.size()I",
      "Ljava/util/AbstractCollection.toArray()[Ljava/lang/Object;",
      "Ljava/util/AbstractCollection.toArray([Ljava/lang/Object;)[Ljava/lang/Object;",
      "Ljava/util/AbstractList.add(ILjava/lang/Object;)V",
      "Ljava/util/AbstractList.add(Ljava/lang/Object;)Z",
      "Ljava/util/AbstractList.addAll(ILjava/util/Collection;)Z",
      "Ljava/util/AbstractList.clear()V",
      "Ljava/util/AbstractList.get(I)Ljava/lang/Object;",
      "Ljava/util/AbstractList.indexOf(Ljava/lang/Object;)I",
      "Ljava/util/AbstractList.iterator()Ljava/util/Iterator;",
      "Ljava/util/AbstractList.lastIndexOf(Ljava/lang/Object;)I",
      "Ljava/util/AbstractList.remove(I)Ljava/lang/Object;",
      "Ljava/util/AbstractList.set(ILjava/lang/Object;)Ljava/lang/Object;"
    ]
  },
  {
    "frequency": 3,
    "overriddenMethods": [
      "Ljava/util/AbstractCollection.size()I",
      "Ljava/util/AbstractList.get(I)Ljava/lang/Object;",
      "Ljava/util/AbstractList.iterator()Ljava/util/Iterator;",
      "Ljava/util/AbstractList.listIterator(I)Ljava/util/ListIterator;",
      "Ljava/util/AbstractList.subList(II)Ljava/util/List;"
    ]
  },
  {
    "frequency": 247,
    "overriddenMethods": [
      "Ljava/util/AbstractCollection.contains(Ljava/lang/Object;)Z",
      "Ljava/util/AbstractCollection.isEmpty()Z",
      "Ljava/util/AbstractCollection.size()I",
      "Ljava/util/AbstractCollection.toString()Ljava/lang/String;",
      "Ljava/util/AbstractList.equals(Ljava/lang/Object;)Z",
      "Ljava/util/AbstractList.get(I)Ljava/lang/Object;",
      "Ljava/util/AbstractList.hashCode()I",
      "Ljava/util/AbstractList.indexOf(Ljava/lang/Object;)I",
      "Ljava/util/AbstractList.lastIndexOf(Ljava/lang/Object;)I",
      "Ljava/util/AbstractList.set(ILjava/lang/Object;)Ljava/lang/Object;",
      "Ljava/util/AbstractList.subList(II)Ljava/util/List;"
    ]
  },
  {
    "frequency": 3,
    "overriddenMethods": [
      "Ljava/util/AbstractCollection.isEmpty()Z",
      "Ljava/util/AbstractCollection.size()I",
      "Ljava/util/AbstractList.clear()V",
      "Ljava/util/AbstractList.get(I)Ljava/lang/Object;",
      "Ljava/util/AbstractList.iterator()Ljava/util/Iterator;",
      "Ljava/util/AbstractList.listIterator(I)Ljava/util/ListIterator;",
      "Ljava/util/AbstractList.remove(I)Ljava/lang/Object;"
    ]
  },
  {
    "frequency": 1,
    "overriddenMethods": [
      "Ljava/util/AbstractCollection.isEmpty()Z",
      "Ljava/util/AbstractCollection.size()I",
      "Ljava/util/AbstractList.get(I)Ljava/lang/Object;",
      "Ljava/util/AbstractList.iterator()Ljava/util/Iterator;"
    ]
  },
  {
    "frequency": 2,
    "overriddenMethods": [
      "Ljava/util/AbstractCollection.addAll(Ljava/util/Collection;)Z",
      "Ljava/util/AbstractCollection.contains(Ljava/lang/Object;)Z",
      "Ljava/util/AbstractCollection.containsAll(Ljava/util/Collection;)Z",
      "Ljava/util/AbstractCollection.isEmpty()Z",
      "Ljava/util/AbstractCollection.remove(Ljava/lang/Object;)Z",
      "Ljava/util/AbstractCollection.removeAll(Ljava/util/Collection;)Z",
      "Ljava/util/AbstractCollection.retainAll(Ljava/util/Collection;)Z",
      "Ljava/util/AbstractCollection.size()I",
      "Ljava/util/AbstractCollection.toArray()[Ljava/lang/Object;",
      "Ljava/util/AbstractCollection.toArray([Ljava/lang/Object;)[Ljava/lang/Object;",
      "Ljava/util/AbstractCollection.toString()Ljava/lang/String;",
      "Ljava/util/AbstractList.add(ILjava/lang/Object;)V",
      "Ljava/util/AbstractList.add(Ljava/lang/Object;)Z",
      "Ljava/util/AbstractList.addAll(ILjava/util/Collection;)Z",
      "Ljava/util/AbstractList.clear()V",
      "Ljava/util/AbstractList.equals(Ljava/lang/Object;)Z",
      "Ljava/util/AbstractList.get(I)Ljava/lang/Object;",
      "Ljava/util/AbstractList.hashCode()I",
      "Ljava/util/AbstractList.indexOf(Ljava/lang/Object;)I",
      "Ljava/util/AbstractList.iterator()Ljava/util/Iterator;",
      "Ljava/util/AbstractList.lastIndexOf(Ljava/lang/Object;)I",
      "Ljava/util/AbstractList.listIterator()Ljava/util/ListIterator;",
      "Ljava/util/AbstractList.listIterator(I)Ljava/util/ListIterator;",
      "Ljava/util/AbstractList.remove(I)Ljava/lang/Object;",
      "Ljava/util/AbstractList.removeRange(II)V",
      "Ljava/util/AbstractList.set(ILjava/lang/Object;)Ljava/lang/Object;",
      "Ljava/util/AbstractList.subList(II)Ljava/util/List;"
    ]
  },
  {
    "frequency": 4,
    "overriddenMethods": [
      "Ljava/util/AbstractCollection.contains(Ljava/lang/Object;)Z",
      "Ljava/util/AbstractCollection.size()I",
      "Ljava/util/AbstractList.get(I)Ljava/lang/Object;",
      "Ljava/util/AbstractList.set(ILjava/lang/Object;)Ljava/lang/Object;"
    ]
  },
  {
    "frequency": 1,
    "overriddenMethods": [
      "Ljava/util/AbstractCollection.addAll(Ljava/util/Collection;)Z",
      "Ljava/util/AbstractCollection.contains(Ljava/lang/Object;)Z",
      "Ljava/util/AbstractCollection.isEmpty()Z",
      "Ljava/util/AbstractCollection.remove(Ljava/lang/Object;)Z",
      "Ljava/util/AbstractCollection.size()I",
      "Ljava/util/AbstractCollection.toArray()[Ljava/lang/Object;",
      "Ljava/util/AbstractCollection.toArray([Ljava/lang/Object;)[Ljava/lang/Object;",
      "Ljava/util/AbstractCollection.toString()Ljava/lang/String;",
      "Ljava/util/AbstractList.add(ILjava/lang/Object;)V",
      "Ljava/util/AbstractList.add(Ljava/lang/Object;)Z",
      "Ljava/util/AbstractList.clear()V",
      "Ljava/util/AbstractList.equals(Ljava/lang/Object;)Z",
      "Ljava/util/AbstractList.get(I)Ljava/lang/Object;",
      "Ljava/util/AbstractList.hashCode()I",
      "Ljava/util/AbstractList.indexOf(Ljava/lang/Object;)I",
      "Ljava/util/AbstractList.lastIndexOf(Ljava/lang/Object;)I",
      "Ljava/util/AbstractList.remove(I)Ljava/lang/Object;",
      "Ljava/util/AbstractList.set(ILjava/lang/Object;)Ljava/lang/Object;"
    ]
  },
  {
    "frequency": 6,
    "overriddenMethods": [
      "Ljava/util/AbstractCollection.contains(Ljava/lang/Object;)Z",
      "Ljava/util/AbstractCollection.size()I",
      "Ljava/util/AbstractCollection.toString()Ljava/lang/String;",
      "Ljava/util/AbstractList.equals(Ljava/lang/Object;)Z",
      "Ljava/util/AbstractList.get(I)Ljava/lang/Object;",
      "Ljava/util/AbstractList.iterator()Ljava/util/Iterator;",
      "Ljava/util/AbstractList.subList(II)Ljava/util/List;"
    ]
  },
  {
    "frequency": 1,
    "overriddenMethods": [
      "Ljava/util/AbstractCollection.size()I",
      "Ljava/util/AbstractList.add(ILjava/lang/Object;)V",
      "Ljava/util/AbstractList.clear()V",
      "Ljava/util/AbstractList.get(I)Ljava/lang/Object;",
      "Ljava/util/AbstractList.remove(I)Ljava/lang/Object;",
      "Ljava/util/AbstractList.set(ILjava/lang/Object;)Ljava/lang/Object;"
    ]
  },
  {
    "frequency": 7,
    "overriddenMethods": [
      "Ljava/util/AbstractCollection.size()I",
      "Ljava/util/AbstractCollection.toString()Ljava/lang/String;",
      "Ljava/util/AbstractList.get(I)Ljava/lang/Object;"
    ]
  },
  {
    "frequency": 25,
    "overriddenMethods": [
      "Ljava/util/AbstractCollection.contains(Ljava/lang/Object;)Z",
      "Ljava/util/AbstractCollection.containsAll(Ljava/util/Collection;)Z",
      "Ljava/util/AbstractCollection.isEmpty()Z",
      "Ljava/util/AbstractCollection.size()I",
      "Ljava/util/AbstractList.add(ILjava/lang/Object;)V",
      "Ljava/util/AbstractList.clear()V",
      "Ljava/util/AbstractList.get(I)Ljava/lang/Object;",
      "Ljava/util/AbstractList.indexOf(Ljava/lang/Object;)I",
      "Ljava/util/AbstractList.iterator()Ljava/util/Iterator;",
      "Ljava/util/AbstractList.lastIndexOf(Ljava/lang/Object;)I",
      "Ljava/util/AbstractList.listIterator(I)Ljava/util/ListIterator;",
      "Ljava/util/AbstractList.remove(I)Ljava/lang/Object;",
      "Ljava/util/AbstractList.removeRange(II)V",
      "Ljava/util/AbstractList.set(ILjava/lang/Object;)Ljava/lang/Object;",
      "Ljava/util/AbstractList.subList(II)Ljava/util/List;"
    ]
  },
  {
    "frequency": 10,
    "overriddenMethods": [
      "Ljava/util/AbstractCollection.contains(Ljava/lang/Object;)Z",
      "Ljava/util/AbstractCollection.size()I",
      "Ljava/util/AbstractList.clear()V",
      "Ljava/util/AbstractList.get(I)Ljava/lang/Object;",
      "Ljava/util/AbstractList.iterator()Ljava/util/Iterator;",
      "Ljava/util/AbstractList.remove(I)Ljava/lang/Object;",
      "Ljava/util/AbstractList.set(ILjava/lang/Object;)Ljava/lang/Object;"
    ]
  },
  {
    "frequency": 306,
    "overriddenMethods": [
      "Ljava/util/AbstractCollection.size()I",
      "Ljava/util/AbstractList.get(I)Ljava/lang/Object;"
    ]
  },
  {
    "frequency": 1,
    "overriddenMethods": [
      "Ljava/util/AbstractCollection.isEmpty()Z",
      "Ljava/util/AbstractCollection.size()I",
      "Ljava/util/AbstractCollection.toArray()[Ljava/lang/Object;",
      "Ljava/util/AbstractList.equals(Ljava/lang/Object;)Z",
      "Ljava/util/AbstractList.get(I)Ljava/lang/Object;",
      "Ljava/util/AbstractList.hashCode()I",
      "Ljava/util/AbstractList.iterator()Ljava/util/Iterator;"
    ]
  },
  {
    "frequency": 36,
    "overriddenMethods": [
      "Ljava/util/AbstractCollection.isEmpty()Z",
      "Ljava/util/AbstractCollection.size()I",
      "Ljava/util/AbstractList.clear()V",
      "Ljava/util/AbstractList.get(I)Ljava/lang/Object;",
      "Ljava/util/AbstractList.remove(I)Ljava/lang/Object;"
    ]
  },
  {
    "frequency": 4,
    "overriddenMethods": [
      "Ljava/util/AbstractCollection.addAll(Ljava/util/Collection;)Z",
      "Ljava/util/AbstractCollection.contains(Ljava/lang/Object;)Z",
      "Ljava/util/AbstractCollection.containsAll(Ljava/util/Collection;)Z",
      "Ljava/util/AbstractCollection.isEmpty()Z",
      "Ljava/util/AbstractCollection.remove(Ljava/lang/Object;)Z",
      "Ljava/util/AbstractCollection.removeAll(Ljava/util/Collection;)Z",
      "Ljava/util/AbstractCollection.retainAll(Ljava/util/Collection;)Z",
      "Ljava/util/AbstractCollection.size()I",
      "Ljava/util/AbstractCollection.toArray()[Ljava/lang/Object;",
      "Ljava/util/AbstractCollection.toArray([Ljava/lang/Object;)[Ljava/lang/Object;",
      "Ljava/util/AbstractCollection.toString()Ljava/lang/String;",
      "Ljava/util/AbstractList.add(ILjava/lang/Object;)V",
      "Ljava/util/AbstractList.add(Ljava/lang/Object;)Z",
      "Ljava/util/AbstractList.addAll(ILjava/util/Collection;)Z",
      "Ljava/util/AbstractList.clear()V",
      "Ljava/util/AbstractList.get(I)Ljava/lang/Object;",
      "Ljava/util/AbstractList.indexOf(Ljava/lang/Object;)I",
      "Ljava/util/AbstractList.iterator()Ljava/util/Iterator;",
      "Ljava/util/AbstractList.lastIndexOf(Ljava/lang/Object;)I",
      "Ljava/util/AbstractList.listIterator()Ljava/util/ListIterator;",
      "Ljava/util/AbstractList.listIterator(I)Ljava/util/ListIterator;",
      "Ljava/util/AbstractList.remove(I)Ljava/lang/Object;",
      "Ljava/util/AbstractList.set(ILjava/lang/Object;)Ljava/lang/Object;"
    ]
  },
  {
    "frequency": 3,
    "overriddenMethods": [
      "Ljava/util/AbstractCollection.size()I",
      "Ljava/util/AbstractList.add(ILjava/lang/Object;)V",
      "Ljava/util/AbstractList.get(I)Ljava/lang/Object;",
      "Ljava/util/AbstractList.iterator()Ljava/util/Iterator;",
      "Ljava/util/AbstractList.listIterator(I)Ljava/util/ListIterator;",
      "Ljava/util/AbstractList.remove(I)Ljava/lang/Object;",
      "Ljava/util/AbstractList.set(ILjava/lang/Object;)Ljava/lang/Object;",
      "Ljava/util/AbstractList.subList(II)Ljava/util/List;"
    ]
  },
  {
    "frequency": 1,
    "overriddenMethods": [
      "Ljava/util/AbstractCollection.size()I",
      "Ljava/util/AbstractList.add(ILjava/lang/Object;)V",
      "Ljava/util/AbstractList.get(I)Ljava/lang/Object;",
      "Ljava/util/AbstractList.remove(I)Ljava/lang/Object;"
    ]
  },
  {
    "frequency": 3,
    "overriddenMethods": [
      "Ljava/util/AbstractCollection.size()I",
      "Ljava/util/AbstractCollection.toArray()[Ljava/lang/Object;",
      "Ljava/util/AbstractList.get(I)Ljava/lang/Object;",
      "Ljava/util/AbstractList.set(ILjava/lang/Object;)Ljava/lang/Object;"
    ]
  },
  {
    "frequency": 14,
    "overriddenMethods": [
      "Ljava/util/AbstractCollection.size()I",
      "Ljava/util/AbstractList.get(I)Ljava/lang/Object;",
      "Ljava/util/AbstractList.iterator()Ljava/util/Iterator;",
      "Ljava/util/AbstractList.listIterator(I)Ljava/util/ListIterator;"
    ]
  },
  {
    "frequency": 11,
    "overriddenMethods": [
      "Ljava/util/AbstractCollection.size()I",
      "Ljava/util/AbstractList.get(I)Ljava/lang/Object;",
      "Ljava/util/AbstractList.iterator()Ljava/util/Iterator;",
      "Ljava/util/AbstractList.listIterator()Ljava/util/ListIterator;",
      "Ljava/util/AbstractList.listIterator(I)Ljava/util/ListIterator;"
    ]
  },
  {
    "frequency": 6,
    "overriddenMethods": [
      "Ljava/util/AbstractCollection.size()I",
      "Ljava/util/AbstractList.equals(Ljava/lang/Object;)Z",
      "Ljava/util/AbstractList.get(I)Ljava/lang/Object;",
      "Ljava/util/AbstractList.hashCode()I",
      "Ljava/util/AbstractList.subList(II)Ljava/util/List;"
    ]
  },
  {
    "frequency": 3,
    "overriddenMethods": [
      "Ljava/util/AbstractCollection.size()I",
      "Ljava/util/AbstractCollection.toString()Ljava/lang/String;",
      "Ljava/util/AbstractList.equals(Ljava/lang/Object;)Z",
      "Ljava/util/AbstractList.get(I)Ljava/lang/Object;"
    ]
  },
  {
    "frequency": 8,
    "overriddenMethods": [
      "Ljava/util/AbstractCollection.contains(Ljava/lang/Object;)Z",
      "Ljava/util/AbstractCollection.size()I",
      "Ljava/util/AbstractList.get(I)Ljava/lang/Object;"
    ]
  },
  {
    "frequency": 21,
    "overriddenMethods": [
      "Ljava/util/AbstractCollection.size()I",
      "Ljava/util/AbstractList.get(I)Ljava/lang/Object;",
      "Ljava/util/AbstractList.set(ILjava/lang/Object;)Ljava/lang/Object;"
    ]
  },
  {
    "frequency": 1,
    "overriddenMethods": [
      "Ljava/util/AbstractCollection.size()I",
      "Ljava/util/AbstractCollection.toString()Ljava/lang/String;",
      "Ljava/util/AbstractList.get(I)Ljava/lang/Object;",
      "Ljava/util/AbstractList.set(ILjava/lang/Object;)Ljava/lang/Object;"
    ]
  },
  {
    "frequency": 1,
    "overriddenMethods": [
      "Ljava/util/AbstractCollection.size()I",
      "Ljava/util/AbstractList.add(ILjava/lang/Object;)V",
      "Ljava/util/AbstractList.add(Ljava/lang/Object;)Z",
      "Ljava/util/AbstractList.get(I)Ljava/lang/Object;",
      "Ljava/util/AbstractList.indexOf(Ljava/lang/Object;)I",
      "Ljava/util/AbstractList.iterator()Ljava/util/Iterator;",
      "Ljava/util/AbstractList.lastIndexOf(Ljava/lang/Object;)I",
      "Ljava/util/AbstractList.remove(I)Ljava/lang/Object;"
    ]
  },
  {
    "frequency": 7,
    "overriddenMethods": [
      "Ljava/lang/Object.clone()Ljava/lang/Object;",
      "Ljava/util/AbstractCollection.addAll(Ljava/util/Collection;)Z",
      "Ljava/util/AbstractCollection.contains(Ljava/lang/Object;)Z",
      "Ljava/util/AbstractCollection.containsAll(Ljava/util/Collection;)Z",
      "Ljava/util/AbstractCollection.isEmpty()Z",
      "Ljava/util/AbstractCollection.remove(Ljava/lang/Object;)Z",
      "Ljava/util/AbstractCollection.removeAll(Ljava/util/Collection;)Z",
      "Ljava/util/AbstractCollection.retainAll(Ljava/util/Collection;)Z",
      "Ljava/util/AbstractCollection.size()I",
      "Ljava/util/AbstractCollection.toArray()[Ljava/lang/Object;",
      "Ljava/util/AbstractCollection.toArray([Ljava/lang/Object;)[Ljava/lang/Object;",
      "Ljava/util/AbstractList.add(ILjava/lang/Object;)V",
      "Ljava/util/AbstractList.add(Ljava/lang/Object;)Z",
      "Ljava/util/AbstractList.addAll(ILjava/util/Collection;)Z",
      "Ljava/util/AbstractList.clear()V",
      "Ljava/util/AbstractList.equals(Ljava/lang/Object;)Z",
      "Ljava/util/AbstractList.get(I)Ljava/lang/Object;",
      "Ljava/util/AbstractList.hashCode()I",
      "Ljava/util/AbstractList.indexOf(Ljava/lang/Object;)I",
      "Ljava/util/AbstractList.iterator()Ljava/util/Iterator;",
      "Ljava/util/AbstractList.lastIndexOf(Ljava/lang/Object;)I",
      "Ljava/util/AbstractList.listIterator()Ljava/util/ListIterator;",
      "Ljava/util/AbstractList.listIterator(I)Ljava/util/ListIterator;",
      "Ljava/util/AbstractList.remove(I)Ljava/lang/Object;",
      "Ljava/util/AbstractList.set(ILjava/lang/Object;)Ljava/lang/Object;",
      "Ljava/util/AbstractList.subList(II)Ljava/util/List;"
    ]
  },
  {
    "frequency": 2,
    "overriddenMethods": [
      "Ljava/util/AbstractCollection.size()I",
      "Ljava/util/AbstractList.add(ILjava/lang/Object;)V",
      "Ljava/util/AbstractList.clear()V",
      "Ljava/util/AbstractList.get(I)Ljava/lang/Object;",
      "Ljava/util/AbstractList.set(ILjava/lang/Object;)Ljava/lang/Object;"
    ]
  },
  {
    "frequency": 24,
    "overriddenMethods": [
      "Ljava/util/AbstractCollection.size()I",
      "Ljava/util/AbstractList.add(Ljava/lang/Object;)Z",
      "Ljava/util/AbstractList.clear()V",
      "Ljava/util/AbstractList.get(I)Ljava/lang/Object;",
      "Ljava/util/AbstractList.remove(I)Ljava/lang/Object;",
      "Ljava/util/AbstractList.set(ILjava/lang/Object;)Ljava/lang/Object;"
    ]
  },
  {
    "frequency": 1,
    "overriddenMethods": [
      "Ljava/lang/Object.clone()Ljava/lang/Object;",
      "Ljava/util/AbstractCollection.size()I",
      "Ljava/util/AbstractCollection.toString()Ljava/lang/String;",
      "Ljava/util/AbstractList.get(I)Ljava/lang/Object;",
      "Ljava/util/AbstractList.remove(I)Ljava/lang/Object;"
    ]
  }
]