[
  {
    "frequency": 416,
    "overriddenMethods": []
  },
  {
    "frequency": 1,
    "overriddenMethods": [
      "Ljava/util/ArrayList.clear()V",
      "Ljava/util/ArrayList.get(I)Ljava/lang/Object;"
    ]
  },
  {
    "frequency": 1,
    "overriddenMethods": [
      "Ljava/util/ArrayList.add(Ljava/lang/Object;)Z",
      "Ljava/util/ArrayList.remove(I)Ljava/lang/Object;"
    ]
  },
  {
    "frequency": 2,
    "overriddenMethods": [
      "Ljava/util/ArrayList.add(ILjava/lang/Object;)V",
      "Ljava/util/ArrayList.add(Ljava/lang/Object;)Z",
      "Ljava/util/ArrayList.addAll(ILjava/util/Collection;)Z",
      "Ljava/util/ArrayList.addAll(Ljava/util/Collection;)Z",
      "Ljava/util/ArrayList.clear()V",
      "Ljava/util/ArrayList.contains(Ljava/lang/Object;)Z",
      "Ljava/util/ArrayList.ensureCapacity(I)V",
      "Ljava/util/ArrayList.remove(I)Ljava/lang/Object;",
      "Ljava/util/ArrayList.removeRange(II)V",
      "Ljava/util/ArrayList.set(ILjava/lang/Object;)Ljava/lang/Object;"
    ]
  },
  {
    "frequency": 1,
    "overriddenMethods": [
      "Ljava/util/ArrayList.contains(Ljava/lang/Object;)Z",
      "Ljava/util/ArrayList.indexOf(Ljava/lang/Object;)I"
    ]
  },
  {
    "frequency": 2,
    "overriddenMethods": [
      "Ljava/util/ArrayList.clone()Ljava/lang/Object;"
    ]
  },
  {
    "frequency": 8,
    "overriddenMethods": [
      "Ljava/util/ArrayList.add(ILjava/lang/Object;)V",
      "Ljava/util/ArrayList.add(Ljava/lang/Object;)Z",
      "Ljava/util/ArrayList.addAll(Ljava/util/Collection;)Z"
    ]
  },
  {
    "frequency": 1,
    "overriddenMethods": [
      "Ljava/util/ArrayList.add(Ljava/lang/Object;)Z",
      "Ljava/util/ArrayList.clear()V"
    ]
  },
  {
    "frequency": 2,
    "overriddenMethods": [
      "Ljava/util/ArrayList.add(ILjava/lang/Object;)V",
      "Ljava/util/ArrayList.add(Ljava/lang/Object;)Z",
      "Ljava/util/ArrayList.addAll(ILjava/util/Collection;)Z",
      "Ljava/util/ArrayList.addAll(Ljava/util/Collection;)Z",
      "Ljava/util/ArrayList.remove(I)Ljava/lang/Object;",
      "Ljava/util/ArrayList.remove(Ljava/lang/Object;)Z",
      "Ljava/util/ArrayList.removeAll(Ljava/util/Collection;)Z",
      "Ljava/util/ArrayList.retainAll(Ljava/util/Collection;)Z"
    ]
  },
  {
    "frequency": 7,
    "overriddenMethods": [
      "Ljava/util/ArrayList.add(ILjava/lang/Object;)V",
      "Ljava/util/ArrayList.add(Ljava/lang/Object;)Z",
      "Ljava/util/ArrayList.addAll(ILjava/util/Collection;)Z",
      "Ljava/util/ArrayList.addAll(Ljava/util/Collection;)Z",
      "Ljava/util/ArrayList.clear()V",
      "Ljava/util/ArrayList.remove(I)Ljava/lang/Object;",
      "Ljava/util/ArrayList.remove(Ljava/lang/Object;)Z",
      "Ljava/util/ArrayList.set(ILjava/lang/Object;)Ljava/lang/Object;"
    ]
  },
  {
    "frequency": 1,
    "overriddenMethods": [
      "Ljava/util/ArrayList.add(Ljava/lang/Object;)Z",
      "Ljava/util/ArrayList.contains(Ljava/lang/Object;)Z"
    ]
  },
  {
    "frequency": 1,
    "overriddenMethods": [
      "Ljava/util/ArrayList.add(Ljava/lang/Object;)Z",
      "Ljava/util/ArrayList.clear()V",
      "Ljava/util/ArrayList.contains(Ljava/lang/Object;)Z"
    ]
  },
  {
    "frequency": 2,
    "overriddenMethods": [
      "Ljava/util/ArrayList.add(Ljava/lang/Object;)Z",
      "Ljava/util/ArrayList.remove(Ljava/lang/Object;)Z"
    ]
  },
  {
    "frequency": 17,
    "overriddenMethods": [
      "Ljava/util/AbstractCollection.containsAll(Ljava/util/Collection;)Z",
      "Ljava/util/AbstractCollection.toString()Ljava/lang/String;",
      "Ljava/util/AbstractList.equals(Ljava/lang/Object;)Z",
      "Ljava/util/AbstractList.hashCode()I",
      "Ljava/util/ArrayList.add(ILjava/lang/Object;)V",
      "Ljava/util/ArrayList.add(Ljava/lang/Object;)Z",
      "Ljava/util/ArrayList.addAll(ILjava/util/Collection;)Z",
      "Ljava/util/ArrayList.addAll(Ljava/util/Collection;)Z",
      "Ljava/util/ArrayList.clear()V",
      "Ljava/util/ArrayList.clone()Ljava/lang/Object;",
      "Ljava/util/ArrayList.contains(Ljava/lang/Object;)Z",
      "Ljava/util/ArrayList.ensureCapacity(I)V",
      "Ljava/util/ArrayList.get(I)Ljava/lang/Object;",
      "Ljava/util/ArrayList.indexOf(Ljava/lang/Object;)I",
      "Ljava/util/ArrayList.isEmpty()Z",
      "Ljava/util/ArrayList.iterator()Ljava/util/Iterator;",
      "Ljava/util/ArrayList.lastIndexOf(Ljava/lang/Object;)I",
      "Ljava/util/ArrayList.listIterator()Ljava/util/ListIterator;",
      "Ljava/util/ArrayList.listIterator(I)Ljava/util/ListIterator;",
      "Ljava/util/ArrayList.remove(I)Ljava/lang/Object;",
      "Ljava/util/ArrayList.remove(Ljava/lang/Object;)Z",
      "Ljava/util/ArrayList.removeAll(Ljava/util/Collection;)Z",
      "Ljava/util/ArrayList.retainAll(Ljava/util/Collection;)Z",
      "Ljava/util/ArrayList.set(ILjava/lang/Object;)Ljava/lang/Object;",
      "Ljava/util/ArrayList.size()I",
      "Ljava/util/ArrayList.subList(II)Ljava/util/List;",
      "Ljava/util/ArrayList.toArray()[Ljava/lang/Object;",
      "Ljava/util/ArrayList.toArray([Ljava/lang/Object;)[Ljava/lang/Object;",
      "Ljava/util/ArrayList.trimToSize()V"
    ]
  },
  {
    "frequency": 7,
    "overriddenMethods": [
      "Ljava/util/AbstractCollection.containsAll(Ljava/util/Collection;)Z",
      "Ljava/util/AbstractList.equals(Ljava/lang/Object;)Z",
      "Ljava/util/ArrayList.add(ILjava/lang/Object;)V",
      "Ljava/util/ArrayList.add(Ljava/lang/Object;)Z",
      "Ljava/util/ArrayList.addAll(ILjava/util/Collection;)Z",
      "Ljava/util/ArrayList.addAll(Ljava/util/Collection;)Z",
      "Ljava/util/ArrayList.clear()V",
      "Ljava/util/ArrayList.clone()Ljava/lang/Object;",
      "Ljava/util/ArrayList.contains(Ljava/lang/Object;)Z",
      "Ljava/util/ArrayList.get(I)Ljava/lang/Object;",
      "Ljava/util/ArrayList.indexOf(Ljava/lang/Object;)I",
      "Ljava/util/ArrayList.isEmpty()Z",
      "Ljava/util/ArrayList.iterator()Ljava/util/Iterator;",
      "Ljava/util/ArrayList.lastIndexOf(Ljava/lang/Object;)I",
      "Ljava/util/ArrayList.listIterator()Ljava/util/ListIterator;",
      "Ljava/util/ArrayList.listIterator(I)Ljava/util/ListIterator;",
      "Ljava/util/ArrayList.remove(I)Ljava/lang/Object;",
      "Ljava/util/ArrayList.remove(Ljava/lang/Object;)Z",
      "Ljava/util/ArrayList.removeAll(Ljava/util/Collection;)Z",
      "Ljava/util/ArrayList.retainAll(Ljava/util/Collection;)Z",
      "Ljava/util/ArrayList.set(ILjava/lang/Object;)Ljava/lang/Object;",
      "Ljava/util/ArrayList.size()I",
      "Ljava/util/ArrayList.subList(II)Ljava/util/List;",
      "Ljava/util/ArrayList.toArray()[Ljava/lang/Object;",
      "Ljava/util/ArrayList.toArray([Ljava/lang/Object;)[Ljava/lang/Object;"
    ]
  },
  {
    "frequency": 1,
    "overriddenMethods": [
      "Ljava/util/ArrayList.add(ILjava/lang/Object;)V",
      "Ljava/util/ArrayList.add(Ljava/lang/Object;)Z",
      "Ljava/util/ArrayList.set(ILjava/lang/Object;)Ljava/lang/Object;"
    ]
  },
  {
    "frequency": 5,
    "overriddenMethods": [
      "Ljava/util/AbstractList.equals(Ljava/lang/Object;)Z",
      "Ljava/util/AbstractList.hashCode()I"
    ]
  },
  {
    "frequency": 3,
    "overriddenMethods": [
      "Ljava/util/ArrayList.add(ILjava/lang/Object;)V",
      "Ljava/util/ArrayList.add(Ljava/lang/Object;)Z"
    ]
  },
  {
    "frequency": 1,
    "overriddenMethods": [
      "Ljava/util/ArrayList.removeRange(II)V"
    ]
  },
  {
    "frequency": 37,
    "overriddenMethods": [
      "Ljava/util/AbstractCollection.toString()Ljava/lang/String;"
    ]
  },
  {
    "frequency": 6,
    "overriddenMethods": [
      "Ljava/util/AbstractList.equals(Ljava/lang/Object;)Z",
      "Ljava/util/AbstractList.hashCode()I",
      "Ljava/util/ArrayList.add(ILjava/lang/Object;)V",
      "Ljava/util/ArrayList.add(Ljava/lang/Object;)Z",
      "Ljava/util/ArrayList.addAll(ILjava/util/Collection;)Z",
      "Ljava/util/ArrayList.addAll(Ljava/util/Collection;)Z",
      "Ljava/util/ArrayList.clear()V",
      "Ljava/util/ArrayList.remove(I)Ljava/lang/Object;",
      "Ljava/util/ArrayList.removeRange(II)V",
      "Ljava/util/ArrayList.set(ILjava/lang/Object;)Ljava/lang/Object;"
    ]
  },
  {
    "frequency": 1,
    "overriddenMethods": [
      "Ljava/util/AbstractCollection.toString()Ljava/lang/String;",
      "Ljava/util/ArrayList.add(ILjava/lang/Object;)V",
      "Ljava/util/ArrayList.add(Ljava/lang/Object;)Z",
      "Ljava/util/ArrayList.addAll(ILjava/util/Collection;)Z",
      "Ljava/util/ArrayList.addAll(Ljava/util/Collection;)Z",
      "Ljava/util/ArrayList.clone()Ljava/lang/Object;",
      "Ljava/util/ArrayList.iterator()Ljava/util/Iterator;",
      "Ljava/util/ArrayList.set(ILjava/lang/Object;)Ljava/lang/Object;"
    ]
  },
  {
    "frequency": 7,
    "overriddenMethods": [
      "Ljava/util/ArrayList.add(ILjava/lang/Object;)V",
      "Ljava/util/ArrayList.add(Ljava/lang/Object;)Z",
      "Ljava/util/ArrayList.addAll(ILjava/util/Collection;)Z",
      "Ljava/util/ArrayList.addAll(Ljava/util/Collection;)Z",
      "Ljava/util/ArrayList.clear()V",
      "Ljava/util/ArrayList.iterator()Ljava/util/Iterator;",
      "Ljava/util/ArrayList.listIterator()Ljava/util/ListIterator;",
      "Ljava/util/ArrayList.listIterator(I)Ljava/util/ListIterator;",
      "Ljava/util/ArrayList.remove(I)Ljava/lang/Object;",
      "Ljava/util/ArrayList.remove(Ljava/lang/Object;)Z",
      "Ljava/util/ArrayList.removeAll(Ljava/util/Collection;)Z",
      "Ljava/util/ArrayList.retainAll(Ljava/util/Collection;)Z",
      "Ljava/util/ArrayList.set(ILjava/lang/Object;)Ljava/lang/Object;"
    ]
  },
  {
    "frequency": 1,
    "overriddenMethods": [
      "Ljava/util/ArrayList.removeAll(Ljava/util/Collection;)Z",
      "Ljava/util/ArrayList.retainAll(Ljava/util/Collection;)Z"
    ]
  },
  {
    "frequency": 1,
    "overriddenMethods": [
      "Ljava/util/AbstractList.equals(Ljava/lang/Object;)Z"
    ]
  },
  {
    "frequency": 8,
    "overriddenMethods": [
      "Ljava/util/ArrayList.add(ILjava/lang/Object;)V",
      "Ljava/util/ArrayList.add(Ljava/lang/Object;)Z",
      "Ljava/util/ArrayList.addAll(ILjava/util/Collection;)Z",
      "Ljava/util/ArrayList.addAll(Ljava/util/Collection;)Z",
      "Ljava/util/ArrayList.get(I)Ljava/lang/Object;",
      "Ljava/util/ArrayList.set(ILjava/lang/Object;)Ljava/lang/Object;",
      "Ljava/util/ArrayList.toArray()[Ljava/lang/Object;",
      "Ljava/util/ArrayList.toArray([Ljava/lang/Object;)[Ljava/lang/Object;"
    ]
  },
  {
    "frequency": 3,
    "overriddenMethods": [
      "Ljava/util/ArrayList.add(ILjava/lang/Object;)V",
      "Ljava/util/ArrayList.add(Ljava/lang/Object;)Z",
      "Ljava/util/ArrayList.addAll(ILjava/util/Collection;)Z",
      "Ljava/util/ArrayList.addAll(Ljava/util/Collection;)Z",
      "Ljava/util/ArrayList.clear()V",
      "Ljava/util/ArrayList.remove(I)Ljava/lang/Object;",
      "Ljava/util/ArrayList.remove(Ljava/lang/Object;)Z",
      "Ljava/util/ArrayList.removeAll(Ljava/util/Collection;)Z",
      "Ljava/util/ArrayList.retainAll(Ljava/util/Collection;)Z",
      "Ljava/util/ArrayList.set(ILjava/lang/Object;)Ljava/lang/Object;"
    ]
  },
  {
    "frequency": 6,
    "overriddenMethods": [
      "Ljava/util/ArrayList.get(I)Ljava/lang/Object;",
      "Ljava/util/ArrayList.isEmpty()Z",
      "Ljava/util/ArrayList.iterator()Ljava/util/Iterator;",
      "Ljava/util/ArrayList.size()I",
      "Ljava/util/ArrayList.toArray()[Ljava/lang/Object;"
    ]
  },
  {
    "frequency": 1,
    "overriddenMethods": [
      "Ljava/util/ArrayList.add(ILjava/lang/Object;)V",
      "Ljava/util/ArrayList.add(Ljava/lang/Object;)Z",
      "Ljava/util/ArrayList.addAll(ILjava/util/Collection;)Z",
      "Ljava/util/ArrayList.addAll(Ljava/util/Collection;)Z",
      "Ljava/util/ArrayList.contains(Ljava/lang/Object;)Z",
      "Ljava/util/ArrayList.get(I)Ljava/lang/Object;",
      "Ljava/util/ArrayList.set(ILjava/lang/Object;)Ljava/lang/Object;"
    ]
  },
  {
    "frequency": 5,
    "overriddenMethods": [
      "Ljava/util/AbstractCollection.containsAll(Ljava/util/Collection;)Z",
      "Ljava/util/AbstractCollection.toString()Ljava/lang/String;",
      "Ljava/util/AbstractList.equals(Ljava/lang/Object;)Z",
      "Ljava/util/AbstractList.hashCode()I",
      "Ljava/util/ArrayList.add(ILjava/lang/Object;)V",
      "Ljava/util/ArrayList.add(Ljava/lang/Object;)Z",
      "Ljava/util/ArrayList.addAll(ILjava/util/Collection;)Z",
      "Ljava/util/ArrayList.addAll(Ljava/util/Collection;)Z",
      "Ljava/util/ArrayList.clear()V",
      "Ljava/util/ArrayList.clone()Ljava/lang/Object;",
      "Ljava/util/ArrayList.contains(Ljava/lang/Object;)Z",
      "Ljava/util/ArrayList.ensureCapacity(I)V",
      "Ljava/util/ArrayList.get(I)Ljava/lang/Object;",
      "Ljava/util/ArrayList.indexOf(Ljava/lang/Object;)I",
      "Ljava/util/ArrayList.isEmpty()Z",
      "Ljava/util/ArrayList.iterator()Ljava/util/Iterator;",
      "Ljava/util/ArrayList.lastIndexOf(Ljava/lang/Object;)I",
      "Ljava/util/ArrayList.listIterator()Ljava/util/ListIterator;",
      "Ljava/util/ArrayList.listIterator(I)Ljava/util/ListIterator;",
      "Ljava/util/ArrayList.remove(I)Ljava/lang/Object;",
      "Ljava/util/ArrayList.remove(Ljava/lang/Object;)Z",
      "Ljava/util/ArrayList.removeAll(Ljava/util/Collection;)Z",
      "Ljava/util/ArrayList.removeRange(II)V",
      "Ljava/util/ArrayList.retainAll(Ljava/util/Collection;)Z",
      "Ljava/util/ArrayList.set(ILjava/lang/Object;)Ljava/lang/Object;",
      "Ljava/util/ArrayList.size()I",
      "Ljava/util/ArrayList.subList(II)Ljava/util/List;",
      "Ljava/util/ArrayList.toArray()[Ljava/lang/Object;",
      "Ljava/util/ArrayList.toArray([Ljava/lang/Object;)[Ljava/lang/Object;",
      "Ljava/util/ArrayList.trimToSize()V"
    ]
  },
  {
    "frequency": 2,
    "overriddenMethods": [
      "Ljava/util/ArrayList.set(ILjava/lang/Object;)Ljava/lang/Object;"
    ]
  },
  {
    "frequency": 8,
    "overriddenMethods": [
      "Ljava/util/ArrayList.add(ILjava/lang/Object;)V",
      "Ljava/util/ArrayList.add(Ljava/lang/Object;)Z",
      "Ljava/util/ArrayList.addAll(Ljava/util/Collection;)Z",
      "Ljava/util/ArrayList.isEmpty()Z"
    ]
  },
  {
    "frequency": 2,
    "overriddenMethods": [
      "Ljava/util/ArrayList.add(ILjava/lang/Object;)V",
      "Ljava/util/ArrayList.add(Ljava/lang/Object;)Z",
      "Ljava/util/ArrayList.addAll(ILjava/util/Collection;)Z",
      "Ljava/util/ArrayList.addAll(Ljava/util/Collection;)Z",
      "Ljava/util/ArrayList.set(ILjava/lang/Object;)Ljava/lang/Object;"
    ]
  },
  {
    "frequency": 1,
    "overriddenMethods": [
      "Ljava/util/ArrayList.toArray()[Ljava/lang/Object;"
    ]
  },
  {
    "frequency": 1,
    "overriddenMethods": [
      "Ljava/util/AbstractCollection.toString()Ljava/lang/String;",
      "Ljava/util/ArrayList.clone()Ljava/lang/Object;"
    ]
  },
  {
    "frequency": 48,
    "overriddenMethods": [
      "Ljava/util/ArrayList.add(Ljava/lang/Object;)Z"
    ]
  },
  {
    "frequency": 1,
    "overriddenMethods": [
      "Ljava/util/ArrayList.clear()V",
      "Ljava/util/ArrayList.iterator()Ljava/util/Iterator;",
      "Ljava/util/ArrayList.listIterator(I)Ljava/util/ListIterator;",
      "Ljava/util/ArrayList.remove(I)Ljava/lang/Object;",
      "Ljava/util/ArrayList.remove(Ljava/lang/Object;)Z",
      "Ljava/util/ArrayList.removeAll(Ljava/util/Collection;)Z",
      "Ljava/util/ArrayList.removeRange(II)V",
      "Ljava/util/ArrayList.retainAll(Ljava/util/Collection;)Z",
      "Ljava/util/ArrayList.set(ILjava/lang/Object;)Ljava/lang/Object;"
    ]
  },
  {
    "frequency": 2,
    "overriddenMethods": [
      "Ljava/util/ArrayList.addAll(Ljava/util/Collection;)Z"
    ]
  },
  {
    "frequency": 5,
    "overriddenMethods": [
      "Ljava/util/ArrayList.add(Ljava/lang/Object;)Z",
      "Ljava/util/ArrayList.addAll(Ljava/util/Collection;)Z"
    ]
  }
]