[
  {
    "frequency": 582,
    "overriddenMethods": []
  },
  {
    "frequency": 2,
    "overriddenMethods": [
      "Ljava/lang/Object.equals(Ljava/lang/Object;)Z",
      "Ljava/lang/Object.hashCode()I"
    ]
  },
  {
    "frequency": 52,
    "overriddenMethods": [
      "Ljava/util/EventObject.getSource()Ljava/lang/Object;"
    ]
  },
  {
    "frequency": 4,
    "overriddenMethods": [
      "Ljava/util/EventObject.getSource()Ljava/lang/Object;",
      "Ljava/util/EventObject.toString()Ljava/lang/String;"
    ]
  },
  {
    "frequency": 82,
    "overriddenMethods": [
      "Ljava/util/EventObject.toString()Ljava/lang/String;"
    ]
  },
  {
    "frequency": 8,
    "overriddenMethods": [
      "Ljava/lang/Object.equals(Ljava/lang/Object;)Z",
      "Ljava/lang/Object.hashCode()I",
      "Ljava/util/EventObject.toString()Ljava/lang/String;"
    ]
  }
]