[
  {
    "frequency": 146,
    "overriddenMethods": []
  },
  {
    "frequency": 2,
    "overriddenMethods": [
      "Ljava/util/HashSet.add(Ljava/lang/Object;)Z",
      "Ljava/util/HashSet.contains(Ljava/lang/Object;)Z"
    ]
  },
  {
    "frequency": 1,
    "overriddenMethods": [
      "Ljava/util/AbstractCollection.addAll(Ljava/util/Collection;)Z",
      "Ljava/util/AbstractCollection.containsAll(Ljava/util/Collection;)Z",
      "Ljava/util/AbstractCollection.retainAll(Ljava/util/Collection;)Z",
      "Ljava/util/AbstractCollection.toArray()[Ljava/lang/Object;",
      "Ljava/util/AbstractCollection.toArray([Ljava/lang/Object;)[Ljava/lang/Object;",
      "Ljava/util/AbstractSet.removeAll(Ljava/util/Collection;)Z",
      "Ljava/util/HashSet.add(Ljava/lang/Object;)Z",
      "Ljava/util/HashSet.clear()V",
      "Ljava/util/HashSet.contains(Ljava/lang/Object;)Z",
      "Ljava/util/HashSet.isEmpty()Z",
      "Ljava/util/HashSet.iterator()Ljava/util/Iterator;",
      "Ljava/util/HashSet.remove(Ljava/lang/Object;)Z",
      "Ljava/util/HashSet.size()I"
    ]
  },
  {
    "frequency": 5,
    "overriddenMethods": [
      "Ljava/util/HashSet.add(Ljava/lang/Object;)Z",
      "Ljava/util/HashSet.clear()V",
      "Ljava/util/HashSet.remove(Ljava/lang/Object;)Z"
    ]
  },
  {
    "frequency": 2,
    "overriddenMethods": [
      "Ljava/util/HashSet.clear()V",
      "Ljava/util/HashSet.remove(Ljava/lang/Object;)Z"
    ]
  },
  {
    "frequency": 1,
    "overriddenMethods": [
      "Ljava/util/AbstractCollection.toString()Ljava/lang/String;"
    ]
  },
  {
    "frequency": 2,
    "overriddenMethods": [
      "Ljava/util/HashSet.contains(Ljava/lang/Object;)Z"
    ]
  },
  {
    "frequency": 8,
    "overriddenMethods": [
      "Ljava/util/HashSet.add(Ljava/lang/Object;)Z"
    ]
  },
  {
    "frequency": 4,
    "overriddenMethods": [
      "Ljava/util/AbstractCollection.toString()Ljava/lang/String;",
      "Ljava/util/HashSet.add(Ljava/lang/Object;)Z",
      "Ljava/util/HashSet.clear()V",
      "Ljava/util/HashSet.remove(Ljava/lang/Object;)Z",
      "Ljava/util/HashSet.size()I"
    ]
  },
  {
    "frequency": 1,
    "overriddenMethods": [
      "Ljava/util/HashSet.iterator()Ljava/util/Iterator;"
    ]
  },
  {
    "frequency": 2,
    "overriddenMethods": [
      "Ljava/util/HashSet.add(Ljava/lang/Object;)Z",
      "Ljava/util/HashSet.isEmpty()Z",
      "Ljava/util/HashSet.remove(Ljava/lang/Object;)Z"
    ]
  },
  {
    "frequency": 4,
    "overriddenMethods": [
      "Ljava/util/AbstractCollection.addAll(Ljava/util/Collection;)Z",
      "Ljava/util/HashSet.add(Ljava/lang/Object;)Z"
    ]
  },
  {
    "frequency": 1,
    "overriddenMethods": [
      "Ljava/util/HashSet.add(Ljava/lang/Object;)Z",
      "Ljava/util/HashSet.clear()V"
    ]
  },
  {
    "frequency": 1,
    "overriddenMethods": [
      "Ljava/util/AbstractCollection.addAll(Ljava/util/Collection;)Z",
      "Ljava/util/AbstractCollection.containsAll(Ljava/util/Collection;)Z",
      "Ljava/util/AbstractCollection.retainAll(Ljava/util/Collection;)Z",
      "Ljava/util/AbstractSet.removeAll(Ljava/util/Collection;)Z",
      "Ljava/util/HashSet.add(Ljava/lang/Object;)Z",
      "Ljava/util/HashSet.contains(Ljava/lang/Object;)Z",
      "Ljava/util/HashSet.remove(Ljava/lang/Object;)Z"
    ]
  },
  {
    "frequency": 1,
    "overriddenMethods": [
      "Ljava/util/HashSet.add(Ljava/lang/Object;)Z",
      "Ljava/util/HashSet.clone()Ljava/lang/Object;",
      "Ljava/util/HashSet.iterator()Ljava/util/Iterator;"
    ]
  },
  {
    "frequency": 7,
    "overriddenMethods": [
      "Ljava/util/AbstractCollection.addAll(Ljava/util/Collection;)Z",
      "Ljava/util/AbstractCollection.containsAll(Ljava/util/Collection;)Z",
      "Ljava/util/AbstractCollection.retainAll(Ljava/util/Collection;)Z",
      "Ljava/util/AbstractCollection.toArray()[Ljava/lang/Object;",
      "Ljava/util/AbstractCollection.toArray([Ljava/lang/Object;)[Ljava/lang/Object;",
      "Ljava/util/AbstractSet.equals(Ljava/lang/Object;)Z",
      "Ljava/util/AbstractSet.hashCode()I",
      "Ljava/util/AbstractSet.removeAll(Ljava/util/Collection;)Z",
      "Ljava/util/HashSet.add(Ljava/lang/Object;)Z",
      "Ljava/util/HashSet.clear()V",
      "Ljava/util/HashSet.clone()Ljava/lang/Object;",
      "Ljava/util/HashSet.contains(Ljava/lang/Object;)Z",
      "Ljava/util/HashSet.isEmpty()Z",
      "Ljava/util/HashSet.iterator()Ljava/util/Iterator;",
      "Ljava/util/HashSet.remove(Ljava/lang/Object;)Z",
      "Ljava/util/HashSet.size()I"
    ]
  }
]