[
  {
    "frequency": 75,
    "overriddenMethods": []
  },
  {
    "frequency": 1,
    "overriddenMethods": [
      "Ljava/util/LinkedHashMap.clear()V",
      "Ljava/util/LinkedHashMap.removeEldestEntry(Ljava/util/Map$Entry;)Z"
    ]
  },
  {
    "frequency": 1,
    "overriddenMethods": [
      "Ljava/util/LinkedHashMap.clear()V"
    ]
  },
  {
    "frequency": 1,
    "overriddenMethods": [
      "Ljava/util/HashMap.put(Ljava/lang/Object;Ljava/lang/Object;)Ljava/lang/Object;",
      "Ljava/util/HashMap.putAll(Ljava/util/Map;)V",
      "Ljava/util/HashMap.remove(Ljava/lang/Object;)Ljava/lang/Object;",
      "Ljava/util/LinkedHashMap.clear()V"
    ]
  },
  {
    "frequency": 2,
    "overriddenMethods": [
      "Ljava/util/HashMap.size()I",
      "Ljava/util/LinkedHashMap.clear()V",
      "Ljava/util/LinkedHashMap.removeEldestEntry(Ljava/util/Map$Entry;)Z"
    ]
  },
  {
    "frequency": 4,
    "overriddenMethods": [
      "Ljava/util/HashMap.put(Ljava/lang/Object;Ljava/lang/Object;)Ljava/lang/Object;"
    ]
  },
  {
    "frequency": 1,
    "overriddenMethods": [
      "Ljava/util/AbstractMap.equals(Ljava/lang/Object;)Z",
      "Ljava/util/AbstractMap.toString()Ljava/lang/String;",
      "Ljava/util/HashMap.put(Ljava/lang/Object;Ljava/lang/Object;)Ljava/lang/Object;",
      "Ljava/util/HashMap.putAll(Ljava/util/Map;)V"
    ]
  },
  {
    "frequency": 3,
    "overriddenMethods": [
      "Ljava/util/HashMap.clone()Ljava/lang/Object;",
      "Ljava/util/LinkedHashMap.get(Ljava/lang/Object;)Ljava/lang/Object;",
      "Ljava/util/LinkedHashMap.removeEldestEntry(Ljava/util/Map$Entry;)Z"
    ]
  },
  {
    "frequency": 6,
    "overriddenMethods": [
      "Ljava/util/HashMap.put(Ljava/lang/Object;Ljava/lang/Object;)Ljava/lang/Object;",
      "Ljava/util/LinkedHashMap.removeEldestEntry(Ljava/util/Map$Entry;)Z"
    ]
  },
  {
    "frequency": 3,
    "overriddenMethods": [
      "Ljava/util/HashMap.containsKey(Ljava/lang/Object;)Z",
      "Ljava/util/HashMap.put(Ljava/lang/Object;Ljava/lang/Object;)Ljava/lang/Object;",
      "Ljava/util/HashMap.remove(Ljava/lang/Object;)Ljava/lang/Object;",
      "Ljava/util/LinkedHashMap.clear()V",
      "Ljava/util/LinkedHashMap.get(Ljava/lang/Object;)Ljava/lang/Object;"
    ]
  },
  {
    "frequency": 2,
    "overriddenMethods": [
      "Ljava/util/HashMap.containsKey(Ljava/lang/Object;)Z",
      "Ljava/util/HashMap.put(Ljava/lang/Object;Ljava/lang/Object;)Ljava/lang/Object;",
      "Ljava/util/HashMap.putAll(Ljava/util/Map;)V",
      "Ljava/util/HashMap.remove(Ljava/lang/Object;)Ljava/lang/Object;",
      "Ljava/util/LinkedHashMap.clear()V",
      "Ljava/util/LinkedHashMap.get(Ljava/lang/Object;)Ljava/lang/Object;"
    ]
  },
  {
    "frequency": 1,
    "overriddenMethods": [
      "Ljava/util/HashMap.put(Ljava/lang/Object;Ljava/lang/Object;)Ljava/lang/Object;",
      "Ljava/util/HashMap.putAll(Ljava/util/Map;)V"
    ]
  },
  {
    "frequency": 7,
    "overriddenMethods": [
      "Ljava/util/AbstractMap.equals(Ljava/lang/Object;)Z",
      "Ljava/util/AbstractMap.hashCode()I",
      "Ljava/util/HashMap.clone()Ljava/lang/Object;",
      "Ljava/util/HashMap.containsKey(Ljava/lang/Object;)Z",
      "Ljava/util/HashMap.isEmpty()Z",
      "Ljava/util/HashMap.put(Ljava/lang/Object;Ljava/lang/Object;)Ljava/lang/Object;",
      "Ljava/util/HashMap.putAll(Ljava/util/Map;)V",
      "Ljava/util/HashMap.remove(Ljava/lang/Object;)Ljava/lang/Object;",
      "Ljava/util/HashMap.size()I",
      "Ljava/util/LinkedHashMap.clear()V",
      "Ljava/util/LinkedHashMap.containsValue(Ljava/lang/Object;)Z",
      "Ljava/util/LinkedHashMap.entrySet()Ljava/util/Set;",
      "Ljava/util/LinkedHashMap.get(Ljava/lang/Object;)Ljava/lang/Object;",
      "Ljava/util/LinkedHashMap.keySet()Ljava/util/Set;",
      "Ljava/util/LinkedHashMap.values()Ljava/util/Collection;"
    ]
  },
  {
    "frequency": 3,
    "overriddenMethods": [
      "Ljava/util/LinkedHashMap.get(Ljava/lang/Object;)Ljava/lang/Object;"
    ]
  },
  {
    "frequency": 2,
    "overriddenMethods": [
      "Ljava/util/HashMap.put(Ljava/lang/Object;Ljava/lang/Object;)Ljava/lang/Object;",
      "Ljava/util/HashMap.remove(Ljava/lang/Object;)Ljava/lang/Object;",
      "Ljava/util/LinkedHashMap.entrySet()Ljava/util/Set;",
      "Ljava/util/LinkedHashMap.keySet()Ljava/util/Set;",
      "Ljava/util/LinkedHashMap.removeEldestEntry(Ljava/util/Map$Entry;)Z",
      "Ljava/util/LinkedHashMap.values()Ljava/util/Collection;"
    ]
  },
  {
    "frequency": 2,
    "overriddenMethods": [
      "Ljava/util/HashMap.remove(Ljava/lang/Object;)Ljava/lang/Object;",
      "Ljava/util/LinkedHashMap.removeEldestEntry(Ljava/util/Map$Entry;)Z"
    ]
  },
  {
    "frequency": 1,
    "overriddenMethods": [
      "Ljava/util/HashMap.put(Ljava/lang/Object;Ljava/lang/Object;)Ljava/lang/Object;",
      "Ljava/util/HashMap.remove(Ljava/lang/Object;)Ljava/lang/Object;",
      "Ljava/util/LinkedHashMap.get(Ljava/lang/Object;)Ljava/lang/Object;",
      "Ljava/util/LinkedHashMap.removeEldestEntry(Ljava/util/Map$Entry;)Z"
    ]
  },
  {
    "frequency": 2,
    "overriddenMethods": [
      "Ljava/util/AbstractMap.toString()Ljava/lang/String;",
      "Ljava/util/HashMap.put(Ljava/lang/Object;Ljava/lang/Object;)Ljava/lang/Object;",
      "Ljava/util/HashMap.putAll(Ljava/util/Map;)V",
      "Ljava/util/LinkedHashMap.get(Ljava/lang/Object;)Ljava/lang/Object;",
      "Ljava/util/LinkedHashMap.removeEldestEntry(Ljava/util/Map$Entry;)Z"
    ]
  },
  {
    "frequency": 1,
    "overriddenMethods": [
      "Ljava/util/HashMap.put(Ljava/lang/Object;Ljava/lang/Object;)Ljava/lang/Object;",
      "Ljava/util/LinkedHashMap.clear()V"
    ]
  },
  {
    "frequency": 2,
    "overriddenMethods": [
      "Ljava/util/AbstractMap.toString()Ljava/lang/String;"
    ]
  },
  {
    "frequency": 225,
    "overriddenMethods": [
      "Ljava/util/LinkedHashMap.removeEldestEntry(Ljava/util/Map$Entry;)Z"
    ]
  }
]