[
  {
    "frequency": 24,
    "overriddenMethods": []
  },
  {
    "frequency": 2,
    "overriddenMethods": [
      "Ljava/util/Stack.search(Ljava/lang/Object;)I",
      "Ljava/util/Vector.contains(Ljava/lang/Object;)Z"
    ]
  },
  {
    "frequency": 4,
    "overriddenMethods": [
      "Ljava/util/Vector.contains(Ljava/lang/Object;)Z",
      "Ljava/util/Vector.indexOf(Ljava/lang/Object;I)I",
      "Ljava/util/Vector.lastIndexOf(Ljava/lang/Object;I)I"
    ]
  },
  {
    "frequency": 6,
    "overriddenMethods": [
      "Ljava/util/Stack.pop()Ljava/lang/Object;",
      "Ljava/util/Stack.push(Ljava/lang/Object;)Ljava/lang/Object;"
    ]
  },
  {
    "frequency": 2,
    "overriddenMethods": [
      "Ljava/util/Stack.search(Ljava/lang/Object;)I"
    ]
  },
  {
    "frequency": 1,
    "overriddenMethods": [
      "Ljava/util/Vector.toString()Ljava/lang/String;"
    ]
  },
  {
    "frequency": 2,
    "overriddenMethods": [
      "Ljava/util/Stack.empty()Z",
      "Ljava/util/Stack.peek()Ljava/lang/Object;",
      "Ljava/util/Stack.pop()Ljava/lang/Object;",
      "Ljava/util/Stack.push(Ljava/lang/Object;)Ljava/lang/Object;",
      "Ljava/util/Vector.add(ILjava/lang/Object;)V",
      "Ljava/util/Vector.add(Ljava/lang/Object;)Z",
      "Ljava/util/Vector.addAll(ILjava/util/Collection;)Z",
      "Ljava/util/Vector.addAll(Ljava/util/Collection;)Z",
      "Ljava/util/Vector.addElement(Ljava/lang/Object;)V",
      "Ljava/util/Vector.clear()V",
      "Ljava/util/Vector.clone()Ljava/lang/Object;",
      "Ljava/util/Vector.contains(Ljava/lang/Object;)Z",
      "Ljava/util/Vector.equals(Ljava/lang/Object;)Z",
      "Ljava/util/Vector.get(I)Ljava/lang/Object;",
      "Ljava/util/Vector.hashCode()I",
      "Ljava/util/Vector.indexOf(Ljava/lang/Object;)I",
      "Ljava/util/Vector.isEmpty()Z",
      "Ljava/util/Vector.iterator()Ljava/util/Iterator;",
      "Ljava/util/Vector.lastIndexOf(Ljava/lang/Object;)I",
      "Ljava/util/Vector.listIterator()Ljava/util/ListIterator;",
      "Ljava/util/Vector.listIterator(I)Ljava/util/ListIterator;",
      "Ljava/util/Vector.remove(I)Ljava/lang/Object;",
      "Ljava/util/Vector.remove(Ljava/lang/Object;)Z",
      "Ljava/util/Vector.removeAll(Ljava/util/Collection;)Z",
      "Ljava/util/Vector.removeAllElements()V",
      "Ljava/util/Vector.removeElement(Ljava/lang/Object;)Z",
      "Ljava/util/Vector.removeElementAt(I)V",
      "Ljava/util/Vector.retainAll(Ljava/util/Collection;)Z",
      "Ljava/util/Vector.set(ILjava/lang/Object;)Ljava/lang/Object;",
      "Ljava/util/Vector.setElementAt(Ljava/lang/Object;I)V",
      "Ljava/util/Vector.size()I",
      "Ljava/util/Vector.subList(II)Ljava/util/List;",
      "Ljava/util/Vector.toArray()[Ljava/lang/Object;",
      "Ljava/util/Vector.toArray([Ljava/lang/Object;)[Ljava/lang/Object;"
    ]
  },
  {
    "frequency": 1,
    "overriddenMethods": [
      "Ljava/util/Vector.contains(Ljava/lang/Object;)Z",
      "Ljava/util/Vector.containsAll(Ljava/util/Collection;)Z",
      "Ljava/util/Vector.indexOf(Ljava/lang/Object;I)I",
      "Ljava/util/Vector.lastIndexOf(Ljava/lang/Object;I)I",
      "Ljava/util/Vector.removeAll(Ljava/util/Collection;)Z",
      "Ljava/util/Vector.retainAll(Ljava/util/Collection;)Z"
    ]
  },
  {
    "frequency": 5,
    "overriddenMethods": [
      "Ljava/util/Stack.empty()Z",
      "Ljava/util/Stack.peek()Ljava/lang/Object;",
      "Ljava/util/Stack.pop()Ljava/lang/Object;",
      "Ljava/util/Stack.push(Ljava/lang/Object;)Ljava/lang/Object;",
      "Ljava/util/Vector.add(ILjava/lang/Object;)V",
      "Ljava/util/Vector.add(Ljava/lang/Object;)Z",
      "Ljava/util/Vector.addAll(ILjava/util/Collection;)Z",
      "Ljava/util/Vector.addAll(Ljava/util/Collection;)Z",
      "Ljava/util/Vector.addElement(Ljava/lang/Object;)V",
      "Ljava/util/Vector.clear()V",
      "Ljava/util/Vector.clone()Ljava/lang/Object;",
      "Ljava/util/Vector.contains(Ljava/lang/Object;)Z",
      "Ljava/util/Vector.equals(Ljava/lang/Object;)Z",
      "Ljava/util/Vector.get(I)Ljava/lang/Object;",
      "Ljava/util/Vector.indexOf(Ljava/lang/Object;)I",
      "Ljava/util/Vector.isEmpty()Z",
      "Ljava/util/Vector.iterator()Ljava/util/Iterator;",
      "Ljava/util/Vector.lastIndexOf(Ljava/lang/Object;)I",
      "Ljava/util/Vector.listIterator()Ljava/util/ListIterator;",
      "Ljava/util/Vector.listIterator(I)Ljava/util/ListIterator;",
      "Ljava/util/Vector.remove(I)Ljava/lang/Object;",
      "Ljava/util/Vector.remove(Ljava/lang/Object;)Z",
      "Ljava/util/Vector.removeAll(Ljava/util/Collection;)Z",
      "Ljava/util/Vector.removeAllElements()V",
      "Ljava/util/Vector.removeElement(Ljava/lang/Object;)Z",
      "Ljava/util/Vector.removeElementAt(I)V",
      "Ljava/util/Vector.retainAll(Ljava/util/Collection;)Z",
      "Ljava/util/Vector.set(ILjava/lang/Object;)Ljava/lang/Object;",
      "Ljava/util/Vector.setElementAt(Ljava/lang/Object;I)V",
      "Ljava/util/Vector.size()I",
      "Ljava/util/Vector.subList(II)Ljava/util/List;",
      "Ljava/util/Vector.toArray()[Ljava/lang/Object;",
      "Ljava/util/Vector.toArray([Ljava/lang/Object;)[Ljava/lang/Object;"
    ]
  },
  {
    "frequency": 5,
    "overriddenMethods": [
      "Ljava/util/Vector.contains(Ljava/lang/Object;)Z",
      "Ljava/util/Vector.toString()Ljava/lang/String;"
    ]
  },
  {
    "frequency": 2,
    "overriddenMethods": [
      "Ljava/util/Stack.push(Ljava/lang/Object;)Ljava/lang/Object;"
    ]
  }
]