[
  {
    "frequency": 1,
    "overriddenMethods": [
      "Ljava/util/WeakHashMap.clear()V",
      "Ljava/util/WeakHashMap.put(Ljava/lang/Object;Ljava/lang/Object;)Ljava/lang/Object;"
    ]
  },
  {
    "frequency": 4,
    "overriddenMethods": []
  },
  {
    "frequency": 4,
    "overriddenMethods": [
      "Ljava/util/WeakHashMap.keySet()Ljava/util/Set;"
    ]
  },
  {
    "frequency": 1,
    "overriddenMethods": [
      "Ljava/util/WeakHashMap.put(Ljava/lang/Object;Ljava/lang/Object;)Ljava/lang/Object;"
    ]
  }
]