[
  {
    "frequency": 1,
    "overriddenMethods": []
  },
  {
    "frequency": 6,
    "overriddenMethods": [
      "Ljava/lang/Throwable.getMessage()Ljava/lang/String;",
      "Ljava/lang/Throwable.toString()Ljava/lang/String;",
      "Ljava/sql/SQLException.getSQLState()Ljava/lang/String;"
    ]
  },
  {
    "frequency": 2,
    "overriddenMethods": [
      "Ljava/lang/Throwable.toString()Ljava/lang/String;"
    ]
  },
  {
    "frequency": 1,
    "overriddenMethods": [
      "Ljava/lang/Throwable.getMessage()Ljava/lang/String;",
      "Ljava/sql/SQLException.getErrorCode()I",
      "Ljava/sql/SQLException.getSQLState()Ljava/lang/String;"
    ]
  }
]