[
  {
    "frequency": 4,
    "overriddenMethods": []
  },
  {
    "frequency": 1,
    "overriddenMethods": [
      "Ljava/applet/Applet.destroy()V",
      "Ljava/applet/Applet.init()V",
      "Ljava/applet/Applet.start()V",
      "Ljava/awt/Container.paint(Ljava/awt/Graphics;)V"
    ]
  },
  {
    "frequency": 2,
    "overriddenMethods": [
      "Ljava/applet/Applet.start()V"
    ]
  },
  {
    "frequency": 17,
    "overriddenMethods": [
      "Ljava/applet/Applet.destroy()V",
      "Ljava/applet/Applet.getAppletInfo()Ljava/lang/String;",
      "Ljava/applet/Applet.getParameterInfo()[[Ljava/lang/String;",
      "Ljava/applet/Applet.init()V",
      "Ljava/applet/Applet.start()V",
      "Ljava/applet/Applet.stop()V",
      "Ljava/awt/Container.paint(Ljava/awt/Graphics;)V"
    ]
  },
  {
    "frequency": 1,
    "overriddenMethods": [
      "Ljava/applet/Applet.getDocumentBase()Ljava/net/URL;"
    ]
  },
  {
    "frequency": 1,
    "overriddenMethods": [
      "Ljava/applet/Applet.getAppletInfo()Ljava/lang/String;",
      "Ljava/applet/Applet.init()V"
    ]
  },
  {
    "frequency": 1,
    "overriddenMethods": [
      "Ljava/applet/Applet.getAppletInfo()Ljava/lang/String;",
      "Ljava/applet/Applet.init()V",
      "Ljava/applet/Applet.start()V",
      "Ljava/applet/Applet.stop()V"
    ]
  },
  {
    "frequency": 1,
    "overriddenMethods": [
      "Ljava/applet/Applet.destroy()V",
      "Ljava/applet/Applet.init()V",
      "Ljava/applet/Applet.start()V",
      "Ljava/applet/Applet.stop()V",
      "Ljava/awt/Component.isDoubleBuffered()Z",
      "Ljava/awt/Container.paint(Ljava/awt/Graphics;)V",
      "Ljava/awt/Container.update(Ljava/awt/Graphics;)V"
    ]
  },
  {
    "frequency": 1,
    "overriddenMethods": [
      "Ljava/applet/Applet.destroy()V",
      "Ljava/applet/Applet.init()V",
      "Ljava/awt/Component.repaint()V"
    ]
  },
  {
    "frequency": 2,
    "overriddenMethods": [
      "Ljava/applet/Applet.init()V",
      "Ljava/awt/Container.getInsets()Ljava/awt/Insets;",
      "Ljava/awt/Container.paint(Ljava/awt/Graphics;)V"
    ]
  },
  {
    "frequency": 1,
    "overriddenMethods": [
      "Ljava/applet/Applet.destroy()V",
      "Ljava/applet/Applet.getImage(Ljava/net/URL;)Ljava/awt/Image;",
      "Ljava/applet/Applet.init()V",
      "Ljava/applet/Applet.start()V",
      "Ljava/applet/Applet.stop()V",
      "Ljava/awt/Component.imageUpdate(Ljava/awt/Image;IIIII)Z",
      "Ljava/awt/Container.paint(Ljava/awt/Graphics;)V"
    ]
  },
  {
    "frequency": 32,
    "overriddenMethods": [
      "Ljava/applet/Applet.init()V"
    ]
  },
  {
    "frequency": 1,
    "overriddenMethods": [
      "Ljava/applet/Applet.init()V",
      "Ljava/awt/Component.handleEvent(Ljava/awt/Event;)Z"
    ]
  },
  {
    "frequency": 3,
    "overriddenMethods": [
      "Ljava/applet/Applet.destroy()V",
      "Ljava/applet/Applet.init()V",
      "Ljava/applet/Applet.start()V",
      "Ljava/applet/Applet.stop()V"
    ]
  }
]