[
  {
    "frequency": 1,
    "overriddenMethods": [
      "Ljava/awt/Component.removePropertyChangeListener(Ljava/beans/PropertyChangeListener;)V",
      "Ljava/awt/Component.setBounds(IIII)V",
      "Ljava/awt/Container.addPropertyChangeListener(Ljava/beans/PropertyChangeListener;)V",
      "Ljava/awt/Container.getMinimumSize()Ljava/awt/Dimension;"
    ]
  },
  {
    "frequency": 1,
    "overriddenMethods": [
      "Ljava/awt/Component.addMouseListener(Ljava/awt/event/MouseListener;)V",
      "Ljava/awt/Component.addMouseMotionListener(Ljava/awt/event/MouseMotionListener;)V",
      "Ljava/awt/Component.contains(II)Z",
      "Ljava/awt/Component.getMouseListeners()[Ljava/awt/event/MouseListener;",
      "Ljava/awt/Component.getMouseMotionListeners()[Ljava/awt/event/MouseMotionListener;",
      "Ljava/awt/Component.removeMouseListener(Ljava/awt/event/MouseListener;)V",
      "Ljava/awt/Component.removeMouseMotionListener(Ljava/awt/event/MouseMotionListener;)V",
      "Ljava/awt/Component.setBackground(Ljava/awt/Color;)V",
      "Ljava/awt/Component.setForeground(Ljava/awt/Color;)V",
      "Ljava/awt/Component.setMaximumSize(Ljava/awt/Dimension;)V",
      "Ljava/awt/Component.setMinimumSize(Ljava/awt/Dimension;)V",
      "Ljava/awt/Component.setPreferredSize(Ljava/awt/Dimension;)V",
      "Ljava/awt/Component.toString()Ljava/lang/String;",
      "Ljava/awt/Container.addNotify()V",
      "Ljava/awt/Container.getMaximumSize()Ljava/awt/Dimension;",
      "Ljava/awt/Container.getMinimumSize()Ljava/awt/Dimension;",
      "Ljava/awt/Container.getPreferredSize()Ljava/awt/Dimension;",
      "Ljava/awt/Container.paint(Ljava/awt/Graphics;)V"
    ]
  },
  {
    "frequency": 1,
    "overriddenMethods": [
      "Ljava/awt/Component.toString()Ljava/lang/String;",
      "Ljava/awt/Container.addNotify()V",
      "Ljava/awt/Container.doLayout()V",
      "Ljava/awt/Container.getPreferredSize()Ljava/awt/Dimension;",
      "Ljava/awt/Container.paint(Ljava/awt/Graphics;)V",
      "Ljava/awt/Container.removeNotify()V"
    ]
  }
]