[
  {
    "frequency": 2,
    "overriddenMethods": []
  },
  {
    "frequency": 1,
    "overriddenMethods": [
      "Ljava/awt/Canvas.addNotify()V",
      "Ljava/awt/Canvas.paint(Ljava/awt/Graphics;)V",
      "Ljava/awt/Canvas.update(Ljava/awt/Graphics;)V",
      "Ljava/awt/Component.setBounds(IIII)V",
      "Ljava/awt/Component.setFont(Ljava/awt/Font;)V",
      "Ljava/awt/Component.setSize(II)V"
    ]
  },
  {
    "frequency": 1,
    "overriddenMethods": [
      "Ljava/awt/Canvas.addNotify()V",
      "Ljava/awt/Canvas.paint(Ljava/awt/Graphics;)V",
      "Ljava/awt/Canvas.update(Ljava/awt/Graphics;)V",
      "Ljava/awt/Component.removeNotify()V"
    ]
  },
  {
    "frequency": 11,
    "overriddenMethods": [
      "Ljava/awt/Canvas.paint(Ljava/awt/Graphics;)V"
    ]
  },
  {
    "frequency": 1,
    "overriddenMethods": [
      "Ljava/awt/Component.removeNotify()V"
    ]
  },
  {
    "frequency": 1,
    "overriddenMethods": [
      "Ljava/awt/Canvas.paint(Ljava/awt/Graphics;)V",
      "Ljava/awt/Canvas.update(Ljava/awt/Graphics;)V",
      "Ljava/awt/Component.getPreferredSize()Ljava/awt/Dimension;"
    ]
  },
  {
    "frequency": 1,
    "overriddenMethods": [
      "Ljava/awt/Canvas.addNotify()V",
      "Ljava/awt/Canvas.update(Ljava/awt/Graphics;)V",
      "Ljava/awt/Component.removeNotify()V",
      "Ljava/awt/Component.setBounds(IIII)V",
      "Ljava/awt/Component.setLocation(II)V",
      "Ljava/awt/Component.setLocation(Ljava/awt/Point;)V",
      "Ljava/awt/Component.setSize(II)V",
      "Ljava/awt/Component.setSize(Ljava/awt/Dimension;)V"
    ]
  },
  {
    "frequency": 1,
    "overriddenMethods": [
      "Ljava/awt/Canvas.paint(Ljava/awt/Graphics;)V",
      "Ljava/awt/Component.getPreferredSize()Ljava/awt/Dimension;"
    ]
  },
  {
    "frequency": 7,
    "overriddenMethods": [
      "Ljava/awt/Canvas.paint(Ljava/awt/Graphics;)V",
      "Ljava/awt/Component.setBounds(IIII)V"
    ]
  },
  {
    "frequency": 1,
    "overriddenMethods": [
      "Ljava/awt/Canvas.paint(Ljava/awt/Graphics;)V",
      "Ljava/awt/Component.getMaximumSize()Ljava/awt/Dimension;",
      "Ljava/awt/Component.getMinimumSize()Ljava/awt/Dimension;",
      "Ljava/awt/Component.getPreferredSize()Ljava/awt/Dimension;"
    ]
  },
  {
    "frequency": 1,
    "overriddenMethods": [
      "Ljava/awt/Canvas.paint(Ljava/awt/Graphics;)V",
      "Ljava/awt/Canvas.update(Ljava/awt/Graphics;)V",
      "Ljava/awt/Component.getMaximumSize()Ljava/awt/Dimension;",
      "Ljava/awt/Component.getMinimumSize()Ljava/awt/Dimension;",
      "Ljava/awt/Component.getPreferredSize()Ljava/awt/Dimension;"
    ]
  },
  {
    "frequency": 2,
    "overriddenMethods": [
      "Ljava/awt/Canvas.paint(Ljava/awt/Graphics;)V",
      "Ljava/awt/Canvas.update(Ljava/awt/Graphics;)V"
    ]
  },
  {
    "frequency": 1,
    "overriddenMethods": [
      "Ljava/awt/Canvas.paint(Ljava/awt/Graphics;)V",
      "Ljava/awt/Canvas.update(Ljava/awt/Graphics;)V",
      "Ljava/awt/Component.getPreferredSize()Ljava/awt/Dimension;",
      "Ljava/awt/Component.imageUpdate(Ljava/awt/Image;IIIII)Z"
    ]
  },
  {
    "frequency": 1,
    "overriddenMethods": [
      "Ljava/awt/Component.getMaximumSize()Ljava/awt/Dimension;",
      "Ljava/awt/Component.getMinimumSize()Ljava/awt/Dimension;",
      "Ljava/awt/Component.getPreferredSize()Ljava/awt/Dimension;"
    ]
  },
  {
    "frequency": 2,
    "overriddenMethods": [
      "Ljava/awt/Canvas.addNotify()V",
      "Ljava/awt/Component.removeNotify()V"
    ]
  }
]