[
  {
    "frequency": 36,
    "overriddenMethods": []
  },
  {
    "frequency": 2,
    "overriddenMethods": [
      "Ljava/awt/Component.getMaximumSize()Ljava/awt/Dimension;",
      "Ljava/awt/Component.getMinimumSize()Ljava/awt/Dimension;",
      "Ljava/awt/Component.getPreferredSize()Ljava/awt/Dimension;",
      "Ljava/awt/Component.paint(Ljava/awt/Graphics;)V"
    ]
  },
  {
    "frequency": 1,
    "overriddenMethods": [
      "Ljava/awt/Component.addNotify()V",
      "Ljava/awt/Component.getMinimumSize()Ljava/awt/Dimension;",
      "Ljava/awt/Component.paint(Ljava/awt/Graphics;)V"
    ]
  },
  {
    "frequency": 1,
    "overriddenMethods": [
      "Ljava/awt/Component.addNotify()V",
      "Ljava/awt/Component.imageUpdate(Ljava/awt/Image;IIIII)Z",
      "Ljava/awt/Component.paint(Ljava/awt/Graphics;)V",
      "Ljava/awt/Component.removeNotify()V",
      "Ljava/awt/Component.toString()Ljava/lang/String;"
    ]
  },
  {
    "frequency": 1,
    "overriddenMethods": [
      "Ljava/awt/Component.getName()Ljava/lang/String;",
      "Ljava/awt/Component.getPreferredSize()Ljava/awt/Dimension;",
      "Ljava/awt/Component.paint(Ljava/awt/Graphics;)V",
      "Ljava/awt/Component.processEvent(Ljava/awt/AWTEvent;)V",
      "Ljava/awt/Component.setEnabled(Z)V",
      "Ljava/awt/Component.setName(Ljava/lang/String;)V",
      "Ljava/awt/Component.toString()Ljava/lang/String;",
      "Ljava/awt/Component.update(Ljava/awt/Graphics;)V"
    ]
  },
  {
    "frequency": 1,
    "overriddenMethods": [
      "Ljava/awt/Component.addPropertyChangeListener(Ljava/beans/PropertyChangeListener;)V",
      "Ljava/awt/Component.getMaximumSize()Ljava/awt/Dimension;",
      "Ljava/awt/Component.getMinimumSize()Ljava/awt/Dimension;",
      "Ljava/awt/Component.getPreferredSize()Ljava/awt/Dimension;",
      "Ljava/awt/Component.paint(Ljava/awt/Graphics;)V",
      "Ljava/awt/Component.removePropertyChangeListener(Ljava/beans/PropertyChangeListener;)V"
    ]
  },
  {
    "frequency": 1,
    "overriddenMethods": [
      "Ljava/awt/Component.addNotify()V",
      "Ljava/awt/Component.getPreferredSize()Ljava/awt/Dimension;",
      "Ljava/awt/Component.paint(Ljava/awt/Graphics;)V",
      "Ljava/awt/Component.setFont(Ljava/awt/Font;)V",
      "Ljava/awt/Component.toString()Ljava/lang/String;"
    ]
  },
  {
    "frequency": 1,
    "overriddenMethods": [
      "Ljava/awt/Component.addNotify()V",
      "Ljava/awt/Component.addPropertyChangeListener(Ljava/beans/PropertyChangeListener;)V",
      "Ljava/awt/Component.paint(Ljava/awt/Graphics;)V",
      "Ljava/awt/Component.processKeyEvent(Ljava/awt/event/KeyEvent;)V",
      "Ljava/awt/Component.processMouseEvent(Ljava/awt/event/MouseEvent;)V",
      "Ljava/awt/Component.processMouseMotionEvent(Ljava/awt/event/MouseEvent;)V",
      "Ljava/awt/Component.removeNotify()V",
      "Ljava/awt/Component.removePropertyChangeListener(Ljava/beans/PropertyChangeListener;)V",
      "Ljava/awt/Component.toString()Ljava/lang/String;",
      "Ljava/lang/Object.finalize()V"
    ]
  },
  {
    "frequency": 3,
    "overriddenMethods": [
      "Ljava/awt/Component.paint(Ljava/awt/Graphics;)V"
    ]
  },
  {
    "frequency": 1,
    "overriddenMethods": [
      "Ljava/awt/Component.toString()Ljava/lang/String;"
    ]
  },
  {
    "frequency": 1,
    "overriddenMethods": [
      "Ljava/awt/Component.addPropertyChangeListener(Ljava/beans/PropertyChangeListener;)V",
      "Ljava/awt/Component.getMinimumSize()Ljava/awt/Dimension;",
      "Ljava/awt/Component.getPreferredSize()Ljava/awt/Dimension;",
      "Ljava/awt/Component.paint(Ljava/awt/Graphics;)V",
      "Ljava/awt/Component.removePropertyChangeListener(Ljava/beans/PropertyChangeListener;)V"
    ]
  },
  {
    "frequency": 1,
    "overriddenMethods": [
      "Ljava/awt/Component.addNotify()V",
      "Ljava/awt/Component.getMinimumSize()Ljava/awt/Dimension;",
      "Ljava/awt/Component.getPreferredSize()Ljava/awt/Dimension;",
      "Ljava/awt/Component.paint(Ljava/awt/Graphics;)V",
      "Ljava/awt/Component.processEvent(Ljava/awt/AWTEvent;)V",
      "Ljava/awt/Component.setEnabled(Z)V"
    ]
  },
  {
    "frequency": 1,
    "overriddenMethods": [
      "Ljava/awt/Component.addNotify()V",
      "Ljava/awt/Component.getMaximumSize()Ljava/awt/Dimension;",
      "Ljava/awt/Component.getMinimumSize()Ljava/awt/Dimension;",
      "Ljava/awt/Component.getPreferredSize()Ljava/awt/Dimension;",
      "Ljava/awt/Component.paint(Ljava/awt/Graphics;)V",
      "Ljava/awt/Component.removeNotify()V"
    ]
  },
  {
    "frequency": 1,
    "overriddenMethods": [
      "Ljava/awt/Component.addNotify()V",
      "Ljava/awt/Component.getPreferredSize()Ljava/awt/Dimension;",
      "Ljava/awt/Component.paint(Ljava/awt/Graphics;)V"
    ]
  },
  {
    "frequency": 1,
    "overriddenMethods": [
      "Ljava/awt/Component.addPropertyChangeListener(Ljava/beans/PropertyChangeListener;)V",
      "Ljava/awt/Component.getMinimumSize()Ljava/awt/Dimension;",
      "Ljava/awt/Component.paint(Ljava/awt/Graphics;)V",
      "Ljava/awt/Component.removePropertyChangeListener(Ljava/beans/PropertyChangeListener;)V",
      "Ljava/awt/Component.setBounds(IIII)V"
    ]
  },
  {
    "frequency": 1,
    "overriddenMethods": [
      "Ljava/awt/Component.getPreferredSize()Ljava/awt/Dimension;",
      "Ljava/awt/Component.paint(Ljava/awt/Graphics;)V"
    ]
  }
]