[
  {
    "frequency": 35,
    "overriddenMethods": []
  },
  {
    "frequency": 1,
    "overriddenMethods": [
      "Ljava/awt/Component.handleEvent(Ljava/awt/Event;)Z"
    ]
  },
  {
    "frequency": 1,
    "overriddenMethods": [
      "Ljava/awt/Window.setVisible(Z)V"
    ]
  },
  {
    "frequency": 1,
    "overriddenMethods": [
      "Ljava/awt/Frame.addNotify()V",
      "Ljava/awt/Frame.removeNotify()V"
    ]
  },
  {
    "frequency": 1,
    "overriddenMethods": [
      "Ljava/awt/Component.getHeight()I",
      "Ljava/awt/Component.getWidth()I"
    ]
  },
  {
    "frequency": 1,
    "overriddenMethods": [
      "Ljava/awt/Window.paint(Ljava/awt/Graphics;)V"
    ]
  },
  {
    "frequency": 1,
    "overriddenMethods": [
      "Ljava/awt/Window.dispose()V"
    ]
  },
  {
    "frequency": 1,
    "overriddenMethods": [
      "Ljava/awt/Window.show()V"
    ]
  },
  {
    "frequency": 1,
    "overriddenMethods": [
      "Ljava/awt/Component.setIgnoreRepaint(Z)V",
      "Ljava/awt/Component.toString()Ljava/lang/String;",
      "Ljava/awt/Container.invalidate()V",
      "Ljava/awt/Container.validate()V"
    ]
  },
  {
    "frequency": 2,
    "overriddenMethods": [
      "Ljava/awt/Container.getPreferredSize()Ljava/awt/Dimension;"
    ]
  }
]