[
  {
    "frequency": 12,
    "overriddenMethods": []
  },
  {
    "frequency": 1,
    "overriddenMethods": [
      "Ljava/awt/Container.doLayout()V",
      "Ljava/awt/Container.getInsets()Ljava/awt/Insets;",
      "Ljava/awt/Panel.addNotify()V"
    ]
  },
  {
    "frequency": 1,
    "overriddenMethods": [
      "Ljava/awt/Container.paint(Ljava/awt/Graphics;)V",
      "Ljava/awt/Container.setFont(Ljava/awt/Font;)V",
      "Ljava/awt/Container.update(Ljava/awt/Graphics;)V",
      "Ljava/awt/Panel.addNotify()V"
    ]
  },
  {
    "frequency": 1,
    "overriddenMethods": [
      "Ljava/awt/Container.doLayout()V",
      "Ljava/awt/Container.getMinimumSize()Ljava/awt/Dimension;",
      "Ljava/awt/Container.getPreferredSize()Ljava/awt/Dimension;",
      "Ljava/awt/Container.paint(Ljava/awt/Graphics;)V",
      "Ljava/awt/Panel.addNotify()V"
    ]
  },
  {
    "frequency": 1,
    "overriddenMethods": [
      "Ljava/awt/Component.isFocusTraversable()Z",
      "Ljava/awt/Component.processMouseEvent(Ljava/awt/event/MouseEvent;)V",
      "Ljava/awt/Component.processMouseMotionEvent(Ljava/awt/event/MouseEvent;)V",
      "Ljava/awt/Component.repaint()V",
      "Ljava/awt/Component.repaint(JIIII)V",
      "Ljava/awt/Component.toString()Ljava/lang/String;",
      "Ljava/awt/Container.addContainerListener(Ljava/awt/event/ContainerListener;)V",
      "Ljava/awt/Container.addImpl(Ljava/awt/Component;Ljava/lang/Object;I)V",
      "Ljava/awt/Container.getComponent(I)Ljava/awt/Component;",
      "Ljava/awt/Container.getComponentAt(II)Ljava/awt/Component;",
      "Ljava/awt/Container.getComponentAt(Ljava/awt/Point;)Ljava/awt/Component;",
      "Ljava/awt/Container.getComponentCount()I",
      "Ljava/awt/Container.getComponents()[Ljava/awt/Component;",
      "Ljava/awt/Container.getMinimumSize()Ljava/awt/Dimension;",
      "Ljava/awt/Container.getPreferredSize()Ljava/awt/Dimension;",
      "Ljava/awt/Container.invalidate()V",
      "Ljava/awt/Container.locate(II)Ljava/awt/Component;",
      "Ljava/awt/Container.paint(Ljava/awt/Graphics;)V",
      "Ljava/awt/Container.remove(I)V",
      "Ljava/awt/Container.remove(Ljava/awt/Component;)V",
      "Ljava/awt/Container.removeAll()V",
      "Ljava/awt/Container.removeContainerListener(Ljava/awt/event/ContainerListener;)V",
      "Ljava/awt/Container.removeNotify()V",
      "Ljava/awt/Container.update(Ljava/awt/Graphics;)V",
      "Ljava/awt/Panel.addNotify()V"
    ]
  },
  {
    "frequency": 2,
    "overriddenMethods": [
      "Ljava/awt/Container.doLayout()V",
      "Ljava/awt/Container.getPreferredSize()Ljava/awt/Dimension;"
    ]
  },
  {
    "frequency": 7,
    "overriddenMethods": [
      "Ljava/awt/Container.paint(Ljava/awt/Graphics;)V"
    ]
  },
  {
    "frequency": 1,
    "overriddenMethods": [
      "Ljava/awt/Container.paint(Ljava/awt/Graphics;)V",
      "Ljava/awt/Container.update(Ljava/awt/Graphics;)V"
    ]
  },
  {
    "frequency": 3,
    "overriddenMethods": [
      "Ljava/awt/Container.update(Ljava/awt/Graphics;)V"
    ]
  },
  {
    "frequency": 2,
    "overriddenMethods": [
      "Ljava/awt/Component.removePropertyChangeListener(Ljava/beans/PropertyChangeListener;)V",
      "Ljava/awt/Container.addPropertyChangeListener(Ljava/beans/PropertyChangeListener;)V"
    ]
  },
  {
    "frequency": 1,
    "overriddenMethods": [
      "Ljava/awt/Component.removePropertyChangeListener(Ljava/beans/PropertyChangeListener;)V",
      "Ljava/awt/Container.addPropertyChangeListener(Ljava/beans/PropertyChangeListener;)V",
      "Ljava/awt/Panel.addNotify()V"
    ]
  },
  {
    "frequency": 5,
    "overriddenMethods": [
      "Ljava/awt/Component.handleEvent(Ljava/awt/Event;)Z",
      "Ljava/awt/Component.mouseDrag(Ljava/awt/Event;II)Z",
      "Ljava/awt/Component.mouseExit(Ljava/awt/Event;II)Z",
      "Ljava/awt/Component.mouseMove(Ljava/awt/Event;II)Z",
      "Ljava/awt/Component.setBounds(IIII)V",
      "Ljava/awt/Component.setMinimumSize(Ljava/awt/Dimension;)V",
      "Ljava/awt/Container.getMinimumSize()Ljava/awt/Dimension;",
      "Ljava/awt/Container.getPreferredSize()Ljava/awt/Dimension;",
      "Ljava/awt/Container.minimumSize()Ljava/awt/Dimension;",
      "Ljava/awt/Container.paint(Ljava/awt/Graphics;)V",
      "Ljava/awt/Container.preferredSize()Ljava/awt/Dimension;",
      "Ljava/awt/Container.update(Ljava/awt/Graphics;)V"
    ]
  },
  {
    "frequency": 1,
    "overriddenMethods": [
      "Ljava/awt/Container.getInsets()Ljava/awt/Insets;",
      "Ljava/awt/Container.update(Ljava/awt/Graphics;)V"
    ]
  },
  {
    "frequency": 1,
    "overriddenMethods": [
      "Ljava/awt/Container.doLayout()V",
      "Ljava/awt/Container.getPreferredSize()Ljava/awt/Dimension;",
      "Ljava/awt/Container.update(Ljava/awt/Graphics;)V",
      "Ljava/awt/Panel.addNotify()V"
    ]
  },
  {
    "frequency": 1,
    "overriddenMethods": [
      "Ljava/awt/Container.getInsets()Ljava/awt/Insets;",
      "Ljava/awt/Container.paint(Ljava/awt/Graphics;)V",
      "Ljava/awt/Container.setFont(Ljava/awt/Font;)V",
      "Ljava/awt/Panel.addNotify()V"
    ]
  },
  {
    "frequency": 1,
    "overriddenMethods": [
      "Ljava/awt/Container.getInsets()Ljava/awt/Insets;",
      "Ljava/awt/Container.paint(Ljava/awt/Graphics;)V",
      "Ljava/awt/Container.update(Ljava/awt/Graphics;)V"
    ]
  },
  {
    "frequency": 2,
    "overriddenMethods": [
      "Ljava/awt/Container.getInsets()Ljava/awt/Insets;",
      "Ljava/awt/Container.paint(Ljava/awt/Graphics;)V"
    ]
  },
  {
    "frequency": 5,
    "overriddenMethods": [
      "Ljava/awt/Component.handleEvent(Ljava/awt/Event;)Z",
      "Ljava/awt/Component.mouseDown(Ljava/awt/Event;II)Z",
      "Ljava/awt/Component.setBounds(IIII)V",
      "Ljava/awt/Component.setMinimumSize(Ljava/awt/Dimension;)V",
      "Ljava/awt/Container.getMinimumSize()Ljava/awt/Dimension;",
      "Ljava/awt/Container.getPreferredSize()Ljava/awt/Dimension;",
      "Ljava/awt/Container.minimumSize()Ljava/awt/Dimension;",
      "Ljava/awt/Container.paint(Ljava/awt/Graphics;)V",
      "Ljava/awt/Container.preferredSize()Ljava/awt/Dimension;",
      "Ljava/awt/Container.removeAll()V",
      "Ljava/awt/Container.update(Ljava/awt/Graphics;)V"
    ]
  },
  {
    "frequency": 1,
    "overriddenMethods": [
      "Ljava/awt/Component.setEnabled(Z)V",
      "Ljava/awt/Container.insets()Ljava/awt/Insets;",
      "Ljava/awt/Container.paint(Ljava/awt/Graphics;)V"
    ]
  }
]