[
  {
    "frequency": 1,
    "overriddenMethods": [
      "Ljava/lang/Object.equals(Ljava/lang/Object;)Z",
      "Ljava/lang/Object.hashCode()I",
      "Ljava/lang/Object.toString()Ljava/lang/String;",
      "Ljavax/net/ServerSocketFactory.createServerSocket()Ljava/net/ServerSocket;",
      "Ljavax/net/ServerSocketFactory.createServerSocket(I)Ljava/net/ServerSocket;",
      "Ljavax/net/ServerSocketFactory.createServerSocket(II)Ljava/net/ServerSocket;",
      "Ljavax/net/ServerSocketFactory.createServerSocket(IILjava/net/InetAddress;)Ljava/net/ServerSocket;"
    ]
  },
  {
    "frequency": 13,
    "overriddenMethods": [
      "Ljavax/net/ServerSocketFactory.createServerSocket()Ljava/net/ServerSocket;",
      "Ljavax/net/ServerSocketFactory.createServerSocket(I)Ljava/net/ServerSocket;",
      "Ljavax/net/ServerSocketFactory.createServerSocket(II)Ljava/net/ServerSocket;",
      "Ljavax/net/ServerSocketFactory.createServerSocket(IILjava/net/InetAddress;)Ljava/net/ServerSocket;"
    ]
  },
  {
    "frequency": 2,
    "overriddenMethods": [
      "Ljava/lang/Object.equals(Ljava/lang/Object;)Z",
      "Ljava/lang/Object.hashCode()I",
      "Ljava/lang/Object.toString()Ljava/lang/String;",
      "Ljavax/net/ServerSocketFactory.createServerSocket(I)Ljava/net/ServerSocket;",
      "Ljavax/net/ServerSocketFactory.createServerSocket(II)Ljava/net/ServerSocket;",
      "Ljavax/net/ServerSocketFactory.createServerSocket(IILjava/net/InetAddress;)Ljava/net/ServerSocket;"
    ]
  },
  {
    "frequency": 11,
    "overriddenMethods": [
      "Ljavax/net/ServerSocketFactory.createServerSocket(I)Ljava/net/ServerSocket;",
      "Ljavax/net/ServerSocketFactory.createServerSocket(II)Ljava/net/ServerSocket;",
      "Ljavax/net/ServerSocketFactory.createServerSocket(IILjava/net/InetAddress;)Ljava/net/ServerSocket;"
    ]
  }
]