[
  {
    "frequency": 20,
    "overriddenMethods": [
      "Ljavax/xml/parsers/SAXParser.getParser()Lorg/xml/sax/Parser;",
      "Ljavax/xml/parsers/SAXParser.getProperty(Ljava/lang/String;)Ljava/lang/Object;",
      "Ljavax/xml/parsers/SAXParser.getXMLReader()Lorg/xml/sax/XMLReader;",
      "Ljavax/xml/parsers/SAXParser.isNamespaceAware()Z",
      "Ljavax/xml/parsers/SAXParser.isValidating()Z",
      "Ljavax/xml/parsers/SAXParser.setProperty(Ljava/lang/String;Ljava/lang/Object;)V"
    ]
  },
  {
    "frequency": 11,
    "overriddenMethods": [
      "Ljavax/xml/parsers/SAXParser.getParser()Lorg/xml/sax/Parser;",
      "Ljavax/xml/parsers/SAXParser.getProperty(Ljava/lang/String;)Ljava/lang/Object;",
      "Ljavax/xml/parsers/SAXParser.getSchema()Ljavax/xml/validation/Schema;",
      "Ljavax/xml/parsers/SAXParser.getXMLReader()Lorg/xml/sax/XMLReader;",
      "Ljavax/xml/parsers/SAXParser.isNamespaceAware()Z",
      "Ljavax/xml/parsers/SAXParser.isValidating()Z",
      "Ljavax/xml/parsers/SAXParser.isXIncludeAware()Z",
      "Ljavax/xml/parsers/SAXParser.parse(Lorg/xml/sax/InputSource;Lorg/xml/sax/HandlerBase;)V",
      "Ljavax/xml/parsers/SAXParser.parse(Lorg/xml/sax/InputSource;Lorg/xml/sax/helpers/DefaultHandler;)V",
      "Ljavax/xml/parsers/SAXParser.reset()V",
      "Ljavax/xml/parsers/SAXParser.setProperty(Ljava/lang/String;Ljava/lang/Object;)V"
    ]
  },
  {
    "frequency": 7,
    "overriddenMethods": [
      "Ljavax/xml/parsers/SAXParser.getParser()Lorg/xml/sax/Parser;",
      "Ljavax/xml/parsers/SAXParser.getProperty(Ljava/lang/String;)Ljava/lang/Object;",
      "Ljavax/xml/parsers/SAXParser.getSchema()Ljavax/xml/validation/Schema;",
      "Ljavax/xml/parsers/SAXParser.getXMLReader()Lorg/xml/sax/XMLReader;",
      "Ljavax/xml/parsers/SAXParser.isNamespaceAware()Z",
      "Ljavax/xml/parsers/SAXParser.isValidating()Z",
      "Ljavax/xml/parsers/SAXParser.isXIncludeAware()Z",
      "Ljavax/xml/parsers/SAXParser.reset()V",
      "Ljavax/xml/parsers/SAXParser.setProperty(Ljava/lang/String;Ljava/lang/Object;)V"
    ]
  },
  {
    "frequency": 4,
    "overriddenMethods": [
      "Ljavax/xml/parsers/SAXParser.getParser()Lorg/xml/sax/Parser;",
      "Ljavax/xml/parsers/SAXParser.getProperty(Ljava/lang/String;)Ljava/lang/Object;",
      "Ljavax/xml/parsers/SAXParser.getXMLReader()Lorg/xml/sax/XMLReader;",
      "Ljavax/xml/parsers/SAXParser.isNamespaceAware()Z",
      "Ljavax/xml/parsers/SAXParser.isValidating()Z",
      "Ljavax/xml/parsers/SAXParser.parse(Lorg/xml/sax/InputSource;Lorg/xml/sax/HandlerBase;)V",
      "Ljavax/xml/parsers/SAXParser.parse(Lorg/xml/sax/InputSource;Lorg/xml/sax/helpers/DefaultHandler;)V",
      "Ljavax/xml/parsers/SAXParser.setProperty(Ljava/lang/String;Ljava/lang/Object;)V"
    ]
  },
  {
    "frequency": 2,
    "overriddenMethods": [
      "Ljavax/xml/parsers/SAXParser.getParser()Lorg/xml/sax/Parser;",
      "Ljavax/xml/parsers/SAXParser.getProperty(Ljava/lang/String;)Ljava/lang/Object;",
      "Ljavax/xml/parsers/SAXParser.getXMLReader()Lorg/xml/sax/XMLReader;",
      "Ljavax/xml/parsers/SAXParser.isNamespaceAware()Z",
      "Ljavax/xml/parsers/SAXParser.isValidating()Z",
      "Ljavax/xml/parsers/SAXParser.parse(Ljava/io/File;Lorg/xml/sax/HandlerBase;)V",
      "Ljavax/xml/parsers/SAXParser.parse(Ljava/io/File;Lorg/xml/sax/helpers/DefaultHandler;)V",
      "Ljavax/xml/parsers/SAXParser.parse(Ljava/io/InputStream;Lorg/xml/sax/HandlerBase;)V",
      "Ljavax/xml/parsers/SAXParser.parse(Ljava/io/InputStream;Lorg/xml/sax/HandlerBase;Ljava/lang/String;)V",
      "Ljavax/xml/parsers/SAXParser.parse(Ljava/io/InputStream;Lorg/xml/sax/helpers/DefaultHandler;)V",
      "Ljavax/xml/parsers/SAXParser.parse(Ljava/io/InputStream;Lorg/xml/sax/helpers/DefaultHandler;Ljava/lang/String;)V",
      "Ljavax/xml/parsers/SAXParser.parse(Ljava/lang/String;Lorg/xml/sax/HandlerBase;)V",
      "Ljavax/xml/parsers/SAXParser.parse(Ljava/lang/String;Lorg/xml/sax/helpers/DefaultHandler;)V",
      "Ljavax/xml/parsers/SAXParser.parse(Lorg/xml/sax/InputSource;Lorg/xml/sax/HandlerBase;)V",
      "Ljavax/xml/parsers/SAXParser.parse(Lorg/xml/sax/InputSource;Lorg/xml/sax/helpers/DefaultHandler;)V",
      "Ljavax/xml/parsers/SAXParser.setProperty(Ljava/lang/String;Ljava/lang/Object;)V"
    ]
  },
  {
    "frequency": 1,
    "overriddenMethods": [
      "Ljavax/xml/parsers/SAXParser.getParser()Lorg/xml/sax/Parser;",
      "Ljavax/xml/parsers/SAXParser.getProperty(Ljava/lang/String;)Ljava/lang/Object;",
      "Ljavax/xml/parsers/SAXParser.getSchema()Ljavax/xml/validation/Schema;",
      "Ljavax/xml/parsers/SAXParser.getXMLReader()Lorg/xml/sax/XMLReader;",
      "Ljavax/xml/parsers/SAXParser.isNamespaceAware()Z",
      "Ljavax/xml/parsers/SAXParser.isValidating()Z",
      "Ljavax/xml/parsers/SAXParser.isXIncludeAware()Z",
      "Ljavax/xml/parsers/SAXParser.parse(Ljava/io/File;Lorg/xml/sax/HandlerBase;)V",
      "Ljavax/xml/parsers/SAXParser.parse(Ljava/io/File;Lorg/xml/sax/helpers/DefaultHandler;)V",
      "Ljavax/xml/parsers/SAXParser.parse(Ljava/io/InputStream;Lorg/xml/sax/HandlerBase;)V",
      "Ljavax/xml/parsers/SAXParser.parse(Ljava/io/InputStream;Lorg/xml/sax/HandlerBase;Ljava/lang/String;)V",
      "Ljavax/xml/parsers/SAXParser.parse(Ljava/io/InputStream;Lorg/xml/sax/helpers/DefaultHandler;)V",
      "Ljavax/xml/parsers/SAXParser.parse(Ljava/io/InputStream;Lorg/xml/sax/helpers/DefaultHandler;Ljava/lang/String;)V",
      "Ljavax/xml/parsers/SAXParser.parse(Ljava/lang/String;Lorg/xml/sax/HandlerBase;)V",
      "Ljavax/xml/parsers/SAXParser.parse(Ljava/lang/String;Lorg/xml/sax/helpers/DefaultHandler;)V",
      "Ljavax/xml/parsers/SAXParser.parse(Lorg/xml/sax/InputSource;Lorg/xml/sax/HandlerBase;)V",
      "Ljavax/xml/parsers/SAXParser.parse(Lorg/xml/sax/InputSource;Lorg/xml/sax/helpers/DefaultHandler;)V",
      "Ljavax/xml/parsers/SAXParser.reset()V",
      "Ljavax/xml/parsers/SAXParser.setProperty(Ljava/lang/String;Ljava/lang/Object;)V"
    ]
  }
]