[
  {
    "frequency": 3,
    "overriddenMethods": []
  },
  {
    "frequency": 1,
    "overriddenMethods": [
      "Ljavafx/scene/layout/Region.computeMinHeight(D)D",
      "Ljavafx/scene/layout/Region.computeMinWidth(D)D",
      "Ljavafx/scene/layout/Region.computePrefHeight(D)D",
      "Ljavafx/scene/layout/Region.computePrefWidth(D)D"
    ]
  },
  {
    "frequency": 1,
    "overriddenMethods": [
      "Ljavafx/scene/Parent.layoutChildren()V",
      "Ljavafx/scene/layout/Region.computePrefHeight(D)D",
      "Ljavafx/scene/layout/Region.computePrefWidth(D)D",
      "Ljavafx/scene/layout/Region.getCssMetaData()Ljava/util/List;"
    ]
  },
  {
    "frequency": 3,
    "overriddenMethods": [
      "Ljavafx/scene/Parent.layoutChildren()V"
    ]
  }
]