[
  {
    "frequency": 5,
    "overriddenMethods": []
  },
  {
    "frequency": 2,
    "overriddenMethods": [
      "Ljavafx/scene/Node.relocate(DD)V",
      "Ljavafx/scene/layout/Region.computeMinHeight(D)D",
      "Ljavafx/scene/layout/Region.computeMinWidth(D)D",
      "Ljavafx/scene/layout/Region.computePrefHeight(D)D",
      "Ljavafx/scene/layout/Region.computePrefWidth(D)D",
      "Ljavafx/scene/layout/Region.isResizable()Z",
      "Ljavafx/scene/layout/Region.resize(DD)V"
    ]
  },
  {
    "frequency": 3,
    "overriddenMethods": [
      "Ljavafx/scene/Parent.getChildren()Ljavafx/collections/ObservableList;",
      "Ljavafx/scene/Parent.layoutChildren()V",
      "Ljavafx/scene/layout/Region.computeMaxHeight(D)D",
      "Ljavafx/scene/layout/Region.computeMaxWidth(D)D",
      "Ljavafx/scene/layout/Region.computeMinHeight(D)D",
      "Ljavafx/scene/layout/Region.computeMinWidth(D)D",
      "Ljavafx/scene/layout/Region.computePrefHeight(D)D",
      "Ljavafx/scene/layout/Region.computePrefWidth(D)D"
    ]
  },
  {
    "frequency": 1,
    "overriddenMethods": [
      "Ljavafx/scene/layout/Region.getUserAgentStylesheet()Ljava/lang/String;"
    ]
  },
  {
    "frequency": 1,
    "overriddenMethods": [
      "Ljavafx/scene/Node.getContentBias()Ljavafx/geometry/Orientation;",
      "Ljavafx/scene/Parent.layoutChildren()V",
      "Ljavafx/scene/layout/Region.computeMinHeight(D)D",
      "Ljavafx/scene/layout/Region.computeMinWidth(D)D",
      "Ljavafx/scene/layout/Region.computePrefHeight(D)D",
      "Ljavafx/scene/layout/Region.computePrefWidth(D)D"
    ]
  },
  {
    "frequency": 7,
    "overriddenMethods": [
      "Ljavafx/scene/Parent.layoutChildren()V"
    ]
  },
  {
    "frequency": 3,
    "overriddenMethods": [
      "Ljavafx/scene/Node.relocate(DD)V",
      "Ljavafx/scene/Parent.getChildren()Ljavafx/collections/ObservableList;",
      "Ljavafx/scene/layout/Region.computeMaxHeight(D)D",
      "Ljavafx/scene/layout/Region.computeMaxWidth(D)D",
      "Ljavafx/scene/layout/Region.computeMinHeight(D)D",
      "Ljavafx/scene/layout/Region.computeMinWidth(D)D",
      "Ljavafx/scene/layout/Region.computePrefHeight(D)D",
      "Ljavafx/scene/layout/Region.computePrefWidth(D)D",
      "Ljavafx/scene/layout/Region.resize(DD)V"
    ]
  },
  {
    "frequency": 1,
    "overriddenMethods": [
      "Ljavafx/scene/Parent.layoutChildren()V",
      "Ljavafx/scene/layout/Region.computePrefWidth(D)D"
    ]
  },
  {
    "frequency": 1,
    "overriddenMethods": [
      "Ljavafx/scene/Parent.layoutChildren()V",
      "Ljavafx/scene/layout/Region.getCssMetaData()Ljava/util/List;",
      "Ljavafx/scene/layout/Region.getUserAgentStylesheet()Ljava/lang/String;"
    ]
  }
]