[
  {
    "frequency": 3,
    "overriddenMethods": [
      "Ljava/net/JarURLConnection.getJarFile()Ljava/util/jar/JarFile;",
      "Ljava/net/URLConnection.connect()V",
      "Ljava/net/URLConnection.getInputStream()Ljava/io/InputStream;"
    ]
  },
  {
    "frequency": 1,
    "overriddenMethods": [
      "Ljava/net/JarURLConnection.getAttributes()Ljava/util/jar/Attributes;",
      "Ljava/net/JarURLConnection.getCertificates()[Ljava/security/cert/Certificate;",
      "Ljava/net/JarURLConnection.getEntryName()Ljava/lang/String;",
      "Ljava/net/JarURLConnection.getJarEntry()Ljava/util/jar/JarEntry;",
      "Ljava/net/JarURLConnection.getJarFile()Ljava/util/jar/JarFile;",
      "Ljava/net/JarURLConnection.getJarFileURL()Ljava/net/URL;",
      "Ljava/net/JarURLConnection.getManifest()Ljava/util/jar/Manifest;",
      "Ljava/net/URLConnection.connect()V",
      "Ljava/net/URLConnection.getContentLength()I",
      "Ljava/net/URLConnection.getInputStream()Ljava/io/InputStream;",
      "Ljava/net/URLConnection.getOutputStream()Ljava/io/OutputStream;"
    ]
  },
  {
    "frequency": 5,
    "overriddenMethods": [
      "Ljava/net/JarURLConnection.getAttributes()Ljava/util/jar/Attributes;",
      "Ljava/net/JarURLConnection.getCertificates()[Ljava/security/cert/Certificate;",
      "Ljava/net/JarURLConnection.getEntryName()Ljava/lang/String;",
      "Ljava/net/JarURLConnection.getJarEntry()Ljava/util/jar/JarEntry;",
      "Ljava/net/JarURLConnection.getJarFile()Ljava/util/jar/JarFile;",
      "Ljava/net/JarURLConnection.getJarFileURL()Ljava/net/URL;",
      "Ljava/net/JarURLConnection.getMainAttributes()Ljava/util/jar/Attributes;",
      "Ljava/net/JarURLConnection.getManifest()Ljava/util/jar/Manifest;",
      "Ljava/net/URLConnection.connect()V",
      "Ljava/net/URLConnection.getContentLength()I",
      "Ljava/net/URLConnection.getInputStream()Ljava/io/InputStream;",
      "Ljava/net/URLConnection.getLastModified()J",
      "Ljava/net/URLConnection.getPermission()Ljava/security/Permission;",
      "Ljava/net/URLConnection.getURL()Ljava/net/URL;",
      "Ljava/net/URLConnection.toString()Ljava/lang/String;"
    ]
  },
  {
    "frequency": 2,
    "overriddenMethods": [
      "Ljava/net/JarURLConnection.getJarEntry()Ljava/util/jar/JarEntry;",
      "Ljava/net/JarURLConnection.getJarFile()Ljava/util/jar/JarFile;",
      "Ljava/net/URLConnection.connect()V",
      "Ljava/net/URLConnection.getInputStream()Ljava/io/InputStream;"
    ]
  }
]