[
  {
    "frequency": 1,
    "overriddenMethods": [
      "Ljava/net/Socket.close()V",
      "Ljava/net/Socket.getInputStream()Ljava/io/InputStream;",
      "Ljava/net/Socket.getOutputStream()Ljava/io/OutputStream;",
      "Ljava/net/Socket.isConnected()Z",
      "Ljava/net/Socket.setSoTimeout(I)V",
      "Ljava/net/Socket.setTcpNoDelay(Z)V"
    ]
  },
  {
    "frequency": 1,
    "overriddenMethods": []
  },
  {
    "frequency": 1,
    "overriddenMethods": [
      "Ljava/net/Socket.close()V",
      "Ljava/net/Socket.getInputStream()Ljava/io/InputStream;",
      "Ljava/net/Socket.getOutputStream()Ljava/io/OutputStream;"
    ]
  },
  {
    "frequency": 3,
    "overriddenMethods": [
      "Ljava/net/Socket.close()V",
      "Ljava/net/Socket.getChannel()Ljava/nio/channels/SocketChannel;",
      "Ljava/net/Socket.getInetAddress()Ljava/net/InetAddress;",
      "Ljava/net/Socket.getInputStream()Ljava/io/InputStream;",
      "Ljava/net/Socket.getKeepAlive()Z",
      "Ljava/net/Socket.getLocalAddress()Ljava/net/InetAddress;",
      "Ljava/net/Socket.getLocalPort()I",
      "Ljava/net/Socket.getLocalSocketAddress()Ljava/net/SocketAddress;",
      "Ljava/net/Socket.getOOBInline()Z",
      "Ljava/net/Socket.getOutputStream()Ljava/io/OutputStream;",
      "Ljava/net/Socket.getPort()I",
      "Ljava/net/Socket.getReceiveBufferSize()I",
      "Ljava/net/Socket.getRemoteSocketAddress()Ljava/net/SocketAddress;",
      "Ljava/net/Socket.getReuseAddress()Z",
      "Ljava/net/Socket.getSendBufferSize()I",
      "Ljava/net/Socket.getSoLinger()I",
      "Ljava/net/Socket.getSoTimeout()I",
      "Ljava/net/Socket.getTcpNoDelay()Z",
      "Ljava/net/Socket.getTrafficClass()I",
      "Ljava/net/Socket.isBound()Z",
      "Ljava/net/Socket.isClosed()Z",
      "Ljava/net/Socket.isConnected()Z",
      "Ljava/net/Socket.isInputShutdown()Z",
      "Ljava/net/Socket.isOutputShutdown()Z",
      "Ljava/net/Socket.sendUrgentData(I)V",
      "Ljava/net/Socket.setKeepAlive(Z)V",
      "Ljava/net/Socket.setOOBInline(Z)V",
      "Ljava/net/Socket.setReceiveBufferSize(I)V",
      "Ljava/net/Socket.setReuseAddress(Z)V",
      "Ljava/net/Socket.setSendBufferSize(I)V",
      "Ljava/net/Socket.setSoLinger(ZI)V",
      "Ljava/net/Socket.setSoTimeout(I)V",
      "Ljava/net/Socket.setTcpNoDelay(Z)V",
      "Ljava/net/Socket.setTrafficClass(I)V",
      "Ljava/net/Socket.shutdownInput()V",
      "Ljava/net/Socket.shutdownOutput()V",
      "Ljava/net/Socket.toString()Ljava/lang/String;"
    ]
  },
  {
    "frequency": 1,
    "overriddenMethods": [
      "Ljava/net/Socket.getInputStream()Ljava/io/InputStream;",
      "Ljava/net/Socket.getOutputStream()Ljava/io/OutputStream;"
    ]
  },
  {
    "frequency": 2,
    "overriddenMethods": [
      "Ljava/net/Socket.bind(Ljava/net/SocketAddress;)V",
      "Ljava/net/Socket.close()V",
      "Ljava/net/Socket.connect(Ljava/net/SocketAddress;)V",
      "Ljava/net/Socket.connect(Ljava/net/SocketAddress;I)V",
      "Ljava/net/Socket.getChannel()Ljava/nio/channels/SocketChannel;",
      "Ljava/net/Socket.getInetAddress()Ljava/net/InetAddress;",
      "Ljava/net/Socket.getInputStream()Ljava/io/InputStream;",
      "Ljava/net/Socket.getKeepAlive()Z",
      "Ljava/net/Socket.getLocalAddress()Ljava/net/InetAddress;",
      "Ljava/net/Socket.getLocalPort()I",
      "Ljava/net/Socket.getLocalSocketAddress()Ljava/net/SocketAddress;",
      "Ljava/net/Socket.getOOBInline()Z",
      "Ljava/net/Socket.getOutputStream()Ljava/io/OutputStream;",
      "Ljava/net/Socket.getPort()I",
      "Ljava/net/Socket.getReceiveBufferSize()I",
      "Ljava/net/Socket.getRemoteSocketAddress()Ljava/net/SocketAddress;",
      "Ljava/net/Socket.getReuseAddress()Z",
      "Ljava/net/Socket.getSendBufferSize()I",
      "Ljava/net/Socket.getSoLinger()I",
      "Ljava/net/Socket.getSoTimeout()I",
      "Ljava/net/Socket.getTcpNoDelay()Z",
      "Ljava/net/Socket.getTrafficClass()I",
      "Ljava/net/Socket.isBound()Z",
      "Ljava/net/Socket.isClosed()Z",
      "Ljava/net/Socket.isConnected()Z",
      "Ljava/net/Socket.isInputShutdown()Z",
      "Ljava/net/Socket.isOutputShutdown()Z",
      "Ljava/net/Socket.sendUrgentData(I)V",
      "Ljava/net/Socket.setKeepAlive(Z)V",
      "Ljava/net/Socket.setOOBInline(Z)V",
      "Ljava/net/Socket.setPerformancePreferences(III)V",
      "Ljava/net/Socket.setReceiveBufferSize(I)V",
      "Ljava/net/Socket.setReuseAddress(Z)V",
      "Ljava/net/Socket.setSendBufferSize(I)V",
      "Ljava/net/Socket.setSoLinger(ZI)V",
      "Ljava/net/Socket.setSoTimeout(I)V",
      "Ljava/net/Socket.setTcpNoDelay(Z)V",
      "Ljava/net/Socket.setTrafficClass(I)V",
      "Ljava/net/Socket.shutdownInput()V",
      "Ljava/net/Socket.shutdownOutput()V",
      "Ljava/net/Socket.toString()Ljava/lang/String;"
    ]
  },
  {
    "frequency": 1,
    "overriddenMethods": [
      "Ljava/net/Socket.close()V",
      "Ljava/net/Socket.getInputStream()Ljava/io/InputStream;",
      "Ljava/net/Socket.getOutputStream()Ljava/io/OutputStream;",
      "Ljava/net/Socket.getRemoteSocketAddress()Ljava/net/SocketAddress;",
      "Ljava/net/Socket.isClosed()Z"
    ]
  },
  {
    "frequency": 3,
    "overriddenMethods": [
      "Ljava/net/Socket.bind(Ljava/net/SocketAddress;)V",
      "Ljava/net/Socket.close()V",
      "Ljava/net/Socket.connect(Ljava/net/SocketAddress;)V",
      "Ljava/net/Socket.connect(Ljava/net/SocketAddress;I)V",
      "Ljava/net/Socket.getChannel()Ljava/nio/channels/SocketChannel;",
      "Ljava/net/Socket.getInetAddress()Ljava/net/InetAddress;",
      "Ljava/net/Socket.getInputStream()Ljava/io/InputStream;",
      "Ljava/net/Socket.getKeepAlive()Z",
      "Ljava/net/Socket.getLocalAddress()Ljava/net/InetAddress;",
      "Ljava/net/Socket.getLocalPort()I",
      "Ljava/net/Socket.getLocalSocketAddress()Ljava/net/SocketAddress;",
      "Ljava/net/Socket.getOOBInline()Z",
      "Ljava/net/Socket.getOutputStream()Ljava/io/OutputStream;",
      "Ljava/net/Socket.getPort()I",
      "Ljava/net/Socket.getReceiveBufferSize()I",
      "Ljava/net/Socket.getRemoteSocketAddress()Ljava/net/SocketAddress;",
      "Ljava/net/Socket.getReuseAddress()Z",
      "Ljava/net/Socket.getSendBufferSize()I",
      "Ljava/net/Socket.getSoLinger()I",
      "Ljava/net/Socket.getSoTimeout()I",
      "Ljava/net/Socket.getTcpNoDelay()Z",
      "Ljava/net/Socket.getTrafficClass()I",
      "Ljava/net/Socket.isBound()Z",
      "Ljava/net/Socket.isClosed()Z",
      "Ljava/net/Socket.isConnected()Z",
      "Ljava/net/Socket.isInputShutdown()Z",
      "Ljava/net/Socket.isOutputShutdown()Z",
      "Ljava/net/Socket.sendUrgentData(I)V",
      "Ljava/net/Socket.setKeepAlive(Z)V",
      "Ljava/net/Socket.setOOBInline(Z)V",
      "Ljava/net/Socket.setReceiveBufferSize(I)V",
      "Ljava/net/Socket.setReuseAddress(Z)V",
      "Ljava/net/Socket.setSendBufferSize(I)V",
      "Ljava/net/Socket.setSoLinger(ZI)V",
      "Ljava/net/Socket.setSoTimeout(I)V",
      "Ljava/net/Socket.setTcpNoDelay(Z)V",
      "Ljava/net/Socket.setTrafficClass(I)V",
      "Ljava/net/Socket.shutdownInput()V",
      "Ljava/net/Socket.shutdownOutput()V"
    ]
  },
  {
    "frequency": 1,
    "overriddenMethods": [
      "Ljava/lang/Object.equals(Ljava/lang/Object;)Z",
      "Ljava/lang/Object.hashCode()I",
      "Ljava/net/Socket.bind(Ljava/net/SocketAddress;)V",
      "Ljava/net/Socket.close()V",
      "Ljava/net/Socket.connect(Ljava/net/SocketAddress;)V",
      "Ljava/net/Socket.connect(Ljava/net/SocketAddress;I)V",
      "Ljava/net/Socket.getInetAddress()Ljava/net/InetAddress;",
      "Ljava/net/Socket.getInputStream()Ljava/io/InputStream;",
      "Ljava/net/Socket.getKeepAlive()Z",
      "Ljava/net/Socket.getLocalAddress()Ljava/net/InetAddress;",
      "Ljava/net/Socket.getLocalPort()I",
      "Ljava/net/Socket.getLocalSocketAddress()Ljava/net/SocketAddress;",
      "Ljava/net/Socket.getOOBInline()Z",
      "Ljava/net/Socket.getOutputStream()Ljava/io/OutputStream;",
      "Ljava/net/Socket.getPort()I",
      "Ljava/net/Socket.getReceiveBufferSize()I",
      "Ljava/net/Socket.getRemoteSocketAddress()Ljava/net/SocketAddress;",
      "Ljava/net/Socket.getReuseAddress()Z",
      "Ljava/net/Socket.getSendBufferSize()I",
      "Ljava/net/Socket.getSoLinger()I",
      "Ljava/net/Socket.getSoTimeout()I",
      "Ljava/net/Socket.getTcpNoDelay()Z",
      "Ljava/net/Socket.getTrafficClass()I",
      "Ljava/net/Socket.isBound()Z",
      "Ljava/net/Socket.isClosed()Z",
      "Ljava/net/Socket.isConnected()Z",
      "Ljava/net/Socket.isInputShutdown()Z",
      "Ljava/net/Socket.isOutputShutdown()Z",
      "Ljava/net/Socket.sendUrgentData(I)V",
      "Ljava/net/Socket.setKeepAlive(Z)V",
      "Ljava/net/Socket.setOOBInline(Z)V",
      "Ljava/net/Socket.setReceiveBufferSize(I)V",
      "Ljava/net/Socket.setReuseAddress(Z)V",
      "Ljava/net/Socket.setSendBufferSize(I)V",
      "Ljava/net/Socket.setSoLinger(ZI)V",
      "Ljava/net/Socket.setSoTimeout(I)V",
      "Ljava/net/Socket.setTcpNoDelay(Z)V",
      "Ljava/net/Socket.setTrafficClass(I)V",
      "Ljava/net/Socket.shutdownInput()V",
      "Ljava/net/Socket.shutdownOutput()V",
      "Ljava/net/Socket.toString()Ljava/lang/String;"
    ]
  },
  {
    "frequency": 10,
    "overriddenMethods": [
      "Ljava/net/Socket.close()V",
      "Ljava/net/Socket.getInputStream()Ljava/io/InputStream;",
      "Ljava/net/Socket.getOutputStream()Ljava/io/OutputStream;",
      "Ljava/net/Socket.isClosed()Z"
    ]
  },
  {
    "frequency": 5,
    "overriddenMethods": [
      "Ljava/net/Socket.bind(Ljava/net/SocketAddress;)V",
      "Ljava/net/Socket.close()V",
      "Ljava/net/Socket.connect(Ljava/net/SocketAddress;)V",
      "Ljava/net/Socket.connect(Ljava/net/SocketAddress;I)V",
      "Ljava/net/Socket.getChannel()Ljava/nio/channels/SocketChannel;",
      "Ljava/net/Socket.getInetAddress()Ljava/net/InetAddress;",
      "Ljava/net/Socket.getInputStream()Ljava/io/InputStream;",
      "Ljava/net/Socket.getKeepAlive()Z",
      "Ljava/net/Socket.getLocalAddress()Ljava/net/InetAddress;",
      "Ljava/net/Socket.getLocalPort()I",
      "Ljava/net/Socket.getLocalSocketAddress()Ljava/net/SocketAddress;",
      "Ljava/net/Socket.getOOBInline()Z",
      "Ljava/net/Socket.getOutputStream()Ljava/io/OutputStream;",
      "Ljava/net/Socket.getPort()I",
      "Ljava/net/Socket.getReceiveBufferSize()I",
      "Ljava/net/Socket.getRemoteSocketAddress()Ljava/net/SocketAddress;",
      "Ljava/net/Socket.getReuseAddress()Z",
      "Ljava/net/Socket.getSendBufferSize()I",
      "Ljava/net/Socket.getSoLinger()I",
      "Ljava/net/Socket.getSoTimeout()I",
      "Ljava/net/Socket.getTcpNoDelay()Z",
      "Ljava/net/Socket.getTrafficClass()I",
      "Ljava/net/Socket.isBound()Z",
      "Ljava/net/Socket.isClosed()Z",
      "Ljava/net/Socket.isConnected()Z",
      "Ljava/net/Socket.isInputShutdown()Z",
      "Ljava/net/Socket.isOutputShutdown()Z",
      "Ljava/net/Socket.sendUrgentData(I)V",
      "Ljava/net/Socket.setKeepAlive(Z)V",
      "Ljava/net/Socket.setOOBInline(Z)V",
      "Ljava/net/Socket.setReceiveBufferSize(I)V",
      "Ljava/net/Socket.setReuseAddress(Z)V",
      "Ljava/net/Socket.setSendBufferSize(I)V",
      "Ljava/net/Socket.setSoLinger(ZI)V",
      "Ljava/net/Socket.setSoTimeout(I)V",
      "Ljava/net/Socket.setTcpNoDelay(Z)V",
      "Ljava/net/Socket.setTrafficClass(I)V",
      "Ljava/net/Socket.shutdownInput()V",
      "Ljava/net/Socket.shutdownOutput()V",
      "Ljava/net/Socket.toString()Ljava/lang/String;"
    ]
  },
  {
    "frequency": 1,
    "overriddenMethods": [
      "Ljava/net/Socket.close()V",
      "Ljava/net/Socket.getInputStream()Ljava/io/InputStream;",
      "Ljava/net/Socket.getOutputStream()Ljava/io/OutputStream;",
      "Ljava/net/Socket.shutdownOutput()V"
    ]
  },
  {
    "frequency": 1,
    "overriddenMethods": [
      "Ljava/net/Socket.close()V",
      "Ljava/net/Socket.getInputStream()Ljava/io/InputStream;",
      "Ljava/net/Socket.isClosed()Z"
    ]
  }
]