[
  {
    "frequency": 19,
    "overriddenMethods": []
  },
  {
    "frequency": 2,
    "overriddenMethods": [
      "Ljava/lang/ClassLoader.getResource(Ljava/lang/String;)Ljava/net/URL;",
      "Ljava/lang/ClassLoader.getResources(Ljava/lang/String;)Ljava/util/Enumeration;",
      "Ljava/lang/ClassLoader.loadClass(Ljava/lang/String;Z)Ljava/lang/Class;"
    ]
  },
  {
    "frequency": 2,
    "overriddenMethods": [
      "Ljava/lang/ClassLoader.loadClass(Ljava/lang/String;)Ljava/lang/Class;",
      "Ljava/lang/ClassLoader.loadClass(Ljava/lang/String;Z)Ljava/lang/Class;"
    ]
  },
  {
    "frequency": 5,
    "overriddenMethods": [
      "Ljava/net/URLClassLoader.findClass(Ljava/lang/String;)Ljava/lang/Class;"
    ]
  },
  {
    "frequency": 1,
    "overriddenMethods": [
      "Ljava/lang/ClassLoader.findLibrary(Ljava/lang/String;)Ljava/lang/String;",
      "Ljava/net/URLClassLoader.addURL(Ljava/net/URL;)V"
    ]
  },
  {
    "frequency": 1,
    "overriddenMethods": [
      "Ljava/lang/ClassLoader.getResource(Ljava/lang/String;)Ljava/net/URL;",
      "Ljava/lang/ClassLoader.getResources(Ljava/lang/String;)Ljava/util/Enumeration;",
      "Ljava/lang/ClassLoader.loadClass(Ljava/lang/String;Z)Ljava/lang/Class;",
      "Ljava/lang/Object.toString()Ljava/lang/String;",
      "Ljava/net/URLClassLoader.close()V",
      "Ljava/net/URLClassLoader.findClass(Ljava/lang/String;)Ljava/lang/Class;",
      "Ljava/net/URLClassLoader.getPermissions(Ljava/security/CodeSource;)Ljava/security/PermissionCollection;"
    ]
  },
  {
    "frequency": 3,
    "overriddenMethods": [
      "Ljava/net/URLClassLoader.findClass(Ljava/lang/String;)Ljava/lang/Class;",
      "Ljava/net/URLClassLoader.findResource(Ljava/lang/String;)Ljava/net/URL;",
      "Ljava/net/URLClassLoader.findResources(Ljava/lang/String;)Ljava/util/Enumeration;",
      "Ljava/net/URLClassLoader.getResourceAsStream(Ljava/lang/String;)Ljava/io/InputStream;"
    ]
  },
  {
    "frequency": 1,
    "overriddenMethods": [
      "Ljava/lang/ClassLoader.loadClass(Ljava/lang/String;)Ljava/lang/Class;",
      "Ljava/lang/ClassLoader.loadClass(Ljava/lang/String;Z)Ljava/lang/Class;",
      "Ljava/net/URLClassLoader.getPermissions(Ljava/security/CodeSource;)Ljava/security/PermissionCollection;"
    ]
  },
  {
    "frequency": 1,
    "overriddenMethods": [
      "Ljava/lang/ClassLoader.loadClass(Ljava/lang/String;)Ljava/lang/Class;",
      "Ljava/lang/Object.toString()Ljava/lang/String;",
      "Ljava/net/URLClassLoader.findClass(Ljava/lang/String;)Ljava/lang/Class;",
      "Ljava/net/URLClassLoader.getPermissions(Ljava/security/CodeSource;)Ljava/security/PermissionCollection;"
    ]
  },
  {
    "frequency": 1,
    "overriddenMethods": [
      "Ljava/net/URLClassLoader.findResource(Ljava/lang/String;)Ljava/net/URL;",
      "Ljava/net/URLClassLoader.findResources(Ljava/lang/String;)Ljava/util/Enumeration;",
      "Ljava/net/URLClassLoader.getURLs()[Ljava/net/URL;"
    ]
  },
  {
    "frequency": 3,
    "overriddenMethods": [
      "Ljava/lang/ClassLoader.getResource(Ljava/lang/String;)Ljava/net/URL;",
      "Ljava/lang/ClassLoader.loadClass(Ljava/lang/String;Z)Ljava/lang/Class;",
      "Ljava/lang/Object.toString()Ljava/lang/String;",
      "Ljava/net/URLClassLoader.addURL(Ljava/net/URL;)V",
      "Ljava/net/URLClassLoader.findResources(Ljava/lang/String;)Ljava/util/Enumeration;"
    ]
  },
  {
    "frequency": 2,
    "overriddenMethods": [
      "Ljava/lang/ClassLoader.getResource(Ljava/lang/String;)Ljava/net/URL;",
      "Ljava/lang/ClassLoader.loadClass(Ljava/lang/String;)Ljava/lang/Class;",
      "Ljava/lang/Object.equals(Ljava/lang/Object;)Z",
      "Ljava/lang/Object.toString()Ljava/lang/String;",
      "Ljava/net/URLClassLoader.addURL(Ljava/net/URL;)V",
      "Ljava/net/URLClassLoader.findResources(Ljava/lang/String;)Ljava/util/Enumeration;",
      "Ljava/net/URLClassLoader.getResourceAsStream(Ljava/lang/String;)Ljava/io/InputStream;"
    ]
  },
  {
    "frequency": 1,
    "overriddenMethods": [
      "Ljava/net/URLClassLoader.findClass(Ljava/lang/String;)Ljava/lang/Class;",
      "Ljava/net/URLClassLoader.findResource(Ljava/lang/String;)Ljava/net/URL;",
      "Ljava/net/URLClassLoader.getURLs()[Ljava/net/URL;"
    ]
  },
  {
    "frequency": 3,
    "overriddenMethods": [
      "Ljava/lang/ClassLoader.loadClass(Ljava/lang/String;)Ljava/lang/Class;",
      "Ljava/lang/ClassLoader.loadClass(Ljava/lang/String;Z)Ljava/lang/Class;",
      "Ljava/net/URLClassLoader.getPermissions(Ljava/security/CodeSource;)Ljava/security/PermissionCollection;",
      "Ljava/net/URLClassLoader.getResourceAsStream(Ljava/lang/String;)Ljava/io/InputStream;"
    ]
  },
  {
    "frequency": 1,
    "overriddenMethods": [
      "Ljava/lang/ClassLoader.getResource(Ljava/lang/String;)Ljava/net/URL;",
      "Ljava/lang/ClassLoader.loadClass(Ljava/lang/String;Z)Ljava/lang/Class;",
      "Ljava/net/URLClassLoader.findClass(Ljava/lang/String;)Ljava/lang/Class;"
    ]
  },
  {
    "frequency": 3,
    "overriddenMethods": [
      "Ljava/net/URLClassLoader.addURL(Ljava/net/URL;)V",
      "Ljava/net/URLClassLoader.close()V",
      "Ljava/net/URLClassLoader.findClass(Ljava/lang/String;)Ljava/lang/Class;",
      "Ljava/net/URLClassLoader.findResource(Ljava/lang/String;)Ljava/net/URL;",
      "Ljava/net/URLClassLoader.findResources(Ljava/lang/String;)Ljava/util/Enumeration;",
      "Ljava/net/URLClassLoader.getURLs()[Ljava/net/URL;"
    ]
  },
  {
    "frequency": 2,
    "overriddenMethods": [
      "Ljava/net/URLClassLoader.getURLs()[Ljava/net/URL;"
    ]
  },
  {
    "frequency": 1,
    "overriddenMethods": [
      "Ljava/net/URLClassLoader.close()V"
    ]
  },
  {
    "frequency": 3,
    "overriddenMethods": [
      "Ljava/net/URLClassLoader.addURL(Ljava/net/URL;)V"
    ]
  },
  {
    "frequency": 1,
    "overriddenMethods": [
      "Ljava/lang/ClassLoader.getResource(Ljava/lang/String;)Ljava/net/URL;",
      "Ljava/lang/ClassLoader.getResources(Ljava/lang/String;)Ljava/util/Enumeration;",
      "Ljava/lang/ClassLoader.loadClass(Ljava/lang/String;Z)Ljava/lang/Class;",
      "Ljava/net/URLClassLoader.getResourceAsStream(Ljava/lang/String;)Ljava/io/InputStream;"
    ]
  },
  {
    "frequency": 1,
    "overriddenMethods": [
      "Ljava/lang/ClassLoader.loadClass(Ljava/lang/String;Z)Ljava/lang/Class;",
      "Ljava/net/URLClassLoader.addURL(Ljava/net/URL;)V"
    ]
  },
  {
    "frequency": 1,
    "overriddenMethods": [
      "Ljava/lang/Object.toString()Ljava/lang/String;",
      "Ljava/net/URLClassLoader.getURLs()[Ljava/net/URL;"
    ]
  },
  {
    "frequency": 1,
    "overriddenMethods": [
      "Ljava/lang/ClassLoader.getResource(Ljava/lang/String;)Ljava/net/URL;",
      "Ljava/lang/ClassLoader.loadClass(Ljava/lang/String;)Ljava/lang/Class;",
      "Ljava/net/URLClassLoader.getURLs()[Ljava/net/URL;"
    ]
  },
  {
    "frequency": 5,
    "overriddenMethods": [
      "Ljava/lang/ClassLoader.loadClass(Ljava/lang/String;Z)Ljava/lang/Class;",
      "Ljava/net/URLClassLoader.addURL(Ljava/net/URL;)V",
      "Ljava/net/URLClassLoader.findClass(Ljava/lang/String;)Ljava/lang/Class;"
    ]
  },
  {
    "frequency": 1,
    "overriddenMethods": [
      "Ljava/lang/ClassLoader.getResource(Ljava/lang/String;)Ljava/net/URL;",
      "Ljava/lang/ClassLoader.loadClass(Ljava/lang/String;Z)Ljava/lang/Class;",
      "Ljava/net/URLClassLoader.findResource(Ljava/lang/String;)Ljava/net/URL;",
      "Ljava/net/URLClassLoader.findResources(Ljava/lang/String;)Ljava/util/Enumeration;",
      "Ljava/net/URLClassLoader.getURLs()[Ljava/net/URL;"
    ]
  },
  {
    "frequency": 9,
    "overriddenMethods": [
      "Ljava/net/URLClassLoader.addURL(Ljava/net/URL;)V",
      "Ljava/net/URLClassLoader.findClass(Ljava/lang/String;)Ljava/lang/Class;"
    ]
  },
  {
    "frequency": 1,
    "overriddenMethods": [
      "Ljava/lang/ClassLoader.loadClass(Ljava/lang/String;)Ljava/lang/Class;",
      "Ljava/lang/ClassLoader.loadClass(Ljava/lang/String;Z)Ljava/lang/Class;",
      "Ljava/net/URLClassLoader.findClass(Ljava/lang/String;)Ljava/lang/Class;",
      "Ljava/net/URLClassLoader.getPermissions(Ljava/security/CodeSource;)Ljava/security/PermissionCollection;"
    ]
  },
  {
    "frequency": 3,
    "overriddenMethods": [
      "Ljava/lang/ClassLoader.loadClass(Ljava/lang/String;Z)Ljava/lang/Class;",
      "Ljava/net/URLClassLoader.addURL(Ljava/net/URL;)V",
      "Ljava/net/URLClassLoader.getPermissions(Ljava/security/CodeSource;)Ljava/security/PermissionCollection;"
    ]
  },
  {
    "frequency": 2,
    "overriddenMethods": [
      "Ljava/lang/ClassLoader.loadClass(Ljava/lang/String;Z)Ljava/lang/Class;",
      "Ljava/lang/Object.toString()Ljava/lang/String;",
      "Ljava/net/URLClassLoader.addURL(Ljava/net/URL;)V",
      "Ljava/net/URLClassLoader.findClass(Ljava/lang/String;)Ljava/lang/Class;"
    ]
  },
  {
    "frequency": 2,
    "overriddenMethods": [
      "Ljava/lang/ClassLoader.loadClass(Ljava/lang/String;Z)Ljava/lang/Class;",
      "Ljava/net/URLClassLoader.findClass(Ljava/lang/String;)Ljava/lang/Class;"
    ]
  },
  {
    "frequency": 13,
    "overriddenMethods": [
      "Ljava/lang/ClassLoader.loadClass(Ljava/lang/String;Z)Ljava/lang/Class;"
    ]
  },
  {
    "frequency": 5,
    "overriddenMethods": [
      "Ljava/lang/Object.toString()Ljava/lang/String;"
    ]
  },
  {
    "frequency": 3,
    "overriddenMethods": [
      "Ljava/net/URLClassLoader.findClass(Ljava/lang/String;)Ljava/lang/Class;",
      "Ljava/net/URLClassLoader.findResource(Ljava/lang/String;)Ljava/net/URL;"
    ]
  },
  {
    "frequency": 1,
    "overriddenMethods": [
      "Ljava/lang/ClassLoader.getResource(Ljava/lang/String;)Ljava/net/URL;",
      "Ljava/lang/ClassLoader.getResources(Ljava/lang/String;)Ljava/util/Enumeration;",
      "Ljava/lang/ClassLoader.loadClass(Ljava/lang/String;)Ljava/lang/Class;",
      "Ljava/lang/ClassLoader.loadClass(Ljava/lang/String;Z)Ljava/lang/Class;",
      "Ljava/net/URLClassLoader.findClass(Ljava/lang/String;)Ljava/lang/Class;"
    ]
  },
  {
    "frequency": 1,
    "overriddenMethods": [
      "Ljava/lang/ClassLoader.getResource(Ljava/lang/String;)Ljava/net/URL;",
      "Ljava/lang/ClassLoader.loadClass(Ljava/lang/String;)Ljava/lang/Class;",
      "Ljava/lang/ClassLoader.loadClass(Ljava/lang/String;Z)Ljava/lang/Class;",
      "Ljava/lang/Object.toString()Ljava/lang/String;",
      "Ljava/net/URLClassLoader.findClass(Ljava/lang/String;)Ljava/lang/Class;",
      "Ljava/net/URLClassLoader.findResource(Ljava/lang/String;)Ljava/net/URL;",
      "Ljava/net/URLClassLoader.findResources(Ljava/lang/String;)Ljava/util/Enumeration;",
      "Ljava/net/URLClassLoader.getPermissions(Ljava/security/CodeSource;)Ljava/security/PermissionCollection;",
      "Ljava/net/URLClassLoader.getResourceAsStream(Ljava/lang/String;)Ljava/io/InputStream;"
    ]
  },
  {
    "frequency": 27,
    "overriddenMethods": [
      "Ljava/lang/ClassLoader.loadClass(Ljava/lang/String;)Ljava/lang/Class;"
    ]
  },
  {
    "frequency": 7,
    "overriddenMethods": [
      "Ljava/lang/ClassLoader.getResource(Ljava/lang/String;)Ljava/net/URL;",
      "Ljava/lang/ClassLoader.loadClass(Ljava/lang/String;Z)Ljava/lang/Class;",
      "Ljava/lang/Object.toString()Ljava/lang/String;",
      "Ljava/net/URLClassLoader.getResourceAsStream(Ljava/lang/String;)Ljava/io/InputStream;"
    ]
  },
  {
    "frequency": 1,
    "overriddenMethods": [
      "Ljava/net/URLClassLoader.findResource(Ljava/lang/String;)Ljava/net/URL;"
    ]
  },
  {
    "frequency": 6,
    "overriddenMethods": [
      "Ljava/lang/ClassLoader.getResource(Ljava/lang/String;)Ljava/net/URL;",
      "Ljava/lang/ClassLoader.loadClass(Ljava/lang/String;Z)Ljava/lang/Class;",
      "Ljava/net/URLClassLoader.addURL(Ljava/net/URL;)V",
      "Ljava/net/URLClassLoader.findClass(Ljava/lang/String;)Ljava/lang/Class;"
    ]
  },
  {
    "frequency": 9,
    "overriddenMethods": [
      "Ljava/lang/ClassLoader.getResource(Ljava/lang/String;)Ljava/net/URL;",
      "Ljava/lang/ClassLoader.loadClass(Ljava/lang/String;)Ljava/lang/Class;",
      "Ljava/lang/ClassLoader.loadClass(Ljava/lang/String;Z)Ljava/lang/Class;",
      "Ljava/lang/Object.toString()Ljava/lang/String;",
      "Ljava/net/URLClassLoader.getPermissions(Ljava/security/CodeSource;)Ljava/security/PermissionCollection;"
    ]
  },
  {
    "frequency": 2,
    "overriddenMethods": [
      "Ljava/net/URLClassLoader.findClass(Ljava/lang/String;)Ljava/lang/Class;",
      "Ljava/net/URLClassLoader.findResource(Ljava/lang/String;)Ljava/net/URL;",
      "Ljava/net/URLClassLoader.findResources(Ljava/lang/String;)Ljava/util/Enumeration;"
    ]
  },
  {
    "frequency": 2,
    "overriddenMethods": [
      "Ljava/lang/ClassLoader.loadClass(Ljava/lang/String;)Ljava/lang/Class;",
      "Ljava/lang/ClassLoader.loadClass(Ljava/lang/String;Z)Ljava/lang/Class;",
      "Ljava/net/URLClassLoader.addURL(Ljava/net/URL;)V",
      "Ljava/net/URLClassLoader.getPermissions(Ljava/security/CodeSource;)Ljava/security/PermissionCollection;"
    ]
  },
  {
    "frequency": 1,
    "overriddenMethods": [
      "Ljava/lang/ClassLoader.getClassLoadingLock(Ljava/lang/String;)Ljava/lang/Object;",
      "Ljava/lang/ClassLoader.getResource(Ljava/lang/String;)Ljava/net/URL;",
      "Ljava/lang/ClassLoader.getResources(Ljava/lang/String;)Ljava/util/Enumeration;",
      "Ljava/lang/ClassLoader.loadClass(Ljava/lang/String;)Ljava/lang/Class;",
      "Ljava/lang/ClassLoader.loadClass(Ljava/lang/String;Z)Ljava/lang/Class;",
      "Ljava/lang/Object.toString()Ljava/lang/String;",
      "Ljava/net/URLClassLoader.addURL(Ljava/net/URL;)V",
      "Ljava/net/URLClassLoader.findClass(Ljava/lang/String;)Ljava/lang/Class;",
      "Ljava/net/URLClassLoader.findResource(Ljava/lang/String;)Ljava/net/URL;",
      "Ljava/net/URLClassLoader.findResources(Ljava/lang/String;)Ljava/util/Enumeration;"
    ]
  },
  {
    "frequency": 1,
    "overriddenMethods": [
      "Ljava/lang/ClassLoader.getResource(Ljava/lang/String;)Ljava/net/URL;",
      "Ljava/lang/ClassLoader.getResources(Ljava/lang/String;)Ljava/util/Enumeration;",
      "Ljava/lang/ClassLoader.loadClass(Ljava/lang/String;Z)Ljava/lang/Class;",
      "Ljava/net/URLClassLoader.addURL(Ljava/net/URL;)V",
      "Ljava/net/URLClassLoader.findClass(Ljava/lang/String;)Ljava/lang/Class;"
    ]
  },
  {
    "frequency": 5,
    "overriddenMethods": [
      "Ljava/lang/ClassLoader.getResource(Ljava/lang/String;)Ljava/net/URL;",
      "Ljava/lang/ClassLoader.loadClass(Ljava/lang/String;)Ljava/lang/Class;",
      "Ljava/lang/ClassLoader.loadClass(Ljava/lang/String;Z)Ljava/lang/Class;",
      "Ljava/lang/Object.toString()Ljava/lang/String;",
      "Ljava/net/URLClassLoader.addURL(Ljava/net/URL;)V",
      "Ljava/net/URLClassLoader.findClass(Ljava/lang/String;)Ljava/lang/Class;",
      "Ljava/net/URLClassLoader.findResource(Ljava/lang/String;)Ljava/net/URL;",
      "Ljava/net/URLClassLoader.findResources(Ljava/lang/String;)Ljava/util/Enumeration;",
      "Ljava/net/URLClassLoader.getPermissions(Ljava/security/CodeSource;)Ljava/security/PermissionCollection;",
      "Ljava/net/URLClassLoader.getResourceAsStream(Ljava/lang/String;)Ljava/io/InputStream;",
      "Ljava/net/URLClassLoader.getURLs()[Ljava/net/URL;"
    ]
  },
  {
    "frequency": 2,
    "overriddenMethods": [
      "Ljava/lang/ClassLoader.getPackage(Ljava/lang/String;)Ljava/lang/Package;",
      "Ljava/lang/ClassLoader.getPackages()[Ljava/lang/Package;",
      "Ljava/lang/ClassLoader.getResource(Ljava/lang/String;)Ljava/net/URL;",
      "Ljava/lang/ClassLoader.loadClass(Ljava/lang/String;Z)Ljava/lang/Class;",
      "Ljava/lang/Object.equals(Ljava/lang/Object;)Z",
      "Ljava/lang/Object.hashCode()I",
      "Ljava/lang/Object.toString()Ljava/lang/String;",
      "Ljava/net/URLClassLoader.addURL(Ljava/net/URL;)V",
      "Ljava/net/URLClassLoader.findClass(Ljava/lang/String;)Ljava/lang/Class;",
      "Ljava/net/URLClassLoader.findResources(Ljava/lang/String;)Ljava/util/Enumeration;",
      "Ljava/net/URLClassLoader.getURLs()[Ljava/net/URL;"
    ]
  },
  {
    "frequency": 1,
    "overriddenMethods": [
      "Ljava/net/URLClassLoader.findResource(Ljava/lang/String;)Ljava/net/URL;",
      "Ljava/net/URLClassLoader.findResources(Ljava/lang/String;)Ljava/util/Enumeration;"
    ]
  },
  {
    "frequency": 1,
    "overriddenMethods": [
      "Ljava/lang/ClassLoader.getResource(Ljava/lang/String;)Ljava/net/URL;",
      "Ljava/lang/ClassLoader.loadClass(Ljava/lang/String;Z)Ljava/lang/Class;",
      "Ljava/net/URLClassLoader.getPermissions(Ljava/security/CodeSource;)Ljava/security/PermissionCollection;"
    ]
  },
  {
    "frequency": 3,
    "overriddenMethods": [
      "Ljava/lang/ClassLoader.findLibrary(Ljava/lang/String;)Ljava/lang/String;"
    ]
  },
  {
    "frequency": 3,
    "overriddenMethods": [
      "Ljava/lang/ClassLoader.getResources(Ljava/lang/String;)Ljava/util/Enumeration;",
      "Ljava/lang/ClassLoader.loadClass(Ljava/lang/String;Z)Ljava/lang/Class;"
    ]
  },
  {
    "frequency": 2,
    "overriddenMethods": [
      "Ljava/lang/ClassLoader.loadClass(Ljava/lang/String;)Ljava/lang/Class;",
      "Ljava/lang/ClassLoader.loadClass(Ljava/lang/String;Z)Ljava/lang/Class;",
      "Ljava/lang/Object.toString()Ljava/lang/String;",
      "Ljava/net/URLClassLoader.addURL(Ljava/net/URL;)V",
      "Ljava/net/URLClassLoader.findClass(Ljava/lang/String;)Ljava/lang/Class;",
      "Ljava/net/URLClassLoader.findResource(Ljava/lang/String;)Ljava/net/URL;",
      "Ljava/net/URLClassLoader.findResources(Ljava/lang/String;)Ljava/util/Enumeration;"
    ]
  },
  {
    "frequency": 1,
    "overriddenMethods": [
      "Ljava/lang/ClassLoader.findLibrary(Ljava/lang/String;)Ljava/lang/String;",
      "Ljava/net/URLClassLoader.getPermissions(Ljava/security/CodeSource;)Ljava/security/PermissionCollection;"
    ]
  },
  {
    "frequency": 14,
    "overriddenMethods": [
      "Ljava/net/URLClassLoader.getPermissions(Ljava/security/CodeSource;)Ljava/security/PermissionCollection;"
    ]
  },
  {
    "frequency": 3,
    "overriddenMethods": [
      "Ljava/lang/ClassLoader.loadClass(Ljava/lang/String;Z)Ljava/lang/Class;",
      "Ljava/net/URLClassLoader.getPermissions(Ljava/security/CodeSource;)Ljava/security/PermissionCollection;"
    ]
  },
  {
    "frequency": 1,
    "overriddenMethods": [
      "Ljava/lang/Object.finalize()V"
    ]
  },
  {
    "frequency": 1,
    "overriddenMethods": [
      "Ljava/lang/ClassLoader.loadClass(Ljava/lang/String;Z)Ljava/lang/Class;",
      "Ljava/lang/Object.toString()Ljava/lang/String;"
    ]
  },
  {
    "frequency": 1,
    "overriddenMethods": [
      "Ljava/lang/ClassLoader.getResource(Ljava/lang/String;)Ljava/net/URL;",
      "Ljava/lang/ClassLoader.loadClass(Ljava/lang/String;)Ljava/lang/Class;"
    ]
  },
  {
    "frequency": 1,
    "overriddenMethods": [
      "Ljava/lang/ClassLoader.getResource(Ljava/lang/String;)Ljava/net/URL;",
      "Ljava/lang/ClassLoader.loadClass(Ljava/lang/String;)Ljava/lang/Class;",
      "Ljava/lang/ClassLoader.loadClass(Ljava/lang/String;Z)Ljava/lang/Class;"
    ]
  },
  {
    "frequency": 1,
    "overriddenMethods": [
      "Ljava/lang/ClassLoader.findLibrary(Ljava/lang/String;)Ljava/lang/String;",
      "Ljava/net/URLClassLoader.findResource(Ljava/lang/String;)Ljava/net/URL;",
      "Ljava/net/URLClassLoader.findResources(Ljava/lang/String;)Ljava/util/Enumeration;"
    ]
  }
]