[
  {
    "frequency": 1,
    "overriddenMethods": [
      "Lorg/xml/sax/ext/DefaultHandler2.resolveEntity(Ljava/lang/String;Ljava/lang/String;Ljava/lang/String;Ljava/lang/String;)Lorg/xml/sax/InputSource;",
      "Lorg/xml/sax/helpers/DefaultHandler.characters([CII)V",
      "Lorg/xml/sax/helpers/DefaultHandler.endElement(Ljava/lang/String;Ljava/lang/String;Ljava/lang/String;)V",
      "Lorg/xml/sax/helpers/DefaultHandler.error(Lorg/xml/sax/SAXParseException;)V",
      "Lorg/xml/sax/helpers/DefaultHandler.fatalError(Lorg/xml/sax/SAXParseException;)V",
      "Lorg/xml/sax/helpers/DefaultHandler.setDocumentLocator(Lorg/xml/sax/Locator;)V",
      "Lorg/xml/sax/helpers/DefaultHandler.startElement(Ljava/lang/String;Ljava/lang/String;Ljava/lang/String;Lorg/xml/sax/Attributes;)V",
      "Lorg/xml/sax/helpers/DefaultHandler.warning(Lorg/xml/sax/SAXParseException;)V"
    ]
  },
  {
    "frequency": 1,
    "overriddenMethods": [
      "Lorg/xml/sax/ext/DefaultHandler2.resolveEntity(Ljava/lang/String;Ljava/lang/String;Ljava/lang/String;Ljava/lang/String;)Lorg/xml/sax/InputSource;",
      "Lorg/xml/sax/ext/DefaultHandler2.startDTD(Ljava/lang/String;Ljava/lang/String;Ljava/lang/String;)V",
      "Lorg/xml/sax/helpers/DefaultHandler.characters([CII)V",
      "Lorg/xml/sax/helpers/DefaultHandler.endDocument()V",
      "Lorg/xml/sax/helpers/DefaultHandler.endElement(Ljava/lang/String;Ljava/lang/String;Ljava/lang/String;)V",
      "Lorg/xml/sax/helpers/DefaultHandler.endPrefixMapping(Ljava/lang/String;)V",
      "Lorg/xml/sax/helpers/DefaultHandler.error(Lorg/xml/sax/SAXParseException;)V",
      "Lorg/xml/sax/helpers/DefaultHandler.fatalError(Lorg/xml/sax/SAXParseException;)V",
      "Lorg/xml/sax/helpers/DefaultHandler.ignorableWhitespace([CII)V",
      "Lorg/xml/sax/helpers/DefaultHandler.notationDecl(Ljava/lang/String;Ljava/lang/String;Ljava/lang/String;)V",
      "Lorg/xml/sax/helpers/DefaultHandler.processingInstruction(Ljava/lang/String;Ljava/lang/String;)V",
      "Lorg/xml/sax/helpers/DefaultHandler.setDocumentLocator(Lorg/xml/sax/Locator;)V",
      "Lorg/xml/sax/helpers/DefaultHandler.skippedEntity(Ljava/lang/String;)V",
      "Lorg/xml/sax/helpers/DefaultHandler.startDocument()V",
      "Lorg/xml/sax/helpers/DefaultHandler.startElement(Ljava/lang/String;Ljava/lang/String;Ljava/lang/String;Lorg/xml/sax/Attributes;)V",
      "Lorg/xml/sax/helpers/DefaultHandler.startPrefixMapping(Ljava/lang/String;Ljava/lang/String;)V",
      "Lorg/xml/sax/helpers/DefaultHandler.unparsedEntityDecl(Ljava/lang/String;Ljava/lang/String;Ljava/lang/String;Ljava/lang/String;)V",
      "Lorg/xml/sax/helpers/DefaultHandler.warning(Lorg/xml/sax/SAXParseException;)V"
    ]
  },
  {
    "frequency": 1,
    "overriddenMethods": [
      "Lorg/xml/sax/ext/DefaultHandler2.resolveEntity(Ljava/lang/String;Ljava/lang/String;Ljava/lang/String;Ljava/lang/String;)Lorg/xml/sax/InputSource;",
      "Lorg/xml/sax/helpers/DefaultHandler.error(Lorg/xml/sax/SAXParseException;)V",
      "Lorg/xml/sax/helpers/DefaultHandler.fatalError(Lorg/xml/sax/SAXParseException;)V",
      "Lorg/xml/sax/helpers/DefaultHandler.setDocumentLocator(Lorg/xml/sax/Locator;)V",
      "Lorg/xml/sax/helpers/DefaultHandler.startElement(Ljava/lang/String;Ljava/lang/String;Ljava/lang/String;Lorg/xml/sax/Attributes;)V",
      "Lorg/xml/sax/helpers/DefaultHandler.warning(Lorg/xml/sax/SAXParseException;)V"
    ]
  },
  {
    "frequency": 1,
    "overriddenMethods": [
      "Lorg/xml/sax/ext/DefaultHandler2.resolveEntity(Ljava/lang/String;Ljava/lang/String;)Lorg/xml/sax/InputSource;",
      "Lorg/xml/sax/ext/DefaultHandler2.resolveEntity(Ljava/lang/String;Ljava/lang/String;Ljava/lang/String;Ljava/lang/String;)Lorg/xml/sax/InputSource;",
      "Lorg/xml/sax/helpers/DefaultHandler.startElement(Ljava/lang/String;Ljava/lang/String;Ljava/lang/String;Lorg/xml/sax/Attributes;)V"
    ]
  },
  {
    "frequency": 1,
    "overriddenMethods": [
      "Lorg/xml/sax/helpers/DefaultHandler.startElement(Ljava/lang/String;Ljava/lang/String;Ljava/lang/String;Lorg/xml/sax/Attributes;)V"
    ]
  },
  {
    "frequency": 1,
    "overriddenMethods": [
      "Lorg/xml/sax/ext/DefaultHandler2.comment([CII)V",
      "Lorg/xml/sax/helpers/DefaultHandler.characters([CII)V",
      "Lorg/xml/sax/helpers/DefaultHandler.endElement(Ljava/lang/String;Ljava/lang/String;Ljava/lang/String;)V",
      "Lorg/xml/sax/helpers/DefaultHandler.setDocumentLocator(Lorg/xml/sax/Locator;)V",
      "Lorg/xml/sax/helpers/DefaultHandler.startElement(Ljava/lang/String;Ljava/lang/String;Ljava/lang/String;Lorg/xml/sax/Attributes;)V"
    ]
  },
  {
    "frequency": 1,
    "overriddenMethods": [
      "Lorg/xml/sax/helpers/DefaultHandler.characters([CII)V",
      "Lorg/xml/sax/helpers/DefaultHandler.endElement(Ljava/lang/String;Ljava/lang/String;Ljava/lang/String;)V",
      "Lorg/xml/sax/helpers/DefaultHandler.startElement(Ljava/lang/String;Ljava/lang/String;Ljava/lang/String;Lorg/xml/sax/Attributes;)V"
    ]
  }
]