[
  {
    "frequency": 5,
    "overriddenMethods": [
      "Ljavafx/scene/control/Control.createDefaultSkin()Ljavafx/scene/control/Skin;",
      "Ljavafx/scene/layout/Region.getUserAgentStylesheet()Ljava/lang/String;"
    ]
  },
  {
    "frequency": 1,
    "overriddenMethods": [
      "Ljavafx/scene/control/Control.createDefaultSkin()Ljavafx/scene/control/Skin;",
      "Ljavafx/scene/control/Control.getControlCssMetaData()Ljava/util/List;"
    ]
  },
  {
    "frequency": 1,
    "overriddenMethods": [
      "Ljavafx/scene/control/Control.createDefaultSkin()Ljavafx/scene/control/Skin;",
      "Ljavafx/scene/control/Control.getControlCssMetaData()Ljava/util/List;",
      "Ljavafx/scene/layout/Region.getUserAgentStylesheet()Ljava/lang/String;"
    ]
  }
]