[
  {
    "frequency": 1,
    "overriddenMethods": [
      "Ljava/util/zip/InflaterInputStream.available()I"
    ]
  },
  {
    "frequency": 2,
    "overriddenMethods": [
      "Ljava/util/zip/InflaterInputStream.fill()V"
    ]
  },
  {
    "frequency": 3,
    "overriddenMethods": [
      "Ljava/util/zip/InflaterInputStream.close()V",
      "Ljava/util/zip/InflaterInputStream.read([BII)I"
    ]
  },
  {
    "frequency": 7,
    "overriddenMethods": [
      "Ljava/util/zip/InflaterInputStream.close()V"
    ]
  }
]