[
  {
    "frequency": 2,
    "overriddenMethods": [
      "Ljavax/swing/undo/AbstractUndoableEdit.getRedoPresentationName()Ljava/lang/String;",
      "Ljavax/swing/undo/AbstractUndoableEdit.getUndoPresentationName()Ljava/lang/String;",
      "Ljavax/swing/undo/AbstractUndoableEdit.redo()V",
      "Ljavax/swing/undo/AbstractUndoableEdit.undo()V"
    ]
  },
  {
    "frequency": 1,
    "overriddenMethods": [
      "Ljavax/swing/undo/AbstractUndoableEdit.canRedo()Z",
      "Ljavax/swing/undo/AbstractUndoableEdit.canUndo()Z",
      "Ljavax/swing/undo/AbstractUndoableEdit.redo()V",
      "Ljavax/swing/undo/AbstractUndoableEdit.undo()V"
    ]
  },
  {
    "frequency": 1,
    "overriddenMethods": [
      "Ljavax/swing/undo/AbstractUndoableEdit.die()V",
      "Ljavax/swing/undo/AbstractUndoableEdit.getRedoPresentationName()Ljava/lang/String;",
      "Ljavax/swing/undo/AbstractUndoableEdit.getUndoPresentationName()Ljava/lang/String;",
      "Ljavax/swing/undo/AbstractUndoableEdit.redo()V",
      "Ljavax/swing/undo/AbstractUndoableEdit.undo()V"
    ]
  }
]