[
  {
    "frequency": 1,
    "overriddenMethods": [
      "Ljava/awt/event/MouseAdapter.mouseDragged(Ljava/awt/event/MouseEvent;)V",
      "Ljava/awt/event/MouseAdapter.mouseEntered(Ljava/awt/event/MouseEvent;)V",
      "Ljava/awt/event/MouseAdapter.mouseExited(Ljava/awt/event/MouseEvent;)V",
      "Ljava/awt/event/MouseAdapter.mousePressed(Ljava/awt/event/MouseEvent;)V",
      "Ljava/awt/event/MouseAdapter.mouseReleased(Ljava/awt/event/MouseEvent;)V"
    ]
  },
  {
    "frequency": 1,
    "overriddenMethods": [
      "Ljava/awt/event/MouseAdapter.mouseClicked(Ljava/awt/event/MouseEvent;)V",
      "Ljava/awt/event/MouseAdapter.mousePressed(Ljava/awt/event/MouseEvent;)V",
      "Ljava/awt/event/MouseAdapter.mouseReleased(Ljava/awt/event/MouseEvent;)V"
    ]
  },
  {
    "frequency": 1,
    "overriddenMethods": [
      "Ljava/awt/event/MouseAdapter.mouseClicked(Ljava/awt/event/MouseEvent;)V",
      "Ljava/awt/event/MouseAdapter.mouseDragged(Ljava/awt/event/MouseEvent;)V",
      "Ljava/awt/event/MouseAdapter.mousePressed(Ljava/awt/event/MouseEvent;)V"
    ]
  },
  {
    "frequency": 4,
    "overriddenMethods": [
      "Ljava/awt/event/MouseAdapter.mouseDragged(Ljava/awt/event/MouseEvent;)V",
      "Ljava/awt/event/MouseAdapter.mousePressed(Ljava/awt/event/MouseEvent;)V",
      "Ljava/awt/event/MouseAdapter.mouseReleased(Ljava/awt/event/MouseEvent;)V"
    ]
  }
]