[
  {
    "frequency": 16,
    "overriddenMethods": []
  },
  {
    "frequency": 2,
    "overriddenMethods": [
      "Ljavax/management/NotificationBroadcasterSupport.getNotificationInfo()[Ljavax/management/MBeanNotificationInfo;",
      "Ljavax/management/NotificationBroadcasterSupport.removeNotificationListener(Ljavax/management/NotificationListener;Ljavax/management/NotificationFilter;Ljava/lang/Object;)V",
      "Ljavax/management/NotificationBroadcasterSupport.sendNotification(Ljavax/management/Notification;)V"
    ]
  },
  {
    "frequency": 4,
    "overriddenMethods": [
      "Ljavax/management/NotificationBroadcasterSupport.getNotificationInfo()[Ljavax/management/MBeanNotificationInfo;"
    ]
  }
]