[
  {
    "frequency": 1,
    "overriddenMethods": [
      "Ljavax/xml/transform/stream/StreamResult.getOutputStream()Ljava/io/OutputStream;",
      "Ljavax/xml/transform/stream/StreamResult.getWriter()Ljava/io/Writer;",
      "Ljavax/xml/transform/stream/StreamResult.setOutputStream(Ljava/io/OutputStream;)V",
      "Ljavax/xml/transform/stream/StreamResult.setWriter(Ljava/io/Writer;)V"
    ]
  },
  {
    "frequency": 2,
    "overriddenMethods": [
      "Ljava/lang/Object.toString()Ljava/lang/String;",
      "Ljavax/xml/transform/stream/StreamResult.getOutputStream()Ljava/io/OutputStream;",
      "Ljavax/xml/transform/stream/StreamResult.getWriter()Ljava/io/Writer;",
      "Ljavax/xml/transform/stream/StreamResult.setOutputStream(Ljava/io/OutputStream;)V",
      "Ljavax/xml/transform/stream/StreamResult.setWriter(Ljava/io/Writer;)V"
    ]
  },
  {
    "frequency": 1,
    "overriddenMethods": [
      "Ljava/lang/Object.toString()Ljava/lang/String;"
    ]
  }
]