[
  {
    "frequency": 13,
    "overriddenMethods": []
  },
  {
    "frequency": 2,
    "overriddenMethods": [
      "Ljava/io/BufferedReader.read()I",
      "Ljava/io/BufferedReader.read([CII)I"
    ]
  },
  {
    "frequency": 4,
    "overriddenMethods": [
      "Ljava/io/BufferedReader.close()V",
      "Ljava/io/BufferedReader.mark(I)V",
      "Ljava/io/BufferedReader.markSupported()Z",
      "Ljava/io/BufferedReader.read()I",
      "Ljava/io/BufferedReader.read([CII)I",
      "Ljava/io/BufferedReader.readLine()Ljava/lang/String;",
      "Ljava/io/BufferedReader.ready()Z",
      "Ljava/io/BufferedReader.reset()V",
      "Ljava/io/BufferedReader.skip(J)J",
      "Ljava/io/Reader.read([C)I",
      "Ljava/lang/Object.clone()Ljava/lang/Object;"
    ]
  },
  {
    "frequency": 3,
    "overriddenMethods": [
      "Ljava/io/BufferedReader.close()V",
      "Ljava/io/BufferedReader.mark(I)V",
      "Ljava/io/BufferedReader.read()I",
      "Ljava/io/BufferedReader.read([CII)I",
      "Ljava/io/BufferedReader.readLine()Ljava/lang/String;",
      "Ljava/io/BufferedReader.reset()V",
      "Ljava/io/BufferedReader.skip(J)J",
      "Ljava/io/Reader.read(Ljava/nio/CharBuffer;)I",
      "Ljava/io/Reader.read([C)I"
    ]
  },
  {
    "frequency": 2,
    "overriddenMethods": [
      "Ljava/io/BufferedReader.read()I"
    ]
  },
  {
    "frequency": 1,
    "overriddenMethods": [
      "Ljava/io/BufferedReader.close()V",
      "Ljava/io/BufferedReader.mark(I)V",
      "Ljava/io/BufferedReader.markSupported()Z",
      "Ljava/io/BufferedReader.read()I",
      "Ljava/io/BufferedReader.read([CII)I",
      "Ljava/io/BufferedReader.readLine()Ljava/lang/String;",
      "Ljava/io/BufferedReader.ready()Z",
      "Ljava/io/BufferedReader.reset()V",
      "Ljava/io/BufferedReader.skip(J)J",
      "Ljava/io/Reader.read([C)I"
    ]
  },
  {
    "frequency": 5,
    "overriddenMethods": [
      "Ljava/io/BufferedReader.readLine()Ljava/lang/String;"
    ]
  },
  {
    "frequency": 1,
    "overriddenMethods": [
      "Ljava/io/BufferedReader.close()V",
      "Ljava/io/BufferedReader.read()I",
      "Ljava/io/BufferedReader.read([CII)I",
      "Ljava/io/BufferedReader.readLine()Ljava/lang/String;",
      "Ljava/io/Reader.read([C)I"
    ]
  },
  {
    "frequency": 1,
    "overriddenMethods": [
      "Ljava/io/BufferedReader.read()I",
      "Ljava/io/BufferedReader.read([CII)I",
      "Ljava/io/BufferedReader.readLine()Ljava/lang/String;",
      "Ljava/io/Reader.read([C)I"
    ]
  },
  {
    "frequency": 1,
    "overriddenMethods": [
      "Ljava/io/BufferedReader.markSupported()Z",
      "Ljava/io/BufferedReader.read()I",
      "Ljava/io/BufferedReader.read([CII)I",
      "Ljava/io/BufferedReader.readLine()Ljava/lang/String;",
      "Ljava/io/BufferedReader.skip(J)J"
    ]
  },
  {
    "frequency": 18,
    "overriddenMethods": [
      "Ljava/io/BufferedReader.close()V"
    ]
  }
]