[
  {
    "frequency": 68,
    "overriddenMethods": []
  },
  {
    "frequency": 4,
    "overriddenMethods": [
      "Ljava/io/PrintWriter.checkError()Z",
      "Ljava/io/PrintWriter.close()V",
      "Ljava/io/PrintWriter.flush()V",
      "Ljava/io/PrintWriter.print(C)V",
      "Ljava/io/PrintWriter.print(D)V",
      "Ljava/io/PrintWriter.print(F)V",
      "Ljava/io/PrintWriter.print(I)V",
      "Ljava/io/PrintWriter.print(J)V",
      "Ljava/io/PrintWriter.print(Ljava/lang/Object;)V",
      "Ljava/io/PrintWriter.print(Ljava/lang/String;)V",
      "Ljava/io/PrintWriter.print(Z)V",
      "Ljava/io/PrintWriter.print([C)V",
      "Ljava/io/PrintWriter.println()V",
      "Ljava/io/PrintWriter.println(C)V",
      "Ljava/io/PrintWriter.println(D)V",
      "Ljava/io/PrintWriter.println(F)V",
      "Ljava/io/PrintWriter.println(I)V",
      "Ljava/io/PrintWriter.println(J)V",
      "Ljava/io/PrintWriter.println(Ljava/lang/Object;)V",
      "Ljava/io/PrintWriter.println(Ljava/lang/String;)V",
      "Ljava/io/PrintWriter.println(Z)V",
      "Ljava/io/PrintWriter.println([C)V",
      "Ljava/io/PrintWriter.write(I)V",
      "Ljava/io/PrintWriter.write(Ljava/lang/String;)V",
      "Ljava/io/PrintWriter.write(Ljava/lang/String;II)V",
      "Ljava/io/PrintWriter.write([C)V",
      "Ljava/io/PrintWriter.write([CII)V",
      "Ljava/lang/Object.clone()Ljava/lang/Object;"
    ]
  },
  {
    "frequency": 1,
    "overriddenMethods": [
      "Ljava/io/PrintWriter.print(C)V",
      "Ljava/io/PrintWriter.print(I)V",
      "Ljava/io/PrintWriter.print(Ljava/lang/String;)V",
      "Ljava/io/PrintWriter.print([C)V",
      "Ljava/io/PrintWriter.println(C)V",
      "Ljava/io/PrintWriter.println(I)V",
      "Ljava/io/PrintWriter.println(Ljava/lang/String;)V",
      "Ljava/io/PrintWriter.println([C)V",
      "Ljava/io/PrintWriter.write(I)V",
      "Ljava/io/PrintWriter.write(Ljava/lang/String;)V",
      "Ljava/io/PrintWriter.write(Ljava/lang/String;II)V"
    ]
  },
  {
    "frequency": 3,
    "overriddenMethods": [
      "Ljava/io/PrintWriter.println()V"
    ]
  },
  {
    "frequency": 1,
    "overriddenMethods": [
      "Ljava/io/PrintWriter.print(Ljava/lang/String;)V"
    ]
  },
  {
    "frequency": 8,
    "overriddenMethods": [
      "Ljava/io/PrintWriter.checkError()Z",
      "Ljava/io/PrintWriter.close()V",
      "Ljava/io/PrintWriter.flush()V",
      "Ljava/io/PrintWriter.print(C)V",
      "Ljava/io/PrintWriter.print(D)V",
      "Ljava/io/PrintWriter.print(F)V",
      "Ljava/io/PrintWriter.print(I)V",
      "Ljava/io/PrintWriter.print(J)V",
      "Ljava/io/PrintWriter.print(Ljava/lang/Object;)V",
      "Ljava/io/PrintWriter.print(Ljava/lang/String;)V",
      "Ljava/io/PrintWriter.print(Z)V",
      "Ljava/io/PrintWriter.print([C)V",
      "Ljava/io/PrintWriter.println()V",
      "Ljava/io/PrintWriter.println(C)V",
      "Ljava/io/PrintWriter.println(D)V",
      "Ljava/io/PrintWriter.println(F)V",
      "Ljava/io/PrintWriter.println(I)V",
      "Ljava/io/PrintWriter.println(J)V",
      "Ljava/io/PrintWriter.println(Ljava/lang/Object;)V",
      "Ljava/io/PrintWriter.println(Ljava/lang/String;)V",
      "Ljava/io/PrintWriter.println(Z)V",
      "Ljava/io/PrintWriter.println([C)V",
      "Ljava/io/PrintWriter.write(I)V",
      "Ljava/io/PrintWriter.write(Ljava/lang/String;)V",
      "Ljava/io/PrintWriter.write(Ljava/lang/String;II)V",
      "Ljava/io/PrintWriter.write([C)V",
      "Ljava/io/PrintWriter.write([CII)V"
    ]
  },
  {
    "frequency": 3,
    "overriddenMethods": [
      "Ljava/io/PrintWriter.append(C)Ljava/io/PrintWriter;",
      "Ljava/io/PrintWriter.append(C)Ljava/io/Writer;",
      "Ljava/io/PrintWriter.append(C)Ljava/lang/Appendable;",
      "Ljava/io/PrintWriter.append(Ljava/lang/CharSequence;)Ljava/io/PrintWriter;",
      "Ljava/io/PrintWriter.append(Ljava/lang/CharSequence;)Ljava/io/Writer;",
      "Ljava/io/PrintWriter.append(Ljava/lang/CharSequence;)Ljava/lang/Appendable;",
      "Ljava/io/PrintWriter.append(Ljava/lang/CharSequence;II)Ljava/io/PrintWriter;",
      "Ljava/io/PrintWriter.append(Ljava/lang/CharSequence;II)Ljava/io/Writer;",
      "Ljava/io/PrintWriter.append(Ljava/lang/CharSequence;II)Ljava/lang/Appendable;",
      "Ljava/io/PrintWriter.close()V",
      "Ljava/io/PrintWriter.flush()V",
      "Ljava/io/PrintWriter.print(C)V",
      "Ljava/io/PrintWriter.print(D)V",
      "Ljava/io/PrintWriter.print(F)V",
      "Ljava/io/PrintWriter.print(I)V",
      "Ljava/io/PrintWriter.print(J)V",
      "Ljava/io/PrintWriter.print(Ljava/lang/Object;)V",
      "Ljava/io/PrintWriter.print(Ljava/lang/String;)V",
      "Ljava/io/PrintWriter.print(Z)V",
      "Ljava/io/PrintWriter.print([C)V",
      "Ljava/io/PrintWriter.printf(Ljava/lang/String;[Ljava/lang/Object;)Ljava/io/PrintWriter;",
      "Ljava/io/PrintWriter.printf(Ljava/util/Locale;Ljava/lang/String;[Ljava/lang/Object;)Ljava/io/PrintWriter;",
      "Ljava/io/PrintWriter.println()V",
      "Ljava/io/PrintWriter.println(C)V",
      "Ljava/io/PrintWriter.println(D)V",
      "Ljava/io/PrintWriter.println(F)V",
      "Ljava/io/PrintWriter.println(I)V",
      "Ljava/io/PrintWriter.println(J)V",
      "Ljava/io/PrintWriter.println(Ljava/lang/Object;)V",
      "Ljava/io/PrintWriter.println(Ljava/lang/String;)V",
      "Ljava/io/PrintWriter.println(Z)V",
      "Ljava/io/PrintWriter.println([C)V",
      "Ljava/io/PrintWriter.write(I)V",
      "Ljava/io/PrintWriter.write(Ljava/lang/String;)V",
      "Ljava/io/PrintWriter.write(Ljava/lang/String;II)V",
      "Ljava/io/PrintWriter.write([C)V",
      "Ljava/io/PrintWriter.write([CII)V"
    ]
  },
  {
    "frequency": 1,
    "overriddenMethods": [
      "Ljava/io/PrintWriter.flush()V",
      "Ljava/io/PrintWriter.write(I)V",
      "Ljava/io/PrintWriter.write(Ljava/lang/String;II)V",
      "Ljava/io/PrintWriter.write([CII)V"
    ]
  },
  {
    "frequency": 1,
    "overriddenMethods": [
      "Ljava/io/PrintWriter.println(Ljava/lang/Object;)V",
      "Ljava/io/PrintWriter.println(Ljava/lang/String;)V",
      "Ljava/io/PrintWriter.println([C)V"
    ]
  },
  {
    "frequency": 2,
    "overriddenMethods": [
      "Ljava/io/PrintWriter.println(Ljava/lang/String;)V"
    ]
  },
  {
    "frequency": 6,
    "overriddenMethods": [
      "Ljava/io/PrintWriter.close()V",
      "Ljava/io/PrintWriter.flush()V",
      "Ljava/io/PrintWriter.print(C)V",
      "Ljava/io/PrintWriter.print(D)V",
      "Ljava/io/PrintWriter.print(F)V",
      "Ljava/io/PrintWriter.print(I)V",
      "Ljava/io/PrintWriter.print(J)V",
      "Ljava/io/PrintWriter.print(Ljava/lang/Object;)V",
      "Ljava/io/PrintWriter.print(Ljava/lang/String;)V",
      "Ljava/io/PrintWriter.print(Z)V",
      "Ljava/io/PrintWriter.print([C)V",
      "Ljava/io/PrintWriter.println()V",
      "Ljava/io/PrintWriter.println(C)V",
      "Ljava/io/PrintWriter.println(D)V",
      "Ljava/io/PrintWriter.println(F)V",
      "Ljava/io/PrintWriter.println(I)V",
      "Ljava/io/PrintWriter.println(J)V",
      "Ljava/io/PrintWriter.println(Ljava/lang/Object;)V",
      "Ljava/io/PrintWriter.println(Ljava/lang/String;)V",
      "Ljava/io/PrintWriter.println(Z)V",
      "Ljava/io/PrintWriter.println([C)V",
      "Ljava/io/PrintWriter.write(I)V",
      "Ljava/io/PrintWriter.write(Ljava/lang/String;)V",
      "Ljava/io/PrintWriter.write(Ljava/lang/String;II)V",
      "Ljava/io/PrintWriter.write([C)V",
      "Ljava/io/PrintWriter.write([CII)V"
    ]
  },
  {
    "frequency": 30,
    "overriddenMethods": [
      "Ljava/io/PrintWriter.close()V"
    ]
  },
  {
    "frequency": 1,
    "overriddenMethods": [
      "Ljava/io/PrintWriter.checkError()Z",
      "Ljava/io/PrintWriter.clearError()V",
      "Ljava/io/PrintWriter.close()V",
      "Ljava/io/PrintWriter.flush()V",
      "Ljava/io/PrintWriter.format(Ljava/lang/String;[Ljava/lang/Object;)Ljava/io/PrintWriter;",
      "Ljava/io/PrintWriter.format(Ljava/util/Locale;Ljava/lang/String;[Ljava/lang/Object;)Ljava/io/PrintWriter;",
      "Ljava/io/PrintWriter.print(C)V",
      "Ljava/io/PrintWriter.print(D)V",
      "Ljava/io/PrintWriter.print(F)V",
      "Ljava/io/PrintWriter.print(I)V",
      "Ljava/io/PrintWriter.print(J)V",
      "Ljava/io/PrintWriter.print(Ljava/lang/Object;)V",
      "Ljava/io/PrintWriter.print(Ljava/lang/String;)V",
      "Ljava/io/PrintWriter.print(Z)V",
      "Ljava/io/PrintWriter.print([C)V",
      "Ljava/io/PrintWriter.printf(Ljava/lang/String;[Ljava/lang/Object;)Ljava/io/PrintWriter;",
      "Ljava/io/PrintWriter.printf(Ljava/util/Locale;Ljava/lang/String;[Ljava/lang/Object;)Ljava/io/PrintWriter;",
      "Ljava/io/PrintWriter.println()V",
      "Ljava/io/PrintWriter.println(C)V",
      "Ljava/io/PrintWriter.println(D)V",
      "Ljava/io/PrintWriter.println(F)V",
      "Ljava/io/PrintWriter.println(I)V",
      "Ljava/io/PrintWriter.println(J)V",
      "Ljava/io/PrintWriter.println(Ljava/lang/Object;)V",
      "Ljava/io/PrintWriter.println(Ljava/lang/String;)V",
      "Ljava/io/PrintWriter.println(Z)V",
      "Ljava/io/PrintWriter.println([C)V",
      "Ljava/io/PrintWriter.setError()V",
      "Ljava/io/PrintWriter.write(I)V",
      "Ljava/io/PrintWriter.write(Ljava/lang/String;)V",
      "Ljava/io/PrintWriter.write(Ljava/lang/String;II)V",
      "Ljava/io/PrintWriter.write([C)V",
      "Ljava/io/PrintWriter.write([CII)V"
    ]
  },
  {
    "frequency": 23,
    "overriddenMethods": [
      "Ljava/io/PrintWriter.println()V",
      "Ljava/io/PrintWriter.write(I)V",
      "Ljava/io/PrintWriter.write(Ljava/lang/String;II)V",
      "Ljava/io/PrintWriter.write([CII)V"
    ]
  },
  {
    "frequency": 5,
    "overriddenMethods": [
      "Ljava/io/PrintWriter.write(Ljava/lang/String;)V"
    ]
  },
  {
    "frequency": 1,
    "overriddenMethods": [
      "Ljava/io/PrintWriter.print(C)V",
      "Ljava/io/PrintWriter.print(D)V",
      "Ljava/io/PrintWriter.print(F)V",
      "Ljava/io/PrintWriter.print(I)V",
      "Ljava/io/PrintWriter.print(J)V",
      "Ljava/io/PrintWriter.print(Ljava/lang/Object;)V",
      "Ljava/io/PrintWriter.print(Ljava/lang/String;)V",
      "Ljava/io/PrintWriter.print(Z)V",
      "Ljava/io/PrintWriter.print([C)V",
      "Ljava/io/PrintWriter.println()V",
      "Ljava/io/PrintWriter.println(Ljava/lang/String;)V"
    ]
  },
  {
    "frequency": 6,
    "overriddenMethods": [
      "Ljava/io/PrintWriter.checkError()Z",
      "Ljava/io/PrintWriter.close()V",
      "Ljava/io/PrintWriter.flush()V",
      "Ljava/io/PrintWriter.print(C)V",
      "Ljava/io/PrintWriter.print(D)V",
      "Ljava/io/PrintWriter.print(F)V",
      "Ljava/io/PrintWriter.print(I)V",
      "Ljava/io/PrintWriter.print(J)V",
      "Ljava/io/PrintWriter.print(Ljava/lang/Object;)V",
      "Ljava/io/PrintWriter.print(Ljava/lang/String;)V",
      "Ljava/io/PrintWriter.print(Z)V",
      "Ljava/io/PrintWriter.print([C)V",
      "Ljava/io/PrintWriter.println()V",
      "Ljava/io/PrintWriter.println(C)V",
      "Ljava/io/PrintWriter.println(D)V",
      "Ljava/io/PrintWriter.println(F)V",
      "Ljava/io/PrintWriter.println(I)V",
      "Ljava/io/PrintWriter.println(J)V",
      "Ljava/io/PrintWriter.println(Ljava/lang/Object;)V",
      "Ljava/io/PrintWriter.println(Ljava/lang/String;)V",
      "Ljava/io/PrintWriter.println(Z)V",
      "Ljava/io/PrintWriter.println([C)V",
      "Ljava/io/PrintWriter.setError()V",
      "Ljava/io/PrintWriter.write(I)V",
      "Ljava/io/PrintWriter.write(Ljava/lang/String;)V",
      "Ljava/io/PrintWriter.write(Ljava/lang/String;II)V",
      "Ljava/io/PrintWriter.write([C)V",
      "Ljava/io/PrintWriter.write([CII)V"
    ]
  },
  {
    "frequency": 4,
    "overriddenMethods": [
      "Ljava/io/PrintWriter.checkError()Z",
      "Ljava/io/PrintWriter.close()V",
      "Ljava/io/PrintWriter.flush()V",
      "Ljava/io/PrintWriter.format(Ljava/lang/String;[Ljava/lang/Object;)Ljava/io/PrintWriter;",
      "Ljava/io/PrintWriter.format(Ljava/util/Locale;Ljava/lang/String;[Ljava/lang/Object;)Ljava/io/PrintWriter;",
      "Ljava/io/PrintWriter.println()V",
      "Ljava/io/PrintWriter.write(I)V",
      "Ljava/io/PrintWriter.write(Ljava/lang/String;II)V",
      "Ljava/io/PrintWriter.write([C)V",
      "Ljava/io/PrintWriter.write([CII)V"
    ]
  },
  {
    "frequency": 4,
    "overriddenMethods": [
      "Ljava/io/PrintWriter.ensureOpen()V",
      "Ljava/io/PrintWriter.println()V"
    ]
  },
  {
    "frequency": 21,
    "overriddenMethods": [
      "Ljava/io/PrintWriter.print(Ljava/lang/Object;)V",
      "Ljava/io/PrintWriter.print(Ljava/lang/String;)V",
      "Ljava/io/PrintWriter.print([C)V",
      "Ljava/io/PrintWriter.println(Ljava/lang/Object;)V",
      "Ljava/io/PrintWriter.println(Ljava/lang/String;)V",
      "Ljava/io/PrintWriter.println([C)V",
      "Ljava/io/PrintWriter.write(Ljava/lang/String;)V",
      "Ljava/io/PrintWriter.write(Ljava/lang/String;II)V",
      "Ljava/io/PrintWriter.write([C)V",
      "Ljava/io/PrintWriter.write([CII)V"
    ]
  },
  {
    "frequency": 1,
    "overriddenMethods": [
      "Ljava/lang/Object.toString()Ljava/lang/String;"
    ]
  },
  {
    "frequency": 3,
    "overriddenMethods": [
      "Ljava/io/PrintWriter.write(I)V",
      "Ljava/io/PrintWriter.write(Ljava/lang/String;II)V",
      "Ljava/io/PrintWriter.write([CII)V"
    ]
  },
  {
    "frequency": 1,
    "overriddenMethods": [
      "Ljava/io/PrintWriter.append(C)Ljava/io/PrintWriter;",
      "Ljava/io/PrintWriter.append(C)Ljava/io/Writer;",
      "Ljava/io/PrintWriter.append(C)Ljava/lang/Appendable;",
      "Ljava/io/PrintWriter.append(Ljava/lang/CharSequence;)Ljava/io/PrintWriter;",
      "Ljava/io/PrintWriter.append(Ljava/lang/CharSequence;)Ljava/io/Writer;",
      "Ljava/io/PrintWriter.append(Ljava/lang/CharSequence;)Ljava/lang/Appendable;",
      "Ljava/io/PrintWriter.append(Ljava/lang/CharSequence;II)Ljava/io/PrintWriter;",
      "Ljava/io/PrintWriter.append(Ljava/lang/CharSequence;II)Ljava/io/Writer;",
      "Ljava/io/PrintWriter.append(Ljava/lang/CharSequence;II)Ljava/lang/Appendable;",
      "Ljava/io/PrintWriter.checkError()Z",
      "Ljava/io/PrintWriter.close()V",
      "Ljava/io/PrintWriter.flush()V",
      "Ljava/io/PrintWriter.format(Ljava/lang/String;[Ljava/lang/Object;)Ljava/io/PrintWriter;",
      "Ljava/io/PrintWriter.format(Ljava/util/Locale;Ljava/lang/String;[Ljava/lang/Object;)Ljava/io/PrintWriter;",
      "Ljava/io/PrintWriter.print(C)V",
      "Ljava/io/PrintWriter.print(D)V",
      "Ljava/io/PrintWriter.print(F)V",
      "Ljava/io/PrintWriter.print(I)V",
      "Ljava/io/PrintWriter.print(J)V",
      "Ljava/io/PrintWriter.print(Ljava/lang/Object;)V",
      "Ljava/io/PrintWriter.print(Ljava/lang/String;)V",
      "Ljava/io/PrintWriter.print(Z)V",
      "Ljava/io/PrintWriter.print([C)V",
      "Ljava/io/PrintWriter.printf(Ljava/lang/String;[Ljava/lang/Object;)Ljava/io/PrintWriter;",
      "Ljava/io/PrintWriter.printf(Ljava/util/Locale;Ljava/lang/String;[Ljava/lang/Object;)Ljava/io/PrintWriter;",
      "Ljava/io/PrintWriter.println()V",
      "Ljava/io/PrintWriter.println(C)V",
      "Ljava/io/PrintWriter.println(D)V",
      "Ljava/io/PrintWriter.println(F)V",
      "Ljava/io/PrintWriter.println(I)V",
      "Ljava/io/PrintWriter.println(J)V",
      "Ljava/io/PrintWriter.println(Ljava/lang/Object;)V",
      "Ljava/io/PrintWriter.println(Ljava/lang/String;)V",
      "Ljava/io/PrintWriter.println(Z)V",
      "Ljava/io/PrintWriter.println([C)V",
      "Ljava/io/PrintWriter.write(I)V",
      "Ljava/io/PrintWriter.write(Ljava/lang/String;)V",
      "Ljava/io/PrintWriter.write(Ljava/lang/String;II)V",
      "Ljava/io/PrintWriter.write([C)V",
      "Ljava/io/PrintWriter.write([CII)V",
      "Ljava/lang/Object.equals(Ljava/lang/Object;)Z",
      "Ljava/lang/Object.hashCode()I",
      "Ljava/lang/Object.toString()Ljava/lang/String;"
    ]
  },
  {
    "frequency": 1,
    "overriddenMethods": [
      "Ljava/io/PrintWriter.format(Ljava/lang/String;[Ljava/lang/Object;)Ljava/io/PrintWriter;",
      "Ljava/io/PrintWriter.format(Ljava/util/Locale;Ljava/lang/String;[Ljava/lang/Object;)Ljava/io/PrintWriter;",
      "Ljava/io/PrintWriter.println()V",
      "Ljava/io/PrintWriter.write(I)V",
      "Ljava/io/PrintWriter.write(Ljava/lang/String;)V",
      "Ljava/io/PrintWriter.write(Ljava/lang/String;II)V",
      "Ljava/io/PrintWriter.write([C)V",
      "Ljava/io/PrintWriter.write([CII)V"
    ]
  },
  {
    "frequency": 2,
    "overriddenMethods": [
      "Ljava/io/PrintWriter.format(Ljava/lang/String;[Ljava/lang/Object;)Ljava/io/PrintWriter;",
      "Ljava/io/PrintWriter.format(Ljava/util/Locale;Ljava/lang/String;[Ljava/lang/Object;)Ljava/io/PrintWriter;",
      "Ljava/io/PrintWriter.write(Ljava/lang/String;)V"
    ]
  },
  {
    "frequency": 6,
    "overriddenMethods": [
      "Ljava/io/PrintWriter.flush()V"
    ]
  },
  {
    "frequency": 1,
    "overriddenMethods": [
      "Ljava/io/PrintWriter.println()V",
      "Ljava/io/PrintWriter.write(Ljava/lang/String;II)V",
      "Ljava/io/PrintWriter.write([CII)V"
    ]
  },
  {
    "frequency": 5,
    "overriddenMethods": [
      "Ljava/io/PrintWriter.print(Ljava/lang/Object;)V",
      "Ljava/io/PrintWriter.println(Ljava/lang/Object;)V"
    ]
  },
  {
    "frequency": 5,
    "overriddenMethods": [
      "Ljava/io/PrintWriter.print(C)V",
      "Ljava/io/PrintWriter.print(D)V",
      "Ljava/io/PrintWriter.print(F)V",
      "Ljava/io/PrintWriter.print(I)V",
      "Ljava/io/PrintWriter.print(J)V",
      "Ljava/io/PrintWriter.print(Ljava/lang/Object;)V",
      "Ljava/io/PrintWriter.print(Ljava/lang/String;)V",
      "Ljava/io/PrintWriter.print(Z)V",
      "Ljava/io/PrintWriter.print([C)V",
      "Ljava/io/PrintWriter.println()V",
      "Ljava/io/PrintWriter.println(C)V",
      "Ljava/io/PrintWriter.println(D)V",
      "Ljava/io/PrintWriter.println(F)V",
      "Ljava/io/PrintWriter.println(I)V",
      "Ljava/io/PrintWriter.println(J)V",
      "Ljava/io/PrintWriter.println(Ljava/lang/Object;)V",
      "Ljava/io/PrintWriter.println(Ljava/lang/String;)V",
      "Ljava/io/PrintWriter.println(Z)V",
      "Ljava/io/PrintWriter.println([C)V",
      "Ljava/io/PrintWriter.write(I)V",
      "Ljava/io/PrintWriter.write(Ljava/lang/String;)V",
      "Ljava/io/PrintWriter.write(Ljava/lang/String;II)V",
      "Ljava/io/PrintWriter.write([C)V",
      "Ljava/io/PrintWriter.write([CII)V"
    ]
  },
  {
    "frequency": 1,
    "overriddenMethods": [
      "Ljava/io/PrintWriter.write(I)V",
      "Ljava/io/PrintWriter.write(Ljava/lang/String;)V",
      "Ljava/io/PrintWriter.write(Ljava/lang/String;II)V",
      "Ljava/io/PrintWriter.write([C)V",
      "Ljava/io/PrintWriter.write([CII)V",
      "Ljava/lang/Object.toString()Ljava/lang/String;"
    ]
  }
]