[
  {
    "frequency": 2,
    "overriddenMethods": [
      "Ljava/awt/event/ComponentAdapter.componentResized(Ljava/awt/event/ComponentEvent;)V",
      "Ljava/awt/event/ComponentAdapter.componentShown(Ljava/awt/event/ComponentEvent;)V"
    ]
  },
  {
    "frequency": 9,
    "overriddenMethods": [
      "Ljava/awt/event/ComponentAdapter.componentHidden(Ljava/awt/event/ComponentEvent;)V"
    ]
  },
  {
    "frequency": 2,
    "overriddenMethods": [
      "Ljava/awt/event/ComponentAdapter.componentHidden(Ljava/awt/event/ComponentEvent;)V",
      "Ljava/awt/event/ComponentAdapter.componentShown(Ljava/awt/event/ComponentEvent;)V"
    ]
  },
  {
    "frequency": 7,
    "overriddenMethods": [
      "Ljava/awt/event/ComponentAdapter.componentMoved(Ljava/awt/event/ComponentEvent;)V",
      "Ljava/awt/event/ComponentAdapter.componentResized(Ljava/awt/event/ComponentEvent;)V"
    ]
  },
  {
    "frequency": 59,
    "overriddenMethods": [
      "Ljava/awt/event/ComponentAdapter.componentResized(Ljava/awt/event/ComponentEvent;)V"
    ]
  },
  {
    "frequency": 2,
    "overriddenMethods": [
      "Ljava/awt/event/ComponentAdapter.componentShown(Ljava/awt/event/ComponentEvent;)V"
    ]
  },
  {
    "frequency": 3,
    "overriddenMethods": [
      "Ljava/awt/event/ComponentAdapter.componentMoved(Ljava/awt/event/ComponentEvent;)V"
    ]
  },
  {
    "frequency": 2,
    "overriddenMethods": [
      "Ljava/awt/event/ComponentAdapter.componentHidden(Ljava/awt/event/ComponentEvent;)V",
      "Ljava/awt/event/ComponentAdapter.componentResized(Ljava/awt/event/ComponentEvent;)V",
      "Ljava/awt/event/ComponentAdapter.componentShown(Ljava/awt/event/ComponentEvent;)V"
    ]
  }
]