[
  {
    "frequency": 6,
    "overriddenMethods": [
      "Ljava/awt/event/KeyAdapter.keyReleased(Ljava/awt/event/KeyEvent;)V"
    ]
  },
  {
    "frequency": 1,
    "overriddenMethods": []
  },
  {
    "frequency": 31,
    "overriddenMethods": [
      "Ljava/awt/event/KeyAdapter.keyTyped(Ljava/awt/event/KeyEvent;)V"
    ]
  },
  {
    "frequency": 66,
    "overriddenMethods": [
      "Ljava/awt/event/KeyAdapter.keyPressed(Ljava/awt/event/KeyEvent;)V"
    ]
  },
  {
    "frequency": 1,
    "overriddenMethods": [
      "Ljava/awt/event/KeyAdapter.keyPressed(Ljava/awt/event/KeyEvent;)V",
      "Ljava/awt/event/KeyAdapter.keyTyped(Ljava/awt/event/KeyEvent;)V"
    ]
  },
  {
    "frequency": 1,
    "overriddenMethods": [
      "Ljava/awt/event/KeyAdapter.keyPressed(Ljava/awt/event/KeyEvent;)V",
      "Ljava/awt/event/KeyAdapter.keyReleased(Ljava/awt/event/KeyEvent;)V",
      "Ljava/awt/event/KeyAdapter.keyTyped(Ljava/awt/event/KeyEvent;)V"
    ]
  },
  {
    "frequency": 3,
    "overriddenMethods": [
      "Ljava/awt/event/KeyAdapter.keyPressed(Ljava/awt/event/KeyEvent;)V",
      "Ljava/awt/event/KeyAdapter.keyReleased(Ljava/awt/event/KeyEvent;)V"
    ]
  },
  {
    "frequency": 2,
    "overriddenMethods": [
      "Ljava/awt/event/KeyAdapter.keyPressed(Ljava/awt/event/KeyEvent;)V",
      "Ljava/lang/Object.toString()Ljava/lang/String;"
    ]
  }
]