[
  {
    "frequency": 1,
    "overriddenMethods": []
  },
  {
    "frequency": 2,
    "overriddenMethods": [
      "Ljava/awt/event/WindowAdapter.windowDeactivated(Ljava/awt/event/WindowEvent;)V"
    ]
  },
  {
    "frequency": 3,
    "overriddenMethods": [
      "Ljava/awt/event/WindowAdapter.windowActivated(Ljava/awt/event/WindowEvent;)V",
      "Ljava/awt/event/WindowAdapter.windowClosed(Ljava/awt/event/WindowEvent;)V",
      "Ljava/awt/event/WindowAdapter.windowClosing(Ljava/awt/event/WindowEvent;)V",
      "Ljava/awt/event/WindowAdapter.windowOpened(Ljava/awt/event/WindowEvent;)V"
    ]
  },
  {
    "frequency": 20,
    "overriddenMethods": [
      "Ljava/awt/event/WindowAdapter.windowClosed(Ljava/awt/event/WindowEvent;)V"
    ]
  },
  {
    "frequency": 1,
    "overriddenMethods": [
      "Ljava/awt/event/WindowAdapter.windowGainedFocus(Ljava/awt/event/WindowEvent;)V"
    ]
  },
  {
    "frequency": 4,
    "overriddenMethods": [
      "Ljava/awt/event/WindowAdapter.windowClosing(Ljava/awt/event/WindowEvent;)V",
      "Ljava/awt/event/WindowAdapter.windowOpened(Ljava/awt/event/WindowEvent;)V"
    ]
  },
  {
    "frequency": 1,
    "overriddenMethods": [
      "Ljava/awt/event/WindowAdapter.windowActivated(Ljava/awt/event/WindowEvent;)V",
      "Ljava/awt/event/WindowAdapter.windowClosing(Ljava/awt/event/WindowEvent;)V",
      "Ljava/awt/event/WindowAdapter.windowOpened(Ljava/awt/event/WindowEvent;)V"
    ]
  },
  {
    "frequency": 8,
    "overriddenMethods": [
      "Ljava/awt/event/WindowAdapter.windowOpened(Ljava/awt/event/WindowEvent;)V"
    ]
  },
  {
    "frequency": 1,
    "overriddenMethods": [
      "Ljava/awt/event/WindowAdapter.windowActivated(Ljava/awt/event/WindowEvent;)V",
      "Ljava/awt/event/WindowAdapter.windowClosed(Ljava/awt/event/WindowEvent;)V"
    ]
  },
  {
    "frequency": 2,
    "overriddenMethods": [
      "Ljava/awt/event/WindowAdapter.windowActivated(Ljava/awt/event/WindowEvent;)V",
      "Ljava/awt/event/WindowAdapter.windowClosing(Ljava/awt/event/WindowEvent;)V",
      "Ljava/awt/event/WindowAdapter.windowDeiconified(Ljava/awt/event/WindowEvent;)V",
      "Ljava/awt/event/WindowAdapter.windowIconified(Ljava/awt/event/WindowEvent;)V"
    ]
  },
  {
    "frequency": 1,
    "overriddenMethods": [
      "Ljava/awt/event/WindowAdapter.windowActivated(Ljava/awt/event/WindowEvent;)V",
      "Ljava/awt/event/WindowAdapter.windowClosed(Ljava/awt/event/WindowEvent;)V",
      "Ljava/awt/event/WindowAdapter.windowDeactivated(Ljava/awt/event/WindowEvent;)V",
      "Ljava/awt/event/WindowAdapter.windowOpened(Ljava/awt/event/WindowEvent;)V"
    ]
  },
  {
    "frequency": 1,
    "overriddenMethods": [
      "Ljava/awt/event/WindowAdapter.windowClosed(Ljava/awt/event/WindowEvent;)V",
      "Ljava/awt/event/WindowAdapter.windowClosing(Ljava/awt/event/WindowEvent;)V"
    ]
  },
  {
    "frequency": 1,
    "overriddenMethods": [
      "Ljava/awt/event/WindowAdapter.windowClosed(Ljava/awt/event/WindowEvent;)V",
      "Ljava/awt/event/WindowAdapter.windowOpened(Ljava/awt/event/WindowEvent;)V"
    ]
  },
  {
    "frequency": 332,
    "overriddenMethods": [
      "Ljava/awt/event/WindowAdapter.windowClosing(Ljava/awt/event/WindowEvent;)V"
    ]
  },
  {
    "frequency": 1,
    "overriddenMethods": [
      "Ljava/awt/event/WindowAdapter.windowActivated(Ljava/awt/event/WindowEvent;)V",
      "Ljava/awt/event/WindowAdapter.windowDeactivated(Ljava/awt/event/WindowEvent;)V"
    ]
  }
]