[
  {
    "frequency": 1,
    "overriddenMethods": [
      "Ljavax/swing/plaf/basic/BasicSplitPaneDivider.paint(Ljava/awt/Graphics;)V",
      "Ljavax/swing/plaf/basic/BasicSplitPaneDivider.setDividerSize(I)V"
    ]
  },
  {
    "frequency": 1,
    "overriddenMethods": [
      "Ljavax/swing/plaf/basic/BasicSplitPaneDivider.createLeftOneTouchButton()Ljavax/swing/JButton;",
      "Ljavax/swing/plaf/basic/BasicSplitPaneDivider.createRightOneTouchButton()Ljavax/swing/JButton;",
      "Ljavax/swing/plaf/basic/BasicSplitPaneDivider.paint(Ljava/awt/Graphics;)V",
      "Ljavax/swing/plaf/basic/BasicSplitPaneDivider.setBasicSplitPaneUI(Ljavax/swing/plaf/basic/BasicSplitPaneUI;)V"
    ]
  },
  {
    "frequency": 1,
    "overriddenMethods": [
      "Ljavax/swing/plaf/basic/BasicSplitPaneDivider.paint(Ljava/awt/Graphics;)V"
    ]
  }
]