[
  {
    "frequency": 11,
    "overriddenMethods": []
  },
  {
    "frequency": 4,
    "overriddenMethods": [
      "Ljavafx/scene/Node.getCssMetaData()Ljava/util/List;"
    ]
  },
  {
    "frequency": 1,
    "overriddenMethods": [
      "Ljavafx/scene/Node.isResizable()Z",
      "Ljavafx/scene/Node.resize(DD)V"
    ]
  },
  {
    "frequency": 1,
    "overriddenMethods": [
      "Ljavafx/scene/Group.minHeight(D)D",
      "Ljavafx/scene/Group.minWidth(D)D",
      "Ljavafx/scene/Node.maxHeight(D)D",
      "Ljavafx/scene/Node.maxWidth(D)D"
    ]
  },
  {
    "frequency": 2,
    "overriddenMethods": [
      "Ljavafx/scene/Group.layoutChildren()V",
      "Ljavafx/scene/Group.minHeight(D)D",
      "Ljavafx/scene/Group.minWidth(D)D",
      "Ljavafx/scene/Group.prefHeight(D)D",
      "Ljavafx/scene/Group.prefWidth(D)D",
      "Ljavafx/scene/Node.isResizable()Z",
      "Ljavafx/scene/Node.maxHeight(D)D",
      "Ljavafx/scene/Node.maxWidth(D)D",
      "Ljavafx/scene/Node.resize(DD)V"
    ]
  }
]