[
  {
    "frequency": 21,
    "overriddenMethods": []
  },
  {
    "frequency": 1,
    "overriddenMethods": [
      "Ljava/io/File.canRead()Z",
      "Ljava/io/File.canWrite()Z",
      "Ljava/io/File.createNewFile()Z",
      "Ljava/io/File.delete()Z",
      "Ljava/io/File.exists()Z",
      "Ljava/io/File.getAbsoluteFile()Ljava/io/File;",
      "Ljava/io/File.getCanonicalFile()Ljava/io/File;",
      "Ljava/io/File.getCanonicalPath()Ljava/lang/String;",
      "Ljava/io/File.getParentFile()Ljava/io/File;",
      "Ljava/io/File.isDirectory()Z",
      "Ljava/io/File.isFile()Z",
      "Ljava/io/File.isHidden()Z",
      "Ljava/io/File.lastModified()J",
      "Ljava/io/File.length()J",
      "Ljava/io/File.list()[Ljava/lang/String;",
      "Ljava/io/File.list(Ljava/io/FilenameFilter;)[Ljava/lang/String;",
      "Ljava/io/File.listFiles()[Ljava/io/File;",
      "Ljava/io/File.listFiles(Ljava/io/FileFilter;)[Ljava/io/File;",
      "Ljava/io/File.listFiles(Ljava/io/FilenameFilter;)[Ljava/io/File;",
      "Ljava/io/File.mkdir()Z",
      "Ljava/io/File.mkdirs()Z",
      "Ljava/io/File.renameTo(Ljava/io/File;)Z",
      "Ljava/io/File.setLastModified(J)Z",
      "Ljava/io/File.setReadOnly()Z"
    ]
  },
  {
    "frequency": 4,
    "overriddenMethods": [
      "Ljava/io/File.exists()Z"
    ]
  },
  {
    "frequency": 2,
    "overriddenMethods": [
      "Ljava/io/File.canRead()Z",
      "Ljava/io/File.canWrite()Z",
      "Ljava/io/File.createNewFile()Z",
      "Ljava/io/File.delete()Z",
      "Ljava/io/File.exists()Z",
      "Ljava/io/File.getAbsoluteFile()Ljava/io/File;",
      "Ljava/io/File.getCanonicalFile()Ljava/io/File;",
      "Ljava/io/File.getCanonicalPath()Ljava/lang/String;",
      "Ljava/io/File.getParentFile()Ljava/io/File;",
      "Ljava/io/File.isDirectory()Z",
      "Ljava/io/File.isFile()Z",
      "Ljava/io/File.isHidden()Z",
      "Ljava/io/File.lastModified()J",
      "Ljava/io/File.length()J",
      "Ljava/io/File.list()[Ljava/lang/String;",
      "Ljava/io/File.list(Ljava/io/FilenameFilter;)[Ljava/lang/String;",
      "Ljava/io/File.listFiles()[Ljava/io/File;",
      "Ljava/io/File.listFiles(Ljava/io/FileFilter;)[Ljava/io/File;",
      "Ljava/io/File.mkdir()Z",
      "Ljava/io/File.mkdirs()Z",
      "Ljava/io/File.renameTo(Ljava/io/File;)Z",
      "Ljava/io/File.setLastModified(J)Z",
      "Ljava/io/File.setReadOnly()Z"
    ]
  },
  {
    "frequency": 1,
    "overriddenMethods": [
      "Ljava/io/File.equals(Ljava/lang/Object;)Z",
      "Ljava/io/File.getParentFile()Ljava/io/File;"
    ]
  },
  {
    "frequency": 3,
    "overriddenMethods": [
      "Ljava/io/File.isDirectory()Z"
    ]
  },
  {
    "frequency": 2,
    "overriddenMethods": [
      "Ljava/io/File.exists()Z",
      "Ljava/io/File.getAbsolutePath()Ljava/lang/String;",
      "Ljava/io/File.getName()Ljava/lang/String;",
      "Ljava/io/File.getParent()Ljava/lang/String;",
      "Ljava/io/File.getPath()Ljava/lang/String;",
      "Ljava/io/File.isAbsolute()Z",
      "Ljava/io/File.isDirectory()Z",
      "Ljava/io/File.isFile()Z",
      "Ljava/io/File.isHidden()Z",
      "Ljava/io/File.lastModified()J",
      "Ljava/io/File.length()J"
    ]
  },
  {
    "frequency": 2,
    "overriddenMethods": [
      "Ljava/io/File.canRead()Z",
      "Ljava/io/File.canWrite()Z",
      "Ljava/io/File.compareTo(Ljava/io/File;)I",
      "Ljava/io/File.createNewFile()Z",
      "Ljava/io/File.delete()Z",
      "Ljava/io/File.deleteOnExit()V",
      "Ljava/io/File.equals(Ljava/lang/Object;)Z",
      "Ljava/io/File.exists()Z",
      "Ljava/io/File.getAbsoluteFile()Ljava/io/File;",
      "Ljava/io/File.getAbsolutePath()Ljava/lang/String;",
      "Ljava/io/File.getCanonicalFile()Ljava/io/File;",
      "Ljava/io/File.getCanonicalPath()Ljava/lang/String;",
      "Ljava/io/File.getName()Ljava/lang/String;",
      "Ljava/io/File.getParent()Ljava/lang/String;",
      "Ljava/io/File.getParentFile()Ljava/io/File;",
      "Ljava/io/File.getPath()Ljava/lang/String;",
      "Ljava/io/File.hashCode()I",
      "Ljava/io/File.isAbsolute()Z",
      "Ljava/io/File.isDirectory()Z",
      "Ljava/io/File.isFile()Z",
      "Ljava/io/File.isHidden()Z",
      "Ljava/io/File.lastModified()J",
      "Ljava/io/File.length()J",
      "Ljava/io/File.list()[Ljava/lang/String;",
      "Ljava/io/File.list(Ljava/io/FilenameFilter;)[Ljava/lang/String;",
      "Ljava/io/File.listFiles()[Ljava/io/File;",
      "Ljava/io/File.listFiles(Ljava/io/FileFilter;)[Ljava/io/File;",
      "Ljava/io/File.listFiles(Ljava/io/FilenameFilter;)[Ljava/io/File;",
      "Ljava/io/File.mkdir()Z",
      "Ljava/io/File.mkdirs()Z",
      "Ljava/io/File.renameTo(Ljava/io/File;)Z",
      "Ljava/io/File.setLastModified(J)Z",
      "Ljava/io/File.setReadOnly()Z",
      "Ljava/io/File.toString()Ljava/lang/String;",
      "Ljava/io/File.toURL()Ljava/net/URL;"
    ]
  },
  {
    "frequency": 1,
    "overriddenMethods": [
      "Ljava/io/File.equals(Ljava/lang/Object;)Z",
      "Ljava/io/File.hashCode()I"
    ]
  },
  {
    "frequency": 2,
    "overriddenMethods": [
      "Ljava/io/File.canRead()Z",
      "Ljava/io/File.canWrite()Z",
      "Ljava/io/File.compareTo(Ljava/io/File;)I",
      "Ljava/io/File.createNewFile()Z",
      "Ljava/io/File.delete()Z",
      "Ljava/io/File.deleteOnExit()V",
      "Ljava/io/File.equals(Ljava/lang/Object;)Z",
      "Ljava/io/File.exists()Z",
      "Ljava/io/File.getAbsoluteFile()Ljava/io/File;",
      "Ljava/io/File.getAbsolutePath()Ljava/lang/String;",
      "Ljava/io/File.getCanonicalFile()Ljava/io/File;",
      "Ljava/io/File.getCanonicalPath()Ljava/lang/String;",
      "Ljava/io/File.getName()Ljava/lang/String;",
      "Ljava/io/File.getParent()Ljava/lang/String;",
      "Ljava/io/File.getParentFile()Ljava/io/File;",
      "Ljava/io/File.getPath()Ljava/lang/String;",
      "Ljava/io/File.hashCode()I",
      "Ljava/io/File.isAbsolute()Z",
      "Ljava/io/File.isDirectory()Z",
      "Ljava/io/File.isFile()Z",
      "Ljava/io/File.isHidden()Z",
      "Ljava/io/File.lastModified()J",
      "Ljava/io/File.length()J",
      "Ljava/io/File.list()[Ljava/lang/String;",
      "Ljava/io/File.list(Ljava/io/FilenameFilter;)[Ljava/lang/String;",
      "Ljava/io/File.listFiles()[Ljava/io/File;",
      "Ljava/io/File.listFiles(Ljava/io/FileFilter;)[Ljava/io/File;",
      "Ljava/io/File.listFiles(Ljava/io/FilenameFilter;)[Ljava/io/File;",
      "Ljava/io/File.mkdir()Z",
      "Ljava/io/File.mkdirs()Z",
      "Ljava/io/File.renameTo(Ljava/io/File;)Z",
      "Ljava/io/File.setLastModified(J)Z",
      "Ljava/io/File.setReadOnly()Z",
      "Ljava/io/File.toString()Ljava/lang/String;",
      "Ljava/io/File.toURI()Ljava/net/URI;",
      "Ljava/io/File.toURL()Ljava/net/URL;"
    ]
  },
  {
    "frequency": 1,
    "overriddenMethods": [
      "Ljava/io/File.getAbsolutePath()Ljava/lang/String;",
      "Ljava/io/File.getName()Ljava/lang/String;"
    ]
  },
  {
    "frequency": 1,
    "overriddenMethods": [
      "Ljava/io/File.createNewFile()Z",
      "Ljava/io/File.mkdir()Z",
      "Ljava/io/File.mkdirs()Z",
      "Ljava/io/File.renameTo(Ljava/io/File;)Z"
    ]
  },
  {
    "frequency": 1,
    "overriddenMethods": [
      "Ljava/io/File.toString()Ljava/lang/String;"
    ]
  }
]