[
  {
    "frequency": 4,
    "overriddenMethods": []
  },
  {
    "frequency": 6,
    "overriddenMethods": [
      "Ljava/io/OutputStreamWriter.write(I)V",
      "Ljava/io/OutputStreamWriter.write(Ljava/lang/String;II)V",
      "Ljava/io/OutputStreamWriter.write([CII)V"
    ]
  },
  {
    "frequency": 3,
    "overriddenMethods": [
      "Ljava/io/OutputStreamWriter.close()V",
      "Ljava/io/OutputStreamWriter.flush()V",
      "Ljava/io/OutputStreamWriter.write([CII)V"
    ]
  },
  {
    "frequency": 4,
    "overriddenMethods": [
      "Ljava/io/OutputStreamWriter.close()V"
    ]
  },
  {
    "frequency": 2,
    "overriddenMethods": [
      "Ljava/io/OutputStreamWriter.write(I)V"
    ]
  }
]