[
  {
    "frequency": 10,
    "overriddenMethods": []
  },
  {
    "frequency": 5,
    "overriddenMethods": [
      "Ljava/io/PipedInputStream.close()V",
      "Ljava/io/PipedInputStream.read()I"
    ]
  },
  {
    "frequency": 8,
    "overriddenMethods": [
      "Ljava/io/PipedInputStream.read()I"
    ]
  },
  {
    "frequency": 2,
    "overriddenMethods": [
      "Ljava/io/PipedInputStream.receive(I)V"
    ]
  },
  {
    "frequency": 1,
    "overriddenMethods": [
      "Ljava/io/InputStream.read([B)I",
      "Ljava/io/InputStream.reset()V",
      "Ljava/io/PipedInputStream.available()I",
      "Ljava/io/PipedInputStream.read()I",
      "Ljava/io/PipedInputStream.read([BII)I"
    ]
  },
  {
    "frequency": 8,
    "overriddenMethods": [
      "Ljava/io/PipedInputStream.close()V"
    ]
  }
]