[
  {
    "frequency": 29,
    "overriddenMethods": []
  },
  {
    "frequency": 1,
    "overriddenMethods": [
      "Ljavax/swing/tree/DefaultTreeModel.reload()V",
      "Ljavax/swing/tree/DefaultTreeModel.reload(Ljavax/swing/tree/TreeNode;)V"
    ]
  },
  {
    "frequency": 2,
    "overriddenMethods": [
      "Ljavax/swing/tree/DefaultTreeModel.addTreeModelListener(Ljavax/swing/event/TreeModelListener;)V",
      "Ljavax/swing/tree/DefaultTreeModel.removeTreeModelListener(Ljavax/swing/event/TreeModelListener;)V",
      "Ljavax/swing/tree/DefaultTreeModel.valueForPathChanged(Ljavax/swing/tree/TreePath;Ljava/lang/Object;)V"
    ]
  }
]