[
  {
    "frequency": 31,
    "overriddenMethods": [
      "Ljavax/swing/DefaultListCellRenderer.getListCellRendererComponent(Ljavax/swing/JList;Ljava/lang/Object;IZZ)Ljava/awt/Component;"
    ]
  },
  {
    "frequency": 2,
    "overriddenMethods": [
      "Ljavax/swing/DefaultListCellRenderer.getListCellRendererComponent(Ljavax/swing/JList;Ljava/lang/Object;IZZ)Ljava/awt/Component;",
      "Ljavax/swing/JComponent.paint(Ljava/awt/Graphics;)V"
    ]
  },
  {
    "frequency": 2,
    "overriddenMethods": [
      "Ljavax/swing/DefaultListCellRenderer.getListCellRendererComponent(Ljavax/swing/JList;Ljava/lang/Object;IZZ)Ljava/awt/Component;",
      "Ljavax/swing/JComponent.paintComponent(Ljava/awt/Graphics;)V"
    ]
  }
]