[
  {
    "frequency": 1,
    "overriddenMethods": []
  },
  {
    "frequency": 1,
    "overriddenMethods": [
      "Ljavax/swing/DefaultButtonModel.fireActionPerformed(Ljava/awt/event/ActionEvent;)V"
    ]
  },
  {
    "frequency": 2,
    "overriddenMethods": [
      "Ljavax/swing/DefaultButtonModel.setArmed(Z)V"
    ]
  },
  {
    "frequency": 1,
    "overriddenMethods": [
      "Ljavax/swing/DefaultButtonModel.isArmed()Z",
      "Ljavax/swing/DefaultButtonModel.isEnabled()Z",
      "Ljavax/swing/DefaultButtonModel.isPressed()Z",
      "Ljavax/swing/DefaultButtonModel.isRollover()Z",
      "Ljavax/swing/DefaultButtonModel.isSelected()Z"
    ]
  }
]