[
  {
    "frequency": 2,
    "overriddenMethods": []
  },
  {
    "frequency": 1,
    "overriddenMethods": [
      "Ljavax/swing/DefaultCellEditor.getCellEditorValue()Ljava/lang/Object;",
      "Ljavax/swing/DefaultCellEditor.getTreeCellEditorComponent(Ljavax/swing/JTree;Ljava/lang/Object;ZZZI)Ljava/awt/Component;"
    ]
  },
  {
    "frequency": 1,
    "overriddenMethods": [
      "Ljavax/swing/DefaultCellEditor.getTableCellEditorComponent(Ljavax/swing/JTable;Ljava/lang/Object;ZII)Ljava/awt/Component;"
    ]
  },
  {
    "frequency": 4,
    "overriddenMethods": [
      "Ljavax/swing/DefaultCellEditor.getCellEditorValue()Ljava/lang/Object;"
    ]
  }
]