[
  {
    "frequency": 4,
    "overriddenMethods": []
  },
  {
    "frequency": 4,
    "overriddenMethods": [
      "Ljava/awt/Component.isFocusable()Z"
    ]
  },
  {
    "frequency": 1,
    "overriddenMethods": [
      "Ljavax/swing/AbstractButton.createActionPropertyChangeListener(Ljavax/swing/Action;)Ljava/beans/PropertyChangeListener;"
    ]
  },
  {
    "frequency": 1,
    "overriddenMethods": [
      "Ljava/awt/Component.isFocusTraversable()Z",
      "Ljavax/swing/JButton.getAccessibleContext()Ljavax/accessibility/AccessibleContext;",
      "Ljavax/swing/JComponent.isOpaque()Z",
      "Ljavax/swing/JComponent.requestFocus()V"
    ]
  },
  {
    "frequency": 1,
    "overriddenMethods": [
      "Ljavax/swing/AbstractButton.addActionListener(Ljava/awt/event/ActionListener;)V",
      "Ljavax/swing/AbstractButton.removeActionListener(Ljava/awt/event/ActionListener;)V"
    ]
  },
  {
    "frequency": 1,
    "overriddenMethods": [
      "Ljavax/swing/JComponent.addNotify()V"
    ]
  },
  {
    "frequency": 4,
    "overriddenMethods": [
      "Ljavax/swing/AbstractButton.getAction()Ljavax/swing/Action;",
      "Ljavax/swing/AbstractButton.setAction(Ljavax/swing/Action;)V",
      "Ljavax/swing/AbstractButton.setEnabled(Z)V"
    ]
  },
  {
    "frequency": 1,
    "overriddenMethods": [
      "Ljavax/swing/AbstractButton.setText(Ljava/lang/String;)V"
    ]
  },
  {
    "frequency": 1,
    "overriddenMethods": [
      "Ljavax/swing/AbstractButton.setEnabled(Z)V",
      "Ljavax/swing/JComponent.getToolTipLocation(Ljava/awt/event/MouseEvent;)Ljava/awt/Point;",
      "Ljavax/swing/JComponent.setBackground(Ljava/awt/Color;)V"
    ]
  },
  {
    "frequency": 2,
    "overriddenMethods": [
      "Ljavax/swing/AbstractButton.getText()Ljava/lang/String;",
      "Ljavax/swing/AbstractButton.setEnabled(Z)V",
      "Ljavax/swing/AbstractButton.setSelected(Z)V",
      "Ljavax/swing/AbstractButton.setText(Ljava/lang/String;)V"
    ]
  },
  {
    "frequency": 1,
    "overriddenMethods": [
      "Ljavax/swing/AbstractButton.paintBorder(Ljava/awt/Graphics;)V",
      "Ljavax/swing/JComponent.paint(Ljava/awt/Graphics;)V",
      "Ljavax/swing/JComponent.paintChildren(Ljava/awt/Graphics;)V",
      "Ljavax/swing/JComponent.paintComponent(Ljava/awt/Graphics;)V"
    ]
  },
  {
    "frequency": 1,
    "overriddenMethods": [
      "Ljavax/swing/AbstractButton.getSelectedIcon()Ljavax/swing/Icon;",
      "Ljavax/swing/AbstractButton.setSelectedIcon(Ljavax/swing/Icon;)V"
    ]
  },
  {
    "frequency": 1,
    "overriddenMethods": [
      "Ljava/awt/Component.getFont()Ljava/awt/Font;"
    ]
  },
  {
    "frequency": 4,
    "overriddenMethods": [
      "Ljavax/swing/JComponent.getAlignmentY()F"
    ]
  },
  {
    "frequency": 1,
    "overriddenMethods": [
      "Ljavax/swing/AbstractButton.setIcon(Ljavax/swing/Icon;)V",
      "Ljavax/swing/AbstractButton.setPressedIcon(Ljavax/swing/Icon;)V",
      "Ljavax/swing/AbstractButton.setRolloverIcon(Ljavax/swing/Icon;)V"
    ]
  },
  {
    "frequency": 1,
    "overriddenMethods": [
      "Ljavax/swing/AbstractButton.setEnabled(Z)V",
      "Ljavax/swing/JComponent.paintComponent(Ljava/awt/Graphics;)V"
    ]
  },
  {
    "frequency": 1,
    "overriddenMethods": [
      "Ljavax/swing/JComponent.getMaximumSize()Ljava/awt/Dimension;",
      "Ljavax/swing/JComponent.getMinimumSize()Ljava/awt/Dimension;",
      "Ljavax/swing/JComponent.getPreferredSize()Ljava/awt/Dimension;"
    ]
  },
  {
    "frequency": 1,
    "overriddenMethods": [
      "Ljava/awt/Component.isEnabled()Z",
      "Ljava/awt/Component.setName(Ljava/lang/String;)V"
    ]
  },
  {
    "frequency": 1,
    "overriddenMethods": [
      "Ljava/awt/Component.setBounds(IIII)V"
    ]
  }
]