[
  {
    "frequency": 2,
    "overriddenMethods": []
  },
  {
    "frequency": 2,
    "overriddenMethods": [
      "Ljavax/swing/JComponent.paint(Ljava/awt/Graphics;)V",
      "Ljavax/swing/JFileChooser.getIcon(Ljava/io/File;)Ljavax/swing/Icon;",
      "Ljavax/swing/JFileChooser.getSelectedFile()Ljava/io/File;",
      "Ljavax/swing/JFileChooser.getSelectedFiles()[Ljava/io/File;",
      "Ljavax/swing/JFileChooser.getTypeDescription(Ljava/io/File;)Ljava/lang/String;",
      "Ljavax/swing/JFileChooser.isTraversable(Ljava/io/File;)Z"
    ]
  },
  {
    "frequency": 1,
    "overriddenMethods": [
      "Ljavax/swing/JFileChooser.createDialog(Ljava/awt/Component;)Ljavax/swing/JDialog;"
    ]
  },
  {
    "frequency": 2,
    "overriddenMethods": [
      "Ljavax/swing/JFileChooser.getCurrentDirectory()Ljava/io/File;",
      "Ljavax/swing/JFileChooser.setCurrentDirectory(Ljava/io/File;)V"
    ]
  },
  {
    "frequency": 1,
    "overriddenMethods": [
      "Ljavax/swing/JFileChooser.approveSelection()V"
    ]
  }
]