[
  {
    "frequency": 4,
    "overriddenMethods": [
      "Ljavax/swing/AbstractButton.getAction()Ljavax/swing/Action;",
      "Ljavax/swing/AbstractButton.setAction(Ljavax/swing/Action;)V",
      "Ljavax/swing/AbstractButton.setEnabled(Z)V"
    ]
  },
  {
    "frequency": 2,
    "overriddenMethods": [
      "Ljavax/swing/AbstractButton.setText(Ljava/lang/String;)V"
    ]
  },
  {
    "frequency": 1,
    "overriddenMethods": [
      "Ljavax/swing/JComponent.getMaximumSize()Ljava/awt/Dimension;",
      "Ljavax/swing/JComponent.getMinimumSize()Ljava/awt/Dimension;",
      "Ljavax/swing/JComponent.getPreferredSize()Ljava/awt/Dimension;"
    ]
  },
  {
    "frequency": 1,
    "overriddenMethods": [
      "Ljavax/swing/AbstractButton.paintBorder(Ljava/awt/Graphics;)V",
      "Ljavax/swing/JComponent.paint(Ljava/awt/Graphics;)V",
      "Ljavax/swing/JComponent.paintChildren(Ljava/awt/Graphics;)V",
      "Ljavax/swing/JComponent.paintComponent(Ljava/awt/Graphics;)V"
    ]
  }
]