[
  {
    "frequency": 17,
    "overriddenMethods": []
  },
  {
    "frequency": 1,
    "overriddenMethods": [
      "Ljavax/swing/JTable.getCellRenderer(II)Ljavax/swing/table/TableCellRenderer;"
    ]
  },
  {
    "frequency": 12,
    "overriddenMethods": [
      "Ljavax/swing/JTable.getEditingRow()I",
      "Ljavax/swing/JTable.setRowHeight(I)V",
      "Ljavax/swing/JTable.updateUI()V"
    ]
  },
  {
    "frequency": 1,
    "overriddenMethods": [
      "Ljavax/swing/JTable.getPreferredScrollableViewportSize()Ljava/awt/Dimension;"
    ]
  },
  {
    "frequency": 1,
    "overriddenMethods": [
      "Ljavax/swing/JComponent.paint(Ljava/awt/Graphics;)V",
      "Ljavax/swing/JComponent.paintBorder(Ljava/awt/Graphics;)V",
      "Ljavax/swing/JComponent.paintChildren(Ljava/awt/Graphics;)V",
      "Ljavax/swing/JComponent.paintComponent(Ljava/awt/Graphics;)V",
      "Ljavax/swing/JTable.getCellEditor(II)Ljavax/swing/table/TableCellEditor;",
      "Ljavax/swing/JTable.getCellRenderer(II)Ljavax/swing/table/TableCellRenderer;",
      "Ljavax/swing/JTable.getValueAt(II)Ljava/lang/Object;"
    ]
  },
  {
    "frequency": 1,
    "overriddenMethods": [
      "Ljavax/swing/JComponent.getToolTipLocation(Ljava/awt/event/MouseEvent;)Ljava/awt/Point;",
      "Ljavax/swing/JComponent.getTransferHandler()Ljavax/swing/TransferHandler;",
      "Ljavax/swing/JComponent.setToolTipText(Ljava/lang/String;)V",
      "Ljavax/swing/JComponent.setTransferHandler(Ljavax/swing/TransferHandler;)V",
      "Ljavax/swing/JTable.changeSelection(IIZZ)V",
      "Ljavax/swing/JTable.getCellRect(IIZ)Ljava/awt/Rectangle;",
      "Ljavax/swing/JTable.getRowHeight(I)I",
      "Ljavax/swing/JTable.isCellEditable(II)Z",
      "Ljavax/swing/JTable.prepareRenderer(Ljavax/swing/table/TableCellRenderer;II)Ljava/awt/Component;",
      "Ljavax/swing/JTable.rowAtPoint(Ljava/awt/Point;)I",
      "Ljavax/swing/JTable.setColumnModel(Ljavax/swing/table/TableColumnModel;)V",
      "Ljavax/swing/JTable.setModel(Ljavax/swing/table/TableModel;)V",
      "Ljavax/swing/JTable.setRowHeight(I)V",
      "Ljavax/swing/JTable.setRowHeight(II)V"
    ]
  },
  {
    "frequency": 1,
    "overriddenMethods": [
      "Ljavax/swing/JTable.getToolTipText(Ljava/awt/event/MouseEvent;)Ljava/lang/String;"
    ]
  },
  {
    "frequency": 20,
    "overriddenMethods": [
      "Ljavax/swing/JComponent.setFont(Ljava/awt/Font;)V"
    ]
  },
  {
    "frequency": 1,
    "overriddenMethods": [
      "Ljavax/swing/JTable.getDefaultRenderer(Ljava/lang/Class;)Ljavax/swing/table/TableCellRenderer;"
    ]
  },
  {
    "frequency": 1,
    "overriddenMethods": [
      "Ljavax/swing/JTable.getScrollableTracksViewportHeight()Z"
    ]
  },
  {
    "frequency": 1,
    "overriddenMethods": [
      "Ljavax/swing/JTable.createDefaultDataModel()Ljavax/swing/table/TableModel;",
      "Ljavax/swing/JTable.setModel(Ljavax/swing/table/TableModel;)V"
    ]
  }
]