[
  {
    "frequency": 9,
    "overriddenMethods": []
  },
  {
    "frequency": 1,
    "overriddenMethods": [
      "Ljavax/swing/JTree.convertValueToText(Ljava/lang/Object;ZZZIZ)Ljava/lang/String;",
      "Ljavax/swing/JTree.getToolTipText(Ljava/awt/event/MouseEvent;)Ljava/lang/String;"
    ]
  },
  {
    "frequency": 2,
    "overriddenMethods": [
      "Ljavax/swing/JTree.cancelEditing()V",
      "Ljavax/swing/JTree.convertValueToText(Ljava/lang/Object;ZZZIZ)Ljava/lang/String;",
      "Ljavax/swing/JTree.isEditing()Z",
      "Ljavax/swing/JTree.setEditable(Z)V",
      "Ljavax/swing/JTree.setModel(Ljavax/swing/tree/TreeModel;)V",
      "Ljavax/swing/JTree.startEditingAtPath(Ljavax/swing/tree/TreePath;)V",
      "Ljavax/swing/JTree.stopEditing()Z"
    ]
  },
  {
    "frequency": 12,
    "overriddenMethods": [
      "Ljava/awt/Component.setBounds(IIII)V",
      "Ljavax/swing/JComponent.paint(Ljava/awt/Graphics;)V",
      "Ljavax/swing/JTree.setRowHeight(I)V",
      "Ljavax/swing/JTree.updateUI()V"
    ]
  },
  {
    "frequency": 20,
    "overriddenMethods": [
      "Ljavax/swing/JTree.getToolTipText(Ljava/awt/event/MouseEvent;)Ljava/lang/String;"
    ]
  },
  {
    "frequency": 4,
    "overriddenMethods": [
      "Ljavax/swing/JTree.convertValueToText(Ljava/lang/Object;ZZZIZ)Ljava/lang/String;"
    ]
  },
  {
    "frequency": 1,
    "overriddenMethods": [
      "Ljavax/swing/JTree.getDragEnabled()Z",
      "Ljavax/swing/JTree.setDragEnabled(Z)V",
      "Ljavax/swing/JTree.setRootVisible(Z)V"
    ]
  },
  {
    "frequency": 1,
    "overriddenMethods": [
      "Ljava/awt/Component.getBackground()Ljava/awt/Color;",
      "Ljava/awt/Component.setName(Ljava/lang/String;)V",
      "Ljavax/swing/JComponent.getToolTipLocation(Ljava/awt/event/MouseEvent;)Ljava/awt/Point;",
      "Ljavax/swing/JComponent.getTransferHandler()Ljavax/swing/TransferHandler;",
      "Ljavax/swing/JComponent.setToolTipText(Ljava/lang/String;)V",
      "Ljavax/swing/JComponent.setTransferHandler(Ljavax/swing/TransferHandler;)V",
      "Ljavax/swing/JTree.getExpandedDescendants(Ljavax/swing/tree/TreePath;)Ljava/util/Enumeration;",
      "Ljavax/swing/JTree.getPreferredScrollableViewportSize()Ljava/awt/Dimension;",
      "Ljavax/swing/JTree.scrollPathToVisible(Ljavax/swing/tree/TreePath;)V"
    ]
  },
  {
    "frequency": 1,
    "overriddenMethods": [
      "Ljavax/swing/JComponent.getPreferredSize()Ljava/awt/Dimension;"
    ]
  }
]