[
  {
    "frequency": 3,
    "overriddenMethods": [
      "Ljava/util/logging/LogManager.addLogger(Ljava/util/logging/Logger;)Z",
      "Ljava/util/logging/LogManager.getLogger(Ljava/lang/String;)Ljava/util/logging/Logger;",
      "Ljava/util/logging/LogManager.getLoggerNames()Ljava/util/Enumeration;",
      "Ljava/util/logging/LogManager.getProperty(Ljava/lang/String;)Ljava/lang/String;",
      "Ljava/util/logging/LogManager.readConfiguration()V",
      "Ljava/util/logging/LogManager.readConfiguration(Ljava/io/InputStream;)V",
      "Ljava/util/logging/LogManager.reset()V"
    ]
  },
  {
    "frequency": 1,
    "overriddenMethods": [
      "Ljava/util/logging/LogManager.addLogger(Ljava/util/logging/Logger;)Z",
      "Ljava/util/logging/LogManager.addPropertyChangeListener(Ljava/beans/PropertyChangeListener;)V",
      "Ljava/util/logging/LogManager.getLogger(Ljava/lang/String;)Ljava/util/logging/Logger;",
      "Ljava/util/logging/LogManager.getLoggerNames()Ljava/util/Enumeration;",
      "Ljava/util/logging/LogManager.getProperty(Ljava/lang/String;)Ljava/lang/String;",
      "Ljava/util/logging/LogManager.readConfiguration()V",
      "Ljava/util/logging/LogManager.readConfiguration(Ljava/io/InputStream;)V",
      "Ljava/util/logging/LogManager.removePropertyChangeListener(Ljava/beans/PropertyChangeListener;)V",
      "Ljava/util/logging/LogManager.reset()V"
    ]
  },
  {
    "frequency": 7,
    "overriddenMethods": [
      "Ljava/util/logging/LogManager.reset()V"
    ]
  }
]