[
  {
    "frequency": 1,
    "overriddenMethods": []
  },
  {
    "frequency": 9,
    "overriddenMethods": [
      "Ljava/security/AlgorithmParameterGeneratorSpi.engineGenerateParameters()Ljava/security/AlgorithmParameters;",
      "Ljava/security/AlgorithmParameterGeneratorSpi.engineInit(ILjava/security/SecureRandom;)V",
      "Ljava/security/AlgorithmParameterGeneratorSpi.engineInit(Ljava/security/spec/AlgorithmParameterSpec;Ljava/security/SecureRandom;)V"
    ]
  },
  {
    "frequency": 5,
    "overriddenMethods": [
      "Ljava/security/AlgorithmParameterGeneratorSpi.engineInit(ILjava/security/SecureRandom;)V"
    ]
  }
]