[
  {
    "frequency": 1,
    "overriddenMethods": [
      "Ljava/security/KeyFactorySpi.engineGetKeySpec(Ljava/security/Key;Ljava/lang/Class;)Ljava/security/spec/KeySpec;",
      "Ljava/security/KeyFactorySpi.engineTranslateKey(Ljava/security/Key;)Ljava/security/Key;"
    ]
  },
  {
    "frequency": 8,
    "overriddenMethods": [
      "Ljava/security/KeyFactorySpi.engineGeneratePrivate(Ljava/security/spec/KeySpec;)Ljava/security/PrivateKey;",
      "Ljava/security/KeyFactorySpi.engineGeneratePublic(Ljava/security/spec/KeySpec;)Ljava/security/PublicKey;",
      "Ljava/security/KeyFactorySpi.engineGetKeySpec(Ljava/security/Key;Ljava/lang/Class;)Ljava/security/spec/KeySpec;",
      "Ljava/security/KeyFactorySpi.engineTranslateKey(Ljava/security/Key;)Ljava/security/Key;"
    ]
  },
  {
    "frequency": 3,
    "overriddenMethods": [
      "Ljava/security/KeyFactorySpi.engineGeneratePrivate(Ljava/security/spec/KeySpec;)Ljava/security/PrivateKey;",
      "Ljava/security/KeyFactorySpi.engineGeneratePublic(Ljava/security/spec/KeySpec;)Ljava/security/PublicKey;",
      "Ljava/security/KeyFactorySpi.engineGetKeySpec(Ljava/security/Key;Ljava/lang/Class;)Ljava/security/spec/KeySpec;"
    ]
  }
]