[
  {
    "frequency": 5,
    "overriddenMethods": []
  },
  {
    "frequency": 20,
    "overriddenMethods": [
      "Ljava/security/KeyPairGenerator.generateKeyPair()Ljava/security/KeyPair;",
      "Ljava/security/KeyPairGenerator.initialize(ILjava/security/SecureRandom;)V",
      "Ljava/security/KeyPairGenerator.initialize(Ljava/security/spec/AlgorithmParameterSpec;Ljava/security/SecureRandom;)V"
    ]
  },
  {
    "frequency": 1,
    "overriddenMethods": [
      "Ljava/security/KeyPairGenerator.generateKeyPair()Ljava/security/KeyPair;",
      "Ljava/security/KeyPairGenerator.initialize(ILjava/security/SecureRandom;)V"
    ]
  }
]