[
  {
    "frequency": 32,
    "overriddenMethods": [
      "Ljava/security/Permission.equals(Ljava/lang/Object;)Z",
      "Ljava/security/Permission.getActions()Ljava/lang/String;",
      "Ljava/security/Permission.hashCode()I",
      "Ljava/security/Permission.implies(Ljava/security/Permission;)Z",
      "Ljava/security/Permission.toString()Ljava/lang/String;"
    ]
  },
  {
    "frequency": 3,
    "overriddenMethods": [
      "Ljava/security/Permission.equals(Ljava/lang/Object;)Z",
      "Ljava/security/Permission.getActions()Ljava/lang/String;",
      "Ljava/security/Permission.hashCode()I",
      "Ljava/security/Permission.implies(Ljava/security/Permission;)Z",
      "Ljava/security/Permission.newPermissionCollection()Ljava/security/PermissionCollection;"
    ]
  },
  {
    "frequency": 51,
    "overriddenMethods": [
      "Ljava/security/Permission.equals(Ljava/lang/Object;)Z",
      "Ljava/security/Permission.getActions()Ljava/lang/String;",
      "Ljava/security/Permission.hashCode()I",
      "Ljava/security/Permission.implies(Ljava/security/Permission;)Z"
    ]
  }
]