[
  {
    "frequency": 22,
    "overriddenMethods": []
  },
  {
    "frequency": 3,
    "overriddenMethods": [
      "Ljava/lang/ClassLoader.findClass(Ljava/lang/String;)Ljava/lang/Class;",
      "Ljava/lang/ClassLoader.loadClass(Ljava/lang/String;)Ljava/lang/Class;"
    ]
  },
  {
    "frequency": 1,
    "overriddenMethods": [
      "Ljava/lang/ClassLoader.findClass(Ljava/lang/String;)Ljava/lang/Class;",
      "Ljava/lang/ClassLoader.findLibrary(Ljava/lang/String;)Ljava/lang/String;",
      "Ljava/lang/ClassLoader.findResource(Ljava/lang/String;)Ljava/net/URL;",
      "Ljava/lang/ClassLoader.findResources(Ljava/lang/String;)Ljava/util/Enumeration;",
      "Ljava/lang/ClassLoader.getResource(Ljava/lang/String;)Ljava/net/URL;",
      "Ljava/lang/ClassLoader.loadClass(Ljava/lang/String;Z)Ljava/lang/Class;",
      "Ljava/lang/Object.toString()Ljava/lang/String;"
    ]
  },
  {
    "frequency": 11,
    "overriddenMethods": [
      "Ljava/lang/ClassLoader.getResourceAsStream(Ljava/lang/String;)Ljava/io/InputStream;",
      "Ljava/lang/ClassLoader.loadClass(Ljava/lang/String;Z)Ljava/lang/Class;",
      "Ljava/lang/Object.toString()Ljava/lang/String;"
    ]
  },
  {
    "frequency": 2,
    "overriddenMethods": [
      "Ljava/lang/ClassLoader.getResource(Ljava/lang/String;)Ljava/net/URL;",
      "Ljava/lang/ClassLoader.loadClass(Ljava/lang/String;Z)Ljava/lang/Class;"
    ]
  },
  {
    "frequency": 1,
    "overriddenMethods": [
      "Ljava/lang/ClassLoader.loadClass(Ljava/lang/String;Z)Ljava/lang/Class;"
    ]
  },
  {
    "frequency": 1,
    "overriddenMethods": [
      "Ljava/lang/ClassLoader.findClass(Ljava/lang/String;)Ljava/lang/Class;",
      "Ljava/lang/Object.toString()Ljava/lang/String;"
    ]
  },
  {
    "frequency": 2,
    "overriddenMethods": [
      "Ljava/lang/ClassLoader.findClass(Ljava/lang/String;)Ljava/lang/Class;"
    ]
  },
  {
    "frequency": 1,
    "overriddenMethods": [
      "Ljava/lang/ClassLoader.definePackage(Ljava/lang/String;Ljava/lang/String;Ljava/lang/String;Ljava/lang/String;Ljava/lang/String;Ljava/lang/String;Ljava/lang/String;Ljava/net/URL;)Ljava/lang/Package;",
      "Ljava/lang/ClassLoader.findClass(Ljava/lang/String;)Ljava/lang/Class;",
      "Ljava/lang/ClassLoader.findResource(Ljava/lang/String;)Ljava/net/URL;",
      "Ljava/lang/ClassLoader.findResources(Ljava/lang/String;)Ljava/util/Enumeration;",
      "Ljava/lang/ClassLoader.getPackage(Ljava/lang/String;)Ljava/lang/Package;",
      "Ljava/lang/ClassLoader.getPackages()[Ljava/lang/Package;",
      "Ljava/lang/ClassLoader.getResource(Ljava/lang/String;)Ljava/net/URL;",
      "Ljava/lang/ClassLoader.getResourceAsStream(Ljava/lang/String;)Ljava/io/InputStream;",
      "Ljava/lang/ClassLoader.getResources(Ljava/lang/String;)Ljava/util/Enumeration;",
      "Ljava/lang/ClassLoader.loadClass(Ljava/lang/String;)Ljava/lang/Class;",
      "Ljava/lang/ClassLoader.loadClass(Ljava/lang/String;Z)Ljava/lang/Class;"
    ]
  },
  {
    "frequency": 1,
    "overriddenMethods": [
      "Ljava/lang/ClassLoader.loadClass(Ljava/lang/String;)Ljava/lang/Class;"
    ]
  },
  {
    "frequency": 1,
    "overriddenMethods": [
      "Ljava/lang/ClassLoader.findClass(Ljava/lang/String;)Ljava/lang/Class;",
      "Ljava/lang/ClassLoader.findResource(Ljava/lang/String;)Ljava/net/URL;",
      "Ljava/lang/ClassLoader.findResources(Ljava/lang/String;)Ljava/util/Enumeration;",
      "Ljava/security/SecureClassLoader.getPermissions(Ljava/security/CodeSource;)Ljava/security/PermissionCollection;"
    ]
  }
]