[
  {
    "frequency": 4,
    "overriddenMethods": []
  },
  {
    "frequency": 2,
    "overriddenMethods": [
      "Ljava/util/concurrent/ThreadPoolExecutor.beforeExecute(Ljava/lang/Thread;Ljava/lang/Runnable;)V",
      "Ljava/util/concurrent/ThreadPoolExecutor.execute(Ljava/lang/Runnable;)V",
      "Ljava/util/concurrent/ThreadPoolExecutor.remove(Ljava/lang/Runnable;)Z",
      "Ljava/util/concurrent/ThreadPoolExecutor.terminated()V"
    ]
  },
  {
    "frequency": 1,
    "overriddenMethods": [
      "Ljava/util/concurrent/ThreadPoolExecutor.execute(Ljava/lang/Runnable;)V",
      "Ljava/util/concurrent/ThreadPoolExecutor.getRejectedExecutionHandler()Ljava/util/concurrent/RejectedExecutionHandler;",
      "Ljava/util/concurrent/ThreadPoolExecutor.setRejectedExecutionHandler(Ljava/util/concurrent/RejectedExecutionHandler;)V",
      "Ljava/util/concurrent/ThreadPoolExecutor.terminated()V"
    ]
  },
  {
    "frequency": 2,
    "overriddenMethods": [
      "Ljava/util/concurrent/ThreadPoolExecutor.terminated()V"
    ]
  },
  {
    "frequency": 1,
    "overriddenMethods": [
      "Ljava/util/concurrent/ThreadPoolExecutor.execute(Ljava/lang/Runnable;)V",
      "Ljava/util/concurrent/ThreadPoolExecutor.toString()Ljava/lang/String;"
    ]
  },
  {
    "frequency": 4,
    "overriddenMethods": [
      "Ljava/util/concurrent/ThreadPoolExecutor.awaitTermination(JLjava/util/concurrent/TimeUnit;)Z",
      "Ljava/util/concurrent/ThreadPoolExecutor.execute(Ljava/lang/Runnable;)V",
      "Ljava/util/concurrent/ThreadPoolExecutor.getActiveCount()I",
      "Ljava/util/concurrent/ThreadPoolExecutor.getCompletedTaskCount()J",
      "Ljava/util/concurrent/ThreadPoolExecutor.getCorePoolSize()I",
      "Ljava/util/concurrent/ThreadPoolExecutor.getLargestPoolSize()I",
      "Ljava/util/concurrent/ThreadPoolExecutor.getMaximumPoolSize()I",
      "Ljava/util/concurrent/ThreadPoolExecutor.getPoolSize()I",
      "Ljava/util/concurrent/ThreadPoolExecutor.getTaskCount()J",
      "Ljava/util/concurrent/ThreadPoolExecutor.isShutdown()Z",
      "Ljava/util/concurrent/ThreadPoolExecutor.isTerminated()Z",
      "Ljava/util/concurrent/ThreadPoolExecutor.isTerminating()Z",
      "Ljava/util/concurrent/ThreadPoolExecutor.prestartAllCoreThreads()I",
      "Ljava/util/concurrent/ThreadPoolExecutor.prestartCoreThread()Z",
      "Ljava/util/concurrent/ThreadPoolExecutor.purge()V",
      "Ljava/util/concurrent/ThreadPoolExecutor.remove(Ljava/lang/Runnable;)Z",
      "Ljava/util/concurrent/ThreadPoolExecutor.setCorePoolSize(I)V",
      "Ljava/util/concurrent/ThreadPoolExecutor.setMaximumPoolSize(I)V",
      "Ljava/util/concurrent/ThreadPoolExecutor.setRejectedExecutionHandler(Ljava/util/concurrent/RejectedExecutionHandler;)V",
      "Ljava/util/concurrent/ThreadPoolExecutor.shutdown()V",
      "Ljava/util/concurrent/ThreadPoolExecutor.shutdownNow()Ljava/util/List;"
    ]
  },
  {
    "frequency": 4,
    "overriddenMethods": [
      "Ljava/util/concurrent/ThreadPoolExecutor.afterExecute(Ljava/lang/Runnable;Ljava/lang/Throwable;)V"
    ]
  },
  {
    "frequency": 1,
    "overriddenMethods": [
      "Ljava/util/concurrent/AbstractExecutorService.newTaskFor(Ljava/lang/Runnable;Ljava/lang/Object;)Ljava/util/concurrent/RunnableFuture;",
      "Ljava/util/concurrent/AbstractExecutorService.newTaskFor(Ljava/util/concurrent/Callable;)Ljava/util/concurrent/RunnableFuture;",
      "Ljava/util/concurrent/ThreadPoolExecutor.toString()Ljava/lang/String;"
    ]
  },
  {
    "frequency": 4,
    "overriddenMethods": [
      "Ljava/util/concurrent/ThreadPoolExecutor.awaitTermination(JLjava/util/concurrent/TimeUnit;)Z",
      "Ljava/util/concurrent/ThreadPoolExecutor.execute(Ljava/lang/Runnable;)V",
      "Ljava/util/concurrent/ThreadPoolExecutor.getActiveCount()I",
      "Ljava/util/concurrent/ThreadPoolExecutor.getCompletedTaskCount()J",
      "Ljava/util/concurrent/ThreadPoolExecutor.getCorePoolSize()I",
      "Ljava/util/concurrent/ThreadPoolExecutor.getLargestPoolSize()I",
      "Ljava/util/concurrent/ThreadPoolExecutor.getMaximumPoolSize()I",
      "Ljava/util/concurrent/ThreadPoolExecutor.getPoolSize()I",
      "Ljava/util/concurrent/ThreadPoolExecutor.getQueue()Ljava/util/concurrent/BlockingQueue;",
      "Ljava/util/concurrent/ThreadPoolExecutor.getTaskCount()J",
      "Ljava/util/concurrent/ThreadPoolExecutor.isShutdown()Z",
      "Ljava/util/concurrent/ThreadPoolExecutor.isTerminated()Z",
      "Ljava/util/concurrent/ThreadPoolExecutor.isTerminating()Z",
      "Ljava/util/concurrent/ThreadPoolExecutor.prestartAllCoreThreads()I",
      "Ljava/util/concurrent/ThreadPoolExecutor.prestartCoreThread()Z",
      "Ljava/util/concurrent/ThreadPoolExecutor.purge()V",
      "Ljava/util/concurrent/ThreadPoolExecutor.remove(Ljava/lang/Runnable;)Z",
      "Ljava/util/concurrent/ThreadPoolExecutor.setCorePoolSize(I)V",
      "Ljava/util/concurrent/ThreadPoolExecutor.setMaximumPoolSize(I)V",
      "Ljava/util/concurrent/ThreadPoolExecutor.setRejectedExecutionHandler(Ljava/util/concurrent/RejectedExecutionHandler;)V",
      "Ljava/util/concurrent/ThreadPoolExecutor.shutdown()V",
      "Ljava/util/concurrent/ThreadPoolExecutor.shutdownNow()Ljava/util/List;"
    ]
  },
  {
    "frequency": 3,
    "overriddenMethods": [
      "Ljava/util/concurrent/ThreadPoolExecutor.afterExecute(Ljava/lang/Runnable;Ljava/lang/Throwable;)V",
      "Ljava/util/concurrent/ThreadPoolExecutor.execute(Ljava/lang/Runnable;)V"
    ]
  },
  {
    "frequency": 2,
    "overriddenMethods": [
      "Ljava/util/concurrent/ThreadPoolExecutor.afterExecute(Ljava/lang/Runnable;Ljava/lang/Throwable;)V",
      "Ljava/util/concurrent/ThreadPoolExecutor.beforeExecute(Ljava/lang/Thread;Ljava/lang/Runnable;)V"
    ]
  },
  {
    "frequency": 1,
    "overriddenMethods": [
      "Ljava/util/concurrent/ThreadPoolExecutor.execute(Ljava/lang/Runnable;)V"
    ]
  }
]