[
  {
    "frequency": 18,
    "overriddenMethods": []
  },
  {
    "frequency": 3,
    "overriddenMethods": [
      "Ljava/applet/Applet.getAppletInfo()Ljava/lang/String;",
      "Ljava/applet/Applet.init()V"
    ]
  },
  {
    "frequency": 7,
    "overriddenMethods": [
      "Ljava/applet/Applet.start()V"
    ]
  },
  {
    "frequency": 6,
    "overriddenMethods": [
      "Ljava/applet/Applet.init()V",
      "Ljava/applet/Applet.start()V",
      "Ljava/applet/Applet.stop()V"
    ]
  },
  {
    "frequency": 3,
    "overriddenMethods": [
      "Ljava/applet/Applet.init()V",
      "Ljava/applet/Applet.start()V"
    ]
  },
  {
    "frequency": 20,
    "overriddenMethods": [
      "Ljava/applet/Applet.init()V"
    ]
  },
  {
    "frequency": 1,
    "overriddenMethods": [
      "Ljava/applet/Applet.destroy()V",
      "Ljava/applet/Applet.init()V",
      "Ljava/applet/Applet.start()V"
    ]
  },
  {
    "frequency": 4,
    "overriddenMethods": [
      "Ljava/applet/Applet.start()V",
      "Ljava/applet/Applet.stop()V"
    ]
  },
  {
    "frequency": 1,
    "overriddenMethods": [
      "Ljava/awt/Component.getInputContext()Ljava/awt/im/InputContext;"
    ]
  }
]