[
  {
    "frequency": 2,
    "overriddenMethods": []
  },
  {
    "frequency": 1,
    "overriddenMethods": [
      "Ljavax/swing/JComponent.getAlignmentY()F"
    ]
  },
  {
    "frequency": 1,
    "overriddenMethods": [
      "Ljavax/swing/JComboBox.processKeyBinding(Ljavax/swing/KeyStroke;Ljava/awt/event/KeyEvent;IZ)Z",
      "Ljavax/swing/JComponent.setNextFocusableComponent(Ljava/awt/Component;)V"
    ]
  },
  {
    "frequency": 1,
    "overriddenMethods": [
      "Ljavax/swing/JComboBox.updateUI()V"
    ]
  },
  {
    "frequency": 2,
    "overriddenMethods": [
      "Ljavax/swing/JComboBox.getSelectedIndex()I",
      "Ljavax/swing/JComboBox.setRenderer(Ljavax/swing/ListCellRenderer;)V",
      "Ljavax/swing/JComboBox.setSelectedIndex(I)V"
    ]
  },
  {
    "frequency": 2,
    "overriddenMethods": [
      "Ljava/awt/Component.hasFocus()Z",
      "Ljavax/swing/JComboBox.getSelectedIndex()I",
      "Ljavax/swing/JComboBox.setRenderer(Ljavax/swing/ListCellRenderer;)V",
      "Ljavax/swing/JComponent.paint(Ljava/awt/Graphics;)V"
    ]
  },
  {
    "frequency": 1,
    "overriddenMethods": [
      "Ljavax/swing/JComboBox.setEditable(Z)V",
      "Ljavax/swing/JComboBox.setEditor(Ljavax/swing/ComboBoxEditor;)V",
      "Ljavax/swing/JComboBox.setEnabled(Z)V",
      "Ljavax/swing/JComboBox.setModel(Ljavax/swing/ComboBoxModel;)V"
    ]
  },
  {
    "frequency": 1,
    "overriddenMethods": [
      "Ljavax/swing/JComponent.paint(Ljava/awt/Graphics;)V",
      "Ljavax/swing/JComponent.paintBorder(Ljava/awt/Graphics;)V",
      "Ljavax/swing/JComponent.paintChildren(Ljava/awt/Graphics;)V",
      "Ljavax/swing/JComponent.paintComponent(Ljava/awt/Graphics;)V"
    ]
  }
]