[
  {
    "frequency": 22,
    "overriddenMethods": []
  },
  {
    "frequency": 4,
    "overriddenMethods": [
      "Ljava/awt/Component.firePropertyChange(Ljava/lang/String;Ljava/lang/Object;Ljava/lang/Object;)V",
      "Ljava/awt/Container.validate()V",
      "Ljavax/swing/JComponent.firePropertyChange(Ljava/lang/String;ZZ)V",
      "Ljavax/swing/JComponent.isOpaque()Z",
      "Ljavax/swing/JComponent.repaint(JIIII)V",
      "Ljavax/swing/JComponent.repaint(Ljava/awt/Rectangle;)V",
      "Ljavax/swing/JComponent.revalidate()V",
      "Ljavax/swing/JComponent.setBackground(Ljava/awt/Color;)V",
      "Ljavax/swing/JComponent.setForeground(Ljava/awt/Color;)V",
      "Ljavax/swing/JLabel.updateUI()V"
    ]
  },
  {
    "frequency": 1,
    "overriddenMethods": [
      "Ljavax/swing/JComponent.createToolTip()Ljavax/swing/JToolTip;",
      "Ljavax/swing/JComponent.setVisible(Z)V"
    ]
  },
  {
    "frequency": 1,
    "overriddenMethods": [
      "Ljavax/swing/JComponent.getMaximumSize()Ljava/awt/Dimension;",
      "Ljavax/swing/JComponent.getMinimumSize()Ljava/awt/Dimension;",
      "Ljavax/swing/JComponent.getPreferredSize()Ljava/awt/Dimension;",
      "Ljavax/swing/JComponent.setEnabled(Z)V"
    ]
  },
  {
    "frequency": 4,
    "overriddenMethods": [
      "Ljavax/swing/JLabel.setText(Ljava/lang/String;)V"
    ]
  },
  {
    "frequency": 1,
    "overriddenMethods": [
      "Ljavax/swing/JComponent.addNotify()V"
    ]
  },
  {
    "frequency": 1,
    "overriddenMethods": [
      "Ljavax/swing/JLabel.getAccessibleContext()Ljavax/accessibility/AccessibleContext;"
    ]
  },
  {
    "frequency": 2,
    "overriddenMethods": [
      "Ljavax/swing/JComponent.getPreferredSize()Ljava/awt/Dimension;",
      "Ljavax/swing/JComponent.paintComponent(Ljava/awt/Graphics;)V"
    ]
  },
  {
    "frequency": 1,
    "overriddenMethods": [
      "Ljavax/swing/JComponent.getToolTipLocation(Ljava/awt/event/MouseEvent;)Ljava/awt/Point;",
      "Ljavax/swing/JComponent.setToolTipText(Ljava/lang/String;)V",
      "Ljavax/swing/JLabel.setText(Ljava/lang/String;)V"
    ]
  },
  {
    "frequency": 7,
    "overriddenMethods": [
      "Ljavax/swing/JComponent.paintComponent(Ljava/awt/Graphics;)V"
    ]
  },
  {
    "frequency": 2,
    "overriddenMethods": [
      "Ljava/awt/Component.firePropertyChange(Ljava/lang/String;DD)V",
      "Ljava/awt/Component.firePropertyChange(Ljava/lang/String;FF)V",
      "Ljava/awt/Component.firePropertyChange(Ljava/lang/String;JJ)V",
      "Ljava/awt/Component.firePropertyChange(Ljava/lang/String;Ljava/lang/Object;Ljava/lang/Object;)V",
      "Ljava/awt/Component.firePropertyChange(Ljava/lang/String;SS)V",
      "Ljava/awt/Container.validate()V",
      "Ljavax/swing/JComponent.firePropertyChange(Ljava/lang/String;II)V",
      "Ljavax/swing/JComponent.firePropertyChange(Ljava/lang/String;ZZ)V",
      "Ljavax/swing/JComponent.repaint(JIIII)V",
      "Ljavax/swing/JComponent.repaint(Ljava/awt/Rectangle;)V",
      "Ljavax/swing/JComponent.revalidate()V"
    ]
  },
  {
    "frequency": 1,
    "overriddenMethods": [
      "Ljavax/swing/JComponent.setEnabled(Z)V"
    ]
  },
  {
    "frequency": 1,
    "overriddenMethods": [
      "Ljavax/swing/JComponent.addNotify()V",
      "Ljavax/swing/JComponent.getPreferredSize()Ljava/awt/Dimension;",
      "Ljavax/swing/JComponent.getToolTipText()Ljava/lang/String;",
      "Ljavax/swing/JComponent.removeNotify()V",
      "Ljavax/swing/JComponent.reshape(IIII)V",
      "Ljavax/swing/JLabel.updateUI()V"
    ]
  },
  {
    "frequency": 1,
    "overriddenMethods": [
      "Ljavax/swing/JComponent.getMaximumSize()Ljava/awt/Dimension;",
      "Ljavax/swing/JComponent.getMinimumSize()Ljava/awt/Dimension;",
      "Ljavax/swing/JComponent.getPreferredSize()Ljava/awt/Dimension;"
    ]
  },
  {
    "frequency": 2,
    "overriddenMethods": [
      "Ljavax/swing/JLabel.updateUI()V"
    ]
  },
  {
    "frequency": 1,
    "overriddenMethods": [
      "Ljava/awt/Component.firePropertyChange(Ljava/lang/String;BB)V",
      "Ljava/awt/Component.firePropertyChange(Ljava/lang/String;DD)V",
      "Ljava/awt/Component.firePropertyChange(Ljava/lang/String;FF)V",
      "Ljava/awt/Component.firePropertyChange(Ljava/lang/String;JJ)V",
      "Ljava/awt/Component.firePropertyChange(Ljava/lang/String;Ljava/lang/Object;Ljava/lang/Object;)V",
      "Ljava/awt/Component.firePropertyChange(Ljava/lang/String;SS)V",
      "Ljava/awt/Component.getFont()Ljava/awt/Font;",
      "Ljava/awt/Component.repaint()V",
      "Ljava/awt/Container.invalidate()V",
      "Ljava/awt/Container.validate()V",
      "Ljavax/swing/JComponent.firePropertyChange(Ljava/lang/String;CC)V",
      "Ljavax/swing/JComponent.firePropertyChange(Ljava/lang/String;II)V",
      "Ljavax/swing/JComponent.firePropertyChange(Ljava/lang/String;ZZ)V",
      "Ljavax/swing/JComponent.getPreferredSize()Ljava/awt/Dimension;",
      "Ljavax/swing/JComponent.paint(Ljava/awt/Graphics;)V",
      "Ljavax/swing/JComponent.paintComponent(Ljava/awt/Graphics;)V",
      "Ljavax/swing/JComponent.repaint(JIIII)V",
      "Ljavax/swing/JComponent.repaint(Ljava/awt/Rectangle;)V",
      "Ljavax/swing/JComponent.revalidate()V",
      "Ljavax/swing/JComponent.setFont(Ljava/awt/Font;)V"
    ]
  },
  {
    "frequency": 1,
    "overriddenMethods": [
      "Ljava/awt/Component.firePropertyChange(Ljava/lang/String;BB)V",
      "Ljava/awt/Component.firePropertyChange(Ljava/lang/String;DD)V",
      "Ljava/awt/Component.firePropertyChange(Ljava/lang/String;FF)V",
      "Ljava/awt/Component.firePropertyChange(Ljava/lang/String;JJ)V",
      "Ljava/awt/Component.firePropertyChange(Ljava/lang/String;Ljava/lang/Object;Ljava/lang/Object;)V",
      "Ljava/awt/Component.firePropertyChange(Ljava/lang/String;SS)V",
      "Ljava/awt/Container.validate()V",
      "Ljavax/swing/JComponent.firePropertyChange(Ljava/lang/String;CC)V",
      "Ljavax/swing/JComponent.firePropertyChange(Ljava/lang/String;II)V",
      "Ljavax/swing/JComponent.firePropertyChange(Ljava/lang/String;ZZ)V",
      "Ljavax/swing/JComponent.repaint(JIIII)V",
      "Ljavax/swing/JComponent.repaint(Ljava/awt/Rectangle;)V",
      "Ljavax/swing/JComponent.revalidate()V"
    ]
  },
  {
    "frequency": 1,
    "overriddenMethods": [
      "Ljavax/swing/JComponent.getPreferredSize()Ljava/awt/Dimension;",
      "Ljavax/swing/JComponent.paint(Ljava/awt/Graphics;)V",
      "Ljavax/swing/JComponent.setBackground(Ljava/awt/Color;)V"
    ]
  },
  {
    "frequency": 1,
    "overriddenMethods": [
      "Ljavax/swing/JComponent.paint(Ljava/awt/Graphics;)V",
      "Ljavax/swing/JComponent.paintBorder(Ljava/awt/Graphics;)V",
      "Ljavax/swing/JComponent.paintChildren(Ljava/awt/Graphics;)V",
      "Ljavax/swing/JComponent.paintComponent(Ljava/awt/Graphics;)V"
    ]
  }
]