[
  {
    "frequency": 2,
    "overriddenMethods": []
  },
  {
    "frequency": 1,
    "overriddenMethods": [
      "Ljavax/swing/JComponent.getToolTipLocation(Ljava/awt/event/MouseEvent;)Ljava/awt/Point;",
      "Ljavax/swing/JList.getToolTipText(Ljava/awt/event/MouseEvent;)Ljava/lang/String;"
    ]
  },
  {
    "frequency": 1,
    "overriddenMethods": [
      "Ljavax/swing/JList.getToolTipText(Ljava/awt/event/MouseEvent;)Ljava/lang/String;"
    ]
  },
  {
    "frequency": 2,
    "overriddenMethods": [
      "Ljavax/swing/JComponent.setEnabled(Z)V"
    ]
  },
  {
    "frequency": 1,
    "overriddenMethods": [
      "Ljavax/swing/JList.setSelectedValue(Ljava/lang/Object;Z)V"
    ]
  },
  {
    "frequency": 2,
    "overriddenMethods": [
      "Ljavax/swing/JComponent.paint(Ljava/awt/Graphics;)V"
    ]
  },
  {
    "frequency": 3,
    "overriddenMethods": [
      "Ljava/awt/Component.removePropertyChangeListener(Ljava/beans/PropertyChangeListener;)V",
      "Ljava/awt/Container.addPropertyChangeListener(Ljava/beans/PropertyChangeListener;)V",
      "Ljavax/swing/JComponent.getMinimumSize()Ljava/awt/Dimension;"
    ]
  },
  {
    "frequency": 1,
    "overriddenMethods": [
      "Ljavax/swing/JComponent.paint(Ljava/awt/Graphics;)V",
      "Ljavax/swing/JComponent.paintBorder(Ljava/awt/Graphics;)V",
      "Ljavax/swing/JComponent.paintChildren(Ljava/awt/Graphics;)V",
      "Ljavax/swing/JComponent.paintComponent(Ljava/awt/Graphics;)V"
    ]
  }
]