[
  {
    "frequency": 2,
    "overriddenMethods": []
  },
  {
    "frequency": 1,
    "overriddenMethods": [
      "Ljavax/swing/AbstractButton.setText(Ljava/lang/String;)V"
    ]
  },
  {
    "frequency": 4,
    "overriddenMethods": [
      "Ljavax/swing/AbstractButton.getAction()Ljavax/swing/Action;",
      "Ljavax/swing/AbstractButton.setAction(Ljavax/swing/Action;)V",
      "Ljavax/swing/JMenuItem.setEnabled(Z)V"
    ]
  },
  {
    "frequency": 1,
    "overriddenMethods": [
      "Ljava/lang/Object.finalize()V",
      "Ljavax/swing/JComponent.getToolTipText(Ljava/awt/event/MouseEvent;)Ljava/lang/String;"
    ]
  }
]