[
  {
    "frequency": 1,
    "overriddenMethods": [
      "Ljava/awt/Component.getForeground()Ljava/awt/Color;",
      "Ljava/awt/Component.setFocusable(Z)V",
      "Ljavax/swing/JComponent.getToolTipLocation(Ljava/awt/event/MouseEvent;)Ljava/awt/Point;",
      "Ljavax/swing/JComponent.setForeground(Ljava/awt/Color;)V",
      "Ljavax/swing/JPasswordField.getText()Ljava/lang/String;",
      "Ljavax/swing/text/JTextComponent.setEditable(Z)V"
    ]
  },
  {
    "frequency": 1,
    "overriddenMethods": [
      "Ljavax/swing/JComponent.paint(Ljava/awt/Graphics;)V",
      "Ljavax/swing/JComponent.paintBorder(Ljava/awt/Graphics;)V",
      "Ljavax/swing/JComponent.paintChildren(Ljava/awt/Graphics;)V",
      "Ljavax/swing/JComponent.paintComponent(Ljava/awt/Graphics;)V"
    ]
  },
  {
    "frequency": 1,
    "overriddenMethods": [
      "Ljavax/swing/JComponent.getMaximumSize()Ljava/awt/Dimension;",
      "Ljavax/swing/JComponent.getMinimumSize()Ljava/awt/Dimension;",
      "Ljavax/swing/JTextField.getPreferredSize()Ljava/awt/Dimension;"
    ]
  }
]