[
  {
    "frequency": 9,
    "overriddenMethods": []
  },
  {
    "frequency": 1,
    "overriddenMethods": [
      "Ljava/awt/Component.getBackground()Ljava/awt/Color;",
      "Ljavax/swing/JComponent.setBackground(Ljava/awt/Color;)V"
    ]
  },
  {
    "frequency": 5,
    "overriddenMethods": [
      "Ljava/awt/Component.toString()Ljava/lang/String;",
      "Ljavax/swing/JComponent.requestFocus()V",
      "Ljavax/swing/JComponent.setFont(Ljava/awt/Font;)V"
    ]
  },
  {
    "frequency": 1,
    "overriddenMethods": [
      "Ljavax/swing/JComponent.paintComponent(Ljava/awt/Graphics;)V",
      "Ljavax/swing/JScrollPane.setViewportView(Ljava/awt/Component;)V"
    ]
  },
  {
    "frequency": 1,
    "overriddenMethods": [
      "Ljavax/swing/JComponent.paint(Ljava/awt/Graphics;)V",
      "Ljavax/swing/JComponent.paintBorder(Ljava/awt/Graphics;)V",
      "Ljavax/swing/JComponent.paintChildren(Ljava/awt/Graphics;)V",
      "Ljavax/swing/JComponent.paintComponent(Ljava/awt/Graphics;)V"
    ]
  }
]