[
  {
    "frequency": 1,
    "overriddenMethods": []
  },
  {
    "frequency": 1,
    "overriddenMethods": [
      "Lorg/omg/CORBA/ORB.create_abstract_interface_tc(Ljava/lang/String;Ljava/lang/String;)Lorg/omg/CORBA/TypeCode;",
      "Lorg/omg/CORBA/ORB.create_alias_tc(Ljava/lang/String;Ljava/lang/String;Lorg/omg/CORBA/TypeCode;)Lorg/omg/CORBA/TypeCode;",
      "Lorg/omg/CORBA/ORB.create_any()Lorg/omg/CORBA/Any;",
      "Lorg/omg/CORBA/ORB.create_array_tc(ILorg/omg/CORBA/TypeCode;)Lorg/omg/CORBA/TypeCode;",
      "Lorg/omg/CORBA/ORB.create_context_list()Lorg/omg/CORBA/ContextList;",
      "Lorg/omg/CORBA/ORB.create_enum_tc(Ljava/lang/String;Ljava/lang/String;[Ljava/lang/String;)Lorg/omg/CORBA/TypeCode;",
      "Lorg/omg/CORBA/ORB.create_environment()Lorg/omg/CORBA/Environment;",
      "Lorg/omg/CORBA/ORB.create_exception_list()Lorg/omg/CORBA/ExceptionList;",
      "Lorg/omg/CORBA/ORB.create_exception_tc(Ljava/lang/String;Ljava/lang/String;[Lorg/omg/CORBA/StructMember;)Lorg/omg/CORBA/TypeCode;",
      "Lorg/omg/CORBA/ORB.create_fixed_tc(SS)Lorg/omg/CORBA/TypeCode;",
      "Lorg/omg/CORBA/ORB.create_interface_tc(Ljava/lang/String;Ljava/lang/String;)Lorg/omg/CORBA/TypeCode;",
      "Lorg/omg/CORBA/ORB.create_list(I)Lorg/omg/CORBA/NVList;",
      "Lorg/omg/CORBA/ORB.create_named_value(Ljava/lang/String;Lorg/omg/CORBA/Any;I)Lorg/omg/CORBA/NamedValue;",
      "Lorg/omg/CORBA/ORB.create_native_tc(Ljava/lang/String;Ljava/lang/String;)Lorg/omg/CORBA/TypeCode;",
      "Lorg/omg/CORBA/ORB.create_operation_list(Lorg/omg/CORBA/Object;)Lorg/omg/CORBA/NVList;",
      "Lorg/omg/CORBA/ORB.create_output_stream()Lorg/omg/CORBA/portable/OutputStream;",
      "Lorg/omg/CORBA/ORB.create_recursive_sequence_tc(II)Lorg/omg/CORBA/TypeCode;",
      "Lorg/omg/CORBA/ORB.create_recursive_tc(Ljava/lang/String;)Lorg/omg/CORBA/TypeCode;",
      "Lorg/omg/CORBA/ORB.create_sequence_tc(ILorg/omg/CORBA/TypeCode;)Lorg/omg/CORBA/TypeCode;",
      "Lorg/omg/CORBA/ORB.create_string_tc(I)Lorg/omg/CORBA/TypeCode;",
      "Lorg/omg/CORBA/ORB.create_struct_tc(Ljava/lang/String;Ljava/lang/String;[Lorg/omg/CORBA/StructMember;)Lorg/omg/CORBA/TypeCode;",
      "Lorg/omg/CORBA/ORB.create_union_tc(Ljava/lang/String;Ljava/lang/String;Lorg/omg/CORBA/TypeCode;[Lorg/omg/CORBA/UnionMember;)Lorg/omg/CORBA/TypeCode;",
      "Lorg/omg/CORBA/ORB.create_value_box_tc(Ljava/lang/String;Ljava/lang/String;Lorg/omg/CORBA/TypeCode;)Lorg/omg/CORBA/TypeCode;",
      "Lorg/omg/CORBA/ORB.create_value_tc(Ljava/lang/String;Ljava/lang/String;SLorg/omg/CORBA/TypeCode;[Lorg/omg/CORBA/ValueMember;)Lorg/omg/CORBA/TypeCode;",
      "Lorg/omg/CORBA/ORB.create_wstring_tc(I)Lorg/omg/CORBA/TypeCode;",
      "Lorg/omg/CORBA/ORB.get_current()Lorg/omg/CORBA/Current;",
      "Lorg/omg/CORBA/ORB.get_default_context()Lorg/omg/CORBA/Context;",
      "Lorg/omg/CORBA/ORB.get_next_response()Lorg/omg/CORBA/Request;",
      "Lorg/omg/CORBA/ORB.get_primitive_tc(Lorg/omg/CORBA/TCKind;)Lorg/omg/CORBA/TypeCode;",
      "Lorg/omg/CORBA/ORB.list_initial_services()[Ljava/lang/String;",
      "Lorg/omg/CORBA/ORB.object_to_string(Lorg/omg/CORBA/Object;)Ljava/lang/String;",
      "Lorg/omg/CORBA/ORB.perform_work()V",
      "Lorg/omg/CORBA/ORB.poll_next_response()Z",
      "Lorg/omg/CORBA/ORB.resolve_initial_references(Ljava/lang/String;)Lorg/omg/CORBA/Object;",
      "Lorg/omg/CORBA/ORB.run()V",
      "Lorg/omg/CORBA/ORB.send_multiple_requests_deferred([Lorg/omg/CORBA/Request;)V",
      "Lorg/omg/CORBA/ORB.send_multiple_requests_oneway([Lorg/omg/CORBA/Request;)V",
      "Lorg/omg/CORBA/ORB.set_parameters(Ljava/applet/Applet;Ljava/util/Properties;)V",
      "Lorg/omg/CORBA/ORB.set_parameters([Ljava/lang/String;Ljava/util/Properties;)V",
      "Lorg/omg/CORBA/ORB.shutdown(Z)V",
      "Lorg/omg/CORBA/ORB.string_to_object(Ljava/lang/String;)Lorg/omg/CORBA/Object;",
      "Lorg/omg/CORBA/ORB.work_pending()Z"
    ]
  },
  {
    "frequency": 1,
    "overriddenMethods": [
      "Lorg/omg/CORBA/ORB.connect(Lorg/omg/CORBA/Object;)V",
      "Lorg/omg/CORBA/ORB.create_abstract_interface_tc(Ljava/lang/String;Ljava/lang/String;)Lorg/omg/CORBA/TypeCode;",
      "Lorg/omg/CORBA/ORB.create_alias_tc(Ljava/lang/String;Ljava/lang/String;Lorg/omg/CORBA/TypeCode;)Lorg/omg/CORBA/TypeCode;",
      "Lorg/omg/CORBA/ORB.create_any()Lorg/omg/CORBA/Any;",
      "Lorg/omg/CORBA/ORB.create_array_tc(ILorg/omg/CORBA/TypeCode;)Lorg/omg/CORBA/TypeCode;",
      "Lorg/omg/CORBA/ORB.create_context_list()Lorg/omg/CORBA/ContextList;",
      "Lorg/omg/CORBA/ORB.create_enum_tc(Ljava/lang/String;Ljava/lang/String;[Ljava/lang/String;)Lorg/omg/CORBA/TypeCode;",
      "Lorg/omg/CORBA/ORB.create_environment()Lorg/omg/CORBA/Environment;",
      "Lorg/omg/CORBA/ORB.create_exception_list()Lorg/omg/CORBA/ExceptionList;",
      "Lorg/omg/CORBA/ORB.create_exception_tc(Ljava/lang/String;Ljava/lang/String;[Lorg/omg/CORBA/StructMember;)Lorg/omg/CORBA/TypeCode;",
      "Lorg/omg/CORBA/ORB.create_fixed_tc(SS)Lorg/omg/CORBA/TypeCode;",
      "Lorg/omg/CORBA/ORB.create_interface_tc(Ljava/lang/String;Ljava/lang/String;)Lorg/omg/CORBA/TypeCode;",
      "Lorg/omg/CORBA/ORB.create_list(I)Lorg/omg/CORBA/NVList;",
      "Lorg/omg/CORBA/ORB.create_named_value(Ljava/lang/String;Lorg/omg/CORBA/Any;I)Lorg/omg/CORBA/NamedValue;",
      "Lorg/omg/CORBA/ORB.create_native_tc(Ljava/lang/String;Ljava/lang/String;)Lorg/omg/CORBA/TypeCode;",
      "Lorg/omg/CORBA/ORB.create_output_stream()Lorg/omg/CORBA/portable/OutputStream;",
      "Lorg/omg/CORBA/ORB.create_policy(ILorg/omg/CORBA/Any;)Lorg/omg/CORBA/Policy;",
      "Lorg/omg/CORBA/ORB.create_recursive_sequence_tc(II)Lorg/omg/CORBA/TypeCode;",
      "Lorg/omg/CORBA/ORB.create_recursive_tc(Ljava/lang/String;)Lorg/omg/CORBA/TypeCode;",
      "Lorg/omg/CORBA/ORB.create_sequence_tc(ILorg/omg/CORBA/TypeCode;)Lorg/omg/CORBA/TypeCode;",
      "Lorg/omg/CORBA/ORB.create_string_tc(I)Lorg/omg/CORBA/TypeCode;",
      "Lorg/omg/CORBA/ORB.create_struct_tc(Ljava/lang/String;Ljava/lang/String;[Lorg/omg/CORBA/StructMember;)Lorg/omg/CORBA/TypeCode;",
      "Lorg/omg/CORBA/ORB.create_union_tc(Ljava/lang/String;Ljava/lang/String;Lorg/omg/CORBA/TypeCode;[Lorg/omg/CORBA/UnionMember;)Lorg/omg/CORBA/TypeCode;",
      "Lorg/omg/CORBA/ORB.create_value_box_tc(Ljava/lang/String;Ljava/lang/String;Lorg/omg/CORBA/TypeCode;)Lorg/omg/CORBA/TypeCode;",
      "Lorg/omg/CORBA/ORB.create_value_tc(Ljava/lang/String;Ljava/lang/String;SLorg/omg/CORBA/TypeCode;[Lorg/omg/CORBA/ValueMember;)Lorg/omg/CORBA/TypeCode;",
      "Lorg/omg/CORBA/ORB.create_wstring_tc(I)Lorg/omg/CORBA/TypeCode;",
      "Lorg/omg/CORBA/ORB.disconnect(Lorg/omg/CORBA/Object;)V",
      "Lorg/omg/CORBA/ORB.get_default_context()Lorg/omg/CORBA/Context;",
      "Lorg/omg/CORBA/ORB.get_next_response()Lorg/omg/CORBA/Request;",
      "Lorg/omg/CORBA/ORB.get_primitive_tc(Lorg/omg/CORBA/TCKind;)Lorg/omg/CORBA/TypeCode;",
      "Lorg/omg/CORBA/ORB.get_service_information(SLorg/omg/CORBA/ServiceInformationHolder;)Z",
      "Lorg/omg/CORBA/ORB.list_initial_services()[Ljava/lang/String;",
      "Lorg/omg/CORBA/ORB.object_to_string(Lorg/omg/CORBA/Object;)Ljava/lang/String;",
      "Lorg/omg/CORBA/ORB.perform_work()V",
      "Lorg/omg/CORBA/ORB.poll_next_response()Z",
      "Lorg/omg/CORBA/ORB.resolve_initial_references(Ljava/lang/String;)Lorg/omg/CORBA/Object;",
      "Lorg/omg/CORBA/ORB.run()V",
      "Lorg/omg/CORBA/ORB.send_multiple_requests_deferred([Lorg/omg/CORBA/Request;)V",
      "Lorg/omg/CORBA/ORB.send_multiple_requests_oneway([Lorg/omg/CORBA/Request;)V",
      "Lorg/omg/CORBA/ORB.set_parameters(Ljava/applet/Applet;Ljava/util/Properties;)V",
      "Lorg/omg/CORBA/ORB.set_parameters([Ljava/lang/String;Ljava/util/Properties;)V",
      "Lorg/omg/CORBA/ORB.shutdown(Z)V",
      "Lorg/omg/CORBA/ORB.string_to_object(Ljava/lang/String;)Lorg/omg/CORBA/Object;",
      "Lorg/omg/CORBA/ORB.work_pending()Z",
      "Lorg/omg/CORBA_2_3/ORB.lookup_value_factory(Ljava/lang/String;)Lorg/omg/CORBA/portable/ValueFactory;",
      "Lorg/omg/CORBA_2_3/ORB.register_value_factory(Ljava/lang/String;Lorg/omg/CORBA/portable/ValueFactory;)Lorg/omg/CORBA/portable/ValueFactory;",
      "Lorg/omg/CORBA_2_3/ORB.set_delegate(Ljava/lang/Object;)V",
      "Lorg/omg/CORBA_2_3/ORB.unregister_value_factory(Ljava/lang/String;)V"
    ]
  }
]